Date;Blackstone Edge - BLD-01;Blackstone Edge - BLD-02;Blackstone Edge - BLD-03;Bon Vent Vilalba - BVV-01;Bon Vent Vilalba - BVV-02;Bon Vent Vilalba - BVV-03;Bon Vent Vilalba - BVV-04;Bon Vent Vilalba - BVV-05;Bon Vent Vilalba - BVV-06;Bon Vent Vilalba - BVV-07;Bon Vent Vilalba - BVV-08;Bon Vent Vilalba - BVV-09;Bon Vent Vilalba - BVV-10;Bon Vent Vilalba - BVV-11;Bon Vent Vilalba - BVV-12;Bon Vent Vilalba - BVV-13;Bon Vent Vilalba - BVV-14;Bon Vent Vilalba - BVV-15;Bon Vent Vilalba - BVV-16;Bon Vent Vilalba - BVV-17;Bon Vent Vilalba - BVV-18;Bon Vent Vilalba - BVV-19;Bon Vent Vilalba - BVV-20;Bon Vent Vilalba - BVV-21;Bornes - BNE-08;Bornes - BNE-13;Bornes - BNE-24;Budduso - BUD-08;Budduso - BUD-15;Budduso - BUD-22;Budduso - BUD-32;Budduso - BUD-38;Budduso - BUD-47;Campanario - CAM-01;Campanario - CAM-02;Campanario - CAM-03;Campanario - CAM-04;Campanario - CAM-05;Campanario - CAM-06;Campanario - CAM-07;Campanario - CAM-08;Campanario - CAM-09;Campanario - CAM-10;Campanario - CAM-11;Campanario - CAM-12;Campanario - CAM-13;Campanario - CAM-14;Campanario - CAM-15;Campanario - CAM-16;Campanario - CAM-17;Campanario - CAM-18;Campanario - CAM-19;Candeeiros - SCA-04;Candeeiros - SCA-06;Candeeiros - SCA-07;Candeeiros - SCA-16;Candeeiros - SCA-17;Candeeiros - SCA-22;Candeeiros - SCA-35;Carrecastro - EEC-01;Carrecastro - EEC-02;Carrecastro - EEC-03;Carrecastro - EEC-04;Cerros de Radona - CDR-01;Cerros de Radona - CDR-02;Cerros de Radona - CDR-03;Cerros de Radona - CDR-04;Cerros de Radona - CDR-05;Cerros de Radona - CDR-06;Cerros de Radona - CDR-07;Cerros de Radona - CDR-08;Cerros de Radona - CDR-09;Cerros de Radona - CDR-10;Cerros de Radona - CDR-11;Cerros de Radona - CDR-12;Cerros de Radona - CDR-13;Cerros de Radona - CDR-14;Cerros de Radona - CDR-15;Cerros de Radona - CDR-16;Chão Falcão - CHF-01;Chão Falcão - CHF-04;Chão Falcão - CHF-10;Chão Falcão - CHF-12;Chão Falcão - CHS-36;Chão Falcão - CHS-38;Chão Falcão - CHS-39;Chão Falcão - CHS-40;Degracias - DGC-01;Degracias - DGC-02;Degracias - DGC-03;Degracias - DGC-06;Degracias - DGC-07;Degracias - DGC-08;Degracias - DGC-09;Degracias - DGC-10;Degracias - RBL-01;Dehesica - DEH-01;Dehesica - DEH-02;Dehesica - DEH-03;Dehesica - DEH-04;Dehesica - DEH-05;Dehesica - DEH-06;Dehesica - DEH-07;Dehesica - DEH-08;Dehesica - DEH-09;Dehesica - DEH-10;Dehesica - DEH-11;Dehesica - DEH-12;Dehesica - DEH-13;Dehesica - DEH-14;Dehesica - DEH-15;Dehesica - DEH-16;Dehesica - DEH-17;Dehesica - DEH-18;Dehesica - DEH-19;Dehesila - DHL-23;Dehesila - DHL-27;Dehesila - DHL-28;Dehesila - DHL-29;Dehesila - DHL-30;Dehesila - DHL-31;Dehesila - DHL-32;Dehesila - DHL-55;Dehesila - DHL-59;Dehesila - DHL-60;Dehesila - DHL-61;Dehesila - DHL-62;Dehesila - DHL-63;Dehesila - DHL-64;Dehesila - DHL-65;Dehesila - DHL-66;Dehesila - DHL-67;Dehesila - DHL-68;Dehesila - DHL-69;Dehesila - DHL-70;Dehesila - DHL-71;Dehesila - DHL-72;Dehesila - DHL-73;Dehesila - DHL-74;Dehesila - DHL-75;Dehesila - DHS-36;Dehesila - DHS-39;Dehesila - DHS-44;Dehesila - DHS-45;Dehesila - DHS-51;El Nogal - ELN-01;El Nogal - ELN-02;El Nogal - ELN-03;El Nogal - ELN-04;El Nogal - ELN-05;El Nogal - ELN-06;El Nogal - ELN-07;El Nogal - ELN-08;El Nogal - ELN-09;El Nogal - ELN-10;El Nogal - ELN-11;El Nogal - ELN-12;Esquennoy - EQS-01;Esquennoy - EQS-02;Esquennoy - EQS-03;Esquennoy - EQS-04;Esquennoy - EQS-05;Esquileo - ESQ-01;Esquileo - ESQ-02;Esquileo - ESQ-03;Esquileo - ESQ-04;Esquileo - ESQ-05;Esquileo - ESQ-06;Esquileo - ESQ-07;Esquileo - ESQ-08;Esquileo - ESQ-09;Esquileo - ESQ-10;Esquileo - ESQ-11;Esquileo - ESQ-12;Esquileo - ESQ-13;Esquileo - ESQ-14;Esquileo - ESQ-15;Esquileo - ESQ-16;Esquileo - ESQ-17;Esquileo - ESQ-18;Esquileo - ESQ-19;Esquileo - ESQ-20;Esquileo - ESQ-21;Esquileo - ESQ-22;Esquileo - ESQ-24;Esquileo - ESQ-25;Esquileo - ESQ-26;Esquileo - ESQ-44;Esquileo - ESQ-45;Fatarella - FAT-01;Fatarella - FAT-03;Fatarella - FAT-05;Fatarella - FAT-06;Fatarella - FAT-08;Fatarella - FAT-09;Fatarella - FAT-10;Fatarella - FAT-12;Fatarella - FAT-13;Fatarella - FAT-17;Fatarella - FAT-19;Fatarella - FAT-21;Fuentes - FUE-01;Fuentes - FUE-02;Fuentes - FUE-03;Fuentes - FUE-04;Fuentes - FUE-05;Fuentes - FUE-06;Fuentes - FUE-07;Fuentes - FUE-08;Fuentes - FUE-09;Fuente Vain - FUV-01;Fuente Vain - FUV-02;Fuente Vain - FUV-03;Fuente Vain - FUV-04;Fuente Vain - FUV-05;Fuente Vain - FUV-06;Fuente Vain - FUV-07;Fuente Vain - FUV-08;Fuente Vain - FUV-09;Fuente Vain - FUV-10;Fuente Vain - FUV-11;Fuente Vain - FUV-12;Fuente Vain - FUV-13;Fuente Vain - FUV-14;Fuente Vain - FUV-15;Fuente Vain - FUV-16;Gordonstown Hill - GOR-01;Gordonstown Hill - GOR-02;Gordonstown Hill - GOR-03;Gordonstown Hill - GOR-04;Gordonstown Hill - GOR-05;Lousã - LOU-14;Lousã II - LDO-05;Lousã II - LDO-14;Malhadas - MAL-01;Malhadas - MAL-10;Malhadas - MAL-15;Minervino - MIV-21;Minervino - MIV-22;Minervino - MIV-36;Minervino - MIV-39;Munera - MUN-01;Munera - MUN-02;Munera - MUN-03;Munera - MUN-04;Munera - MUN-05;Munera - MUN-06;Munera - MUN-07;Munera - MUN-08;Munera - MUN-09;Munera - MUN-10;Munera - MUN-11;Munera - MUN-12;Munera - MUN-13;Munera - MUN-14;Munera - MUN-15;Munera - MUN-16;Munera - MUN-17;Munera - MUN-18;Munera - MUN-19;Munera - MUN-20;Munera - MUN-21;Munera - MUN-22;Navica - NAV-01;Navica - NAV-02;Navica - NAV-03;Navica - NAV-04;Navica - NAV-05;Navica - NAV-06;Navica - NAV-07;Navica - NAV-08;Navica - NAV-09;Navica - NAV-10;Navica - NAV-11;Navica - NAV-12;Navica - NAV-13;Navica - NAV-14;Navica - NAV-15;Navica - NAV-16;Navica - NAV-17;Navica - NAV-18;Navica - NAV-19;Navica - NAV-20;Noyales - FL595;Noyales - FL601;Noyales - FL602;Noyales - FL603;Noyales - FL604;Pampilhosa - PAP-01;Pampilhosa - PAP-02;Pampilhosa - PAP-04;Pampilhosa - PAP-08;Pampilhosa - PAP-09;Pampilhosa - PAP-11;Pampilhosa - PAP-12;Pampilhosa - PAP-13;Pampilhosa - PAP-14;Pampilhosa - PAP-17;Pampilhosa - PAP-18;Pampilhosa - PAP-19;Pampilhosa - PAP-21;Pampilhosa - PAP-25;Pampilhosa - PAP-28;Pampilhosa - PAP-31;Pampilhosa - PAP-35;Petralia - PET-12;Petralia - PET-14;Petralia - PET-18;Petralia - PET-22;Petralia - PET-23;Petralia - PET-26;Petralia - PET-29;San Lorenzo C - SLC-52;San Lorenzo C - SLC-54;San Lorenzo C - SLC-66;San Lorenzo C - SLC-67;San Lorenzo C - SLC-72;San Lorenzo C - SLC-74;San Lorenzo D - SLD-48;San Lorenzo D - SLD-57;San Lorenzo D - SLD-60;San Lorenzo D - SLD-61;San Lorenzo D - SLD-62;San Lorenzo D - SLD-64;San Lorenzo D - SLD-65;San Lorenzo D - SLD-68;San Lorenzo D - SLD-69;San Lorenzo D - SLD-70;San Lorenzo D - SLD-71;San Lorenzo D - SLD-73;San Lorenzo D - SLD-75;San Lorenzo D - SLD-76;San Lorenzo D - SLD-77;San Lorenzo D - SLD-78;San Lorenzo D - SLD-79;San Lorenzo D - SLD-80;Tedder Hill - TED-01;Tedder Hill - TED-02;Tedder Hill - TED-03;Westfield - WST-01;Westfield - WST-02;Westfield - WST-03;Westfield - WST-04;Wingates - WNT-01;Wingates - WNT-02;Wingates - WNT-03;Wingates - WNT-04;Wingates - WNT-05;Wingates - WNT-06
2024-01-01;;2.6;1.8;;0.7;;;;-0.2;-2.3;-1.7;1.6;-2.8;-2.2;;0.9;;-7.4;;;-3.4;-5.3;-6.9;;;;;;;;;;;;;;-2.7;-8.3;;;9.0;;;;;;;;-6.1;;3.7;;;-1.0;;;;;;;;;;;;;;;;;;;;;;;;;;;;;;;;;;;;;;;;;;;;;;;-2.8;;;;-1.1;;;;;;;;;;;;;;;;;;;;;;;;;;;;;;;;;;;;1.8;;0.4;6.5;;-1.2;;5.2;;5.6;;;;-2.4;4.3;-5.8;-5.1;;;;;;-7.9;;;;;-2.0;6.2;5.2;;;1.5;5.9;-0.2;0.0;-5.4;2.4;-1.3;1.8;;;-1.3;-1.9;;;;;;;;;;;;;;;;;;-5.9;-2.8;-6.1;;-5.7;-2.3;;;-1.8;2.0;;;;;;;-3.2;;;;;-2.3;;;5.1;1.3;-0.9;-3.4;4.1;5.4;;;;;;-0.4;;;;;;;-0.4;-1.6;-2.7;-7.5;;;;-5.1;;;;-2.3;;;-1.3;4.5;-6.3;;-6.0;-2.3;;4.6;;;;;1.2;;;-5.1;;;;;;;4.7;;;-5.4;1.3;2.1;-3.1;-0.9;;;;;;;;;;;-8.9;;;;;;-2.3;;0.1;;-7.2;-4.2;2.5;;-4.2;;;;;;;;;;;;;;;;;;;;;;;;;-6.0;1.3;;-2.7;3.1;;1.6;7.4;3.4;1.8;-6.5;-3.6;4.3
2024-01-02;;2.5;1.8;;0.5;;;;-0.2;-2.2;-1.8;1.5;-2.9;-2.3;;0.9;;-7.5;;;-3.5;-5.4;-7.1;;;;;;;;;;;;;;-2.8;-8.4;;;9.0;;;;;;;;-6.3;;3.7;;;-1.0;;;;;;;;;;;;;;;;;;;;;;;;;;;;;;;;;;;;;;;;;;;;;;;-2.9;;;;-1.2;;;;;;;;;;;;;;;;;;;;;;;;;;;;;;;;;;;;1.8;;0.5;6.7;;-1.3;;5.2;;5.7;;;;-2.2;4.3;-5.7;-4.8;;;;;;-7.9;;;;;-2.1;6.2;5.3;;;1.6;6.0;0.0;0.0;-5.4;2.4;-1.4;1.8;;0.1;-1.2;-1.9;;;;;;;;;;;;;;;;;;-5.8;-2.8;-6.1;;-5.7;-2.4;;;-1.8;2.0;;;;;;;-3.2;;;;;-2.3;;;5.3;1.5;-1.0;-3.3;4.1;5.5;;;;;;-0.3;;;;;;;-0.5;-1.6;-2.8;-7.7;;;;-5.1;;;;-2.4;;;-1.3;4.4;-6.4;;-6.0;-2.4;;4.6;;;;;1.2;;;-5.1;;;;;;;4.7;;;-5.3;1.2;;-3.2;-0.9;;;;;;;;;;;-8.7;;;;;;-2.6;;0.2;;-7.3;-4.2;2.5;;-4.1;;;;;;;;;;;;;;;;;;;;;;;;;-6.4;1.3;4.2;-2.7;3.1;;1.6;7.4;3.4;1.8;-6.5;-3.6;4.3
2024-01-03;;;1.8;;0.3;;;;-0.3;-2.2;-1.8;1.6;-2.8;-2.0;;0.7;;-7.8;;;-3.4;-5.2;-7.2;;;;;;;;;;;;;;-2.8;-8.6;;;9.0;;;;;;;;-6.3;;3.6;;;-1.1;;;;;;;;;;;;;;;;;;;;;;;;;;;;;;;;;;;;;;;;;;;;;;;-2.9;;;;-1.3;;;;;;;;;;;;;;;;;;;;;;;;;;;;;;;;;;;;1.8;;0.7;6.8;;-1.3;;5.3;;5.7;;;;-2.2;4.4;-5.5;-4.7;;;;;;-7.9;;;;;-2.1;6.3;5.5;;;1.7;6.2;0.1;0.1;-5.4;2.4;-1.4;1.9;;0.1;-1.1;-1.7;;;;;;;;;;;;;;;;;;-5.8;-2.7;-6.1;;-5.7;-2.5;;;-1.8;2.3;;;;;;;-3.1;;;;;-2.1;;;5.4;1.4;-1.0;-3.3;4.0;5.6;;;;;;-0.3;;;;;;;-0.6;-1.7;-2.8;-7.8;;;;-5.3;;;;-2.7;;;-1.3;4.4;-6.4;;-6.0;-2.6;;4.6;;;;;1.3;;;-5.1;;;;;;;4.8;;;-5.3;1.0;1.9;-3.3;-0.9;;;;;;;;;;;-8.9;;;;;;-2.5;;0.1;;-7.3;-4.5;2.4;;-4.2;;;;;;;;;;;;;;;;;;;;;;;;;-6.8;1.3;4.2;-2.7;3.1;;1.6;7.4;3.4;1.8;-6.5;-3.6;4.3
2024-01-04;;;1.8;;-0.2;;;;-0.4;-2.1;-1.8;1.6;-2.7;-2.1;;0.6;;-8.4;;;-3.3;-5.2;-7.2;;;;;;;;;;;;;;-2.8;-8.8;;;9.0;;;;;;;;-6.4;;3.6;;;;;;;;;;;;;;;;;;;;;;;;;;;;;;;;;;;;;;;;;;;;;;;;;;-2.9;;;;-1.3;;;;;;;;;;;;;;;;;;;;;;;;;;;;;;;;;;;;1.7;;0.5;6.8;;-1.4;;5.2;;5.7;;;;-2.1;4.5;-5.6;-4.6;;;;;;-7.8;;;;;-2.2;6.2;5.6;;;1.7;6.3;0.0;0.0;-5.4;2.5;-1.5;1.9;;0.0;-1.1;-1.8;;;;;;;;;;;;;;;;;;-5.8;-2.7;-6.1;;-5.9;-2.5;;;-1.8;2.3;;;;;;;-3.1;;;;;-1.8;;;5.4;1.5;-0.9;-3.3;4.0;5.8;;;;;;-0.2;;;;;;;-0.7;-1.6;-2.8;-7.8;;;;-5.3;;;;-2.7;;;-1.4;4.3;-6.4;;-6.1;-2.6;;4.6;;;;;1.3;;;-5.1;;;;;;;4.8;;;-5.3;0.9;2.0;-3.2;-1.0;;;;;;;;;;;-8.9;;;;;;-2.4;;0.0;;-7.5;-4.5;2.4;;-4.4;;;;;;;;;;;;;;;;;;;;;;;;;-7.1;1.3;4.1;-2.7;3.1;;1.6;7.5;3.5;1.9;-6.5;-3.4;4.3
2024-01-05;;;;;-0.2;;;;-0.2;-2.1;-1.8;1.6;-2.6;-2.0;;0.8;;-8.4;;;-3.3;-5.2;-7.3;;;;;;;;;;;;;;-2.7;-8.8;;;9.0;;;;;;;;-6.3;;3.7;;;;;;;;;;;;;;;;;;;;;;;;;;;;;;;;;;;;;;;;;;;;;;;;;;-2.9;;;;-1.3;;;;;;;;;;;;;;;;;;;;;;;;;;;;;;;;;;;;1.8;;0.6;6.8;;-1.3;;5.2;;5.6;;;;-2.0;4.6;-5.5;-4.6;;;;;;-7.7;;;;;-2.2;6.3;5.6;;;1.7;6.4;0.0;0.1;-5.4;2.6;-1.5;2.0;;0.4;-1.0;-1.6;;;;;;;;;;;;;;;;;;-5.7;-2.7;-6.1;;-5.9;-2.3;;;-1.9;2.3;;;;;;;-3.1;;;;;-1.8;;;5.4;1.4;-0.9;-3.3;4.0;5.8;;;;;;-0.2;;;;;;;-0.7;-1.6;-2.8;-7.8;;;;-5.3;;;;-2.7;;;-1.4;4.3;-6.4;;-6.0;-2.5;;4.6;;;;;1.3;;;-5.1;;;;;;;4.8;;;-5.4;0.9;2.4;-3.2;-1.1;;;;;;;;;;;-8.6;;;;;;-2.5;;0.0;;-7.5;-4.9;2.5;;-4.7;;;;;;;;;;;;;;;;;;;;;;;;;-7.7;1.3;4.0;-2.7;3.0;;1.7;7.5;3.5;1.8;-6.4;-3.3;4.3
2024-01-06;;;1.8;;-0.2;;;;;;;;;;;;;-8.0;;;;;;;;;;;;;;;;;;;-2.7;-8.6;;;9.0;;;;;;;;-6.3;;3.7;;;;;;;;;;;;;;;;;;;;;;;;;;;;;;;;;;;;;;;;;;;;;;;;;;-2.9;;;;-1.3;;;;;;;;;;;;;;;;;;;;;;;;;;;;;;;;;;;;2.0;;0.8;6.8;;-1.3;;5.2;;5.7;;;;-2.0;4.5;-5.4;-4.5;;;;;;-7.8;;;;;-2.2;6.2;5.8;;;1.7;6.6;0.0;0.2;-5.4;2.6;-1.3;1.9;;0.4;-1.1;-1.5;;;;;;;;;;;;;;;;;;-5.6;-2.7;-6.1;;-5.8;-2.1;;;-1.7;2.4;;;;;;;-3.0;;;;;-1.9;;;5.4;1.3;-0.8;-3.3;4.1;5.7;;;;;;-0.3;;;;;;;-0.7;-1.7;-2.9;-7.7;;;;-5.4;;;;-2.6;;;-1.4;4.3;-6.3;;-6.1;-2.4;;4.6;;;;;1.3;;;-5.1;;;;;;;4.8;;;-5.4;0.9;2.8;-3.1;-1.0;;;;;;;;;;;-8.5;;;;;;-2.5;;0.0;;-7.5;-5.0;2.4;;-4.9;;;;;;;;;;;;;;;;;;;;;;;;;-7.2;1.4;3.9;-2.6;2.9;;1.6;7.5;3.5;1.7;-6.5;-3.1;4.4
2024-01-07;;;1.9;;0.2;;;;-0.2;-2.1;;;;;;;;-7.5;;;;-5.3;;;;;;;;;;;;;;;-2.6;-8.6;;;9.0;;;;;;;;-6.2;;3.7;;;;;;;;;;;;;;;;;;;;;;;;;;;;;;;;;;;;;;;;;;;;;;;;;;-2.9;;;;-1.3;;;;;;;;;;;;;;;;;;;;;;;;;;;;;;;;;;;;2.2;;0.7;6.8;;-1.2;;5.3;;5.7;;;;-1.9;4.5;-5.3;-4.5;;;;;;-7.8;;;;;-2.2;6.2;5.9;;;1.9;6.4;0.0;0.2;-5.3;2.5;-1.2;1.8;;0.6;-0.9;-1.5;;;;;;;;;;;;;;;;;;-5.5;-2.7;-6.1;;-5.7;-2.2;;;-1.8;2.4;;;;;;;-2.9;;;;;-1.9;;;5.3;1.3;-0.8;-3.4;4.2;5.6;;;;;;-0.3;;;;;;;-0.7;-1.7;-2.9;-7.7;;;;-5.4;;;;-2.5;;;-1.3;4.4;-6.3;;-6.1;-2.4;;4.6;;;;;1.2;;;-5.1;;;;;;;4.9;;;-5.4;0.8;2.9;-3.0;-1.0;;;;;;;;;;;-8.4;;;;;;;;0.0;;-7.4;-4.9;2.8;;-5.0;;;;;;;;;;;;;;;;;;;;;;;;;-6.9;1.3;;-2.5;2.8;;1.6;7.6;3.5;1.7;-6.4;-2.9;4.3
2024-01-08;;;1.9;;0.3;;;;-0.3;-2.1;-1.7;1.8;-2.7;-2.0;;1.1;;-7.7;;;-3.4;-5.1;-7.7;;;;;;;;;;;;;;-2.6;-8.4;;;9.0;;;;;;;;-6.3;;3.7;;;;;;;;;;;;;;;;;;;;;;;;;;;;;;;;;;;;;;;;;;;;;;;;;;-2.9;;;;-1.2;;;;;;;;;;;;;;;;;;;;;;;;;;;;;;;;;;;;2.2;;0.7;6.9;;-1.3;;5.3;;5.7;;;;-1.8;4.5;-5.3;-4.4;;;;;;-7.7;;;;;-2.1;6.4;5.9;;;2.0;6.4;0.0;0.2;-5.3;2.6;-1.2;1.9;;0.6;-0.9;-1.5;;;;;;;;;;;;;;;;;;-5.5;-2.7;-6.0;;-5.6;-2.1;;;-1.8;2.4;;;;;;;-2.9;;;;;-2.0;;;5.3;1.2;-0.8;-3.4;4.2;5.7;;;;;;-0.4;;;;;;;-0.8;-1.8;-2.9;-7.7;;;;-5.4;;;;-2.5;;;-1.3;4.5;-6.2;;-6.2;-2.4;;4.7;;;;;1.3;;;-5.1;;;;;;;4.9;;;-5.4;;;-3.0;-1.1;;;;;;;;;;;-8.0;;;;;;-2.5;;0.0;;-7.4;-4.7;2.9;;-5.2;;;;;;;;;;;;;;;;;;;;;;;;;-6.8;1.2;3.7;-2.5;2.9;;1.6;7.7;3.4;1.7;-6.4;-2.7;4.3
2024-01-09;;;2.0;;0.0;;;;-0.4;-2.1;-1.8;1.8;-2.7;-1.9;;1.1;;-8.1;;;-3.4;-5.0;-7.8;;;;;;;;;;;;;;-2.5;-8.4;;;8.9;;;;;;;;-6.1;;3.7;;;;;;;;;;;;;;;;;;;;;;;;;;;;;;;;;;;;;;;;;;;;;;;;;;-2.8;;;;-1.1;;;;;;;;;;;;;;;;;;;;;;;;;;;;;;;;;;;;2.2;;0.5;6.8;;;;5.3;;5.7;;;;-1.7;4.4;-5.4;-4.6;;;;;;-7.6;;;;;-2.1;6.4;5.9;;;2.0;6.6;0.1;0.2;-5.5;2.6;-1.2;1.9;;0.6;-0.9;-1.5;;;;;;;;;;;;;;;;;;-5.5;-2.6;-6.0;;-5.7;-2.0;;;-1.8;2.4;;;;;;;-2.9;;;;;-2.3;;;5.4;1.2;-0.8;-3.5;4.2;5.7;;;;;;-0.4;;;;;;;-0.8;-1.7;-2.9;-7.7;;;;-5.3;;;;-2.6;;;-1.3;4.4;-6.3;;-6.0;-2.4;;4.7;;;;;1.3;;;-5.1;;;;;;;5.0;;;-5.3;0.8;;;-1.0;;;;;;;;;;;-7.4;;;;;;-2.6;;0.1;;-7.3;-4.6;2.7;;-5.1;;;;;;;;;;;;;;;;;;;;;;;;;;1.2;3.8;-2.4;3.0;;1.6;7.7;3.4;1.6;-6.4;-2.6;4.4
2024-01-10;;;2.1;;-0.2;;;;-0.2;-2.3;-2.0;1.8;-2.6;-1.9;;1.1;;-8.4;;;-3.0;-4.7;-8.1;;;;;;;;;;;;;;-2.4;-8.6;;;8.9;;;;;;;;-6.2;;3.6;;;;;;;;;;;;;;;;;;;;;;;;;;;;;;;;;;;;;;;;;;;;;;;;;;-2.8;;;;-1.1;;;;;;;;;;;;;;;;;;;;;;;;;;;;;;;;;;;;2.2;;0.6;6.8;;;;5.3;;5.7;;;;-1.7;4.4;-5.4;-4.5;;;;;;-7.6;;;;;-2.1;6.5;5.9;;;1.8;6.7;0.2;0.2;-5.3;2.7;-1.1;2.0;;0.4;-0.9;-1.6;;;;;;;;;;;;;;;;;;-5.4;-2.6;-5.9;;-5.7;-2.0;;;-1.8;2.6;;;;;;;-2.8;;;;;-2.3;;;5.5;1.0;-0.8;-3.5;4.1;5.5;;;;;;-0.4;;;;;;;-0.8;-1.8;-3.0;;;;;-5.4;;;;-2.7;;;-1.3;4.5;-6.5;;-6.1;-2.4;;4.7;;;;;1.3;;;-5.1;;;;;;;5.0;;;-5.3;0.8;;-3.0;-1.0;;;;;;;;;;;-6.6;;;;;;-2.9;;0.1;;-7.4;-5.0;2.7;;-5.3;;;;;;;;;;;;;;;;;;;;;;;;;-6.7;1.3;3.9;-2.4;3.0;;1.5;7.8;3.4;1.6;-6.5;-2.5;4.4
2024-01-11;;;2.2;;0.3;;;;0.2;-2.3;-1.8;1.9;-2.5;-1.8;;1.5;;-8.7;;;-2.3;-4.5;-8.1;;;;;;;;;;;;;;-2.3;-8.5;;;8.9;;;;;;;;-6.2;;3.7;;;;;;;;;;;;;;;;;;;;;;;;;;;;;;;;;;;;;;;;;;;;;;;;;;-2.7;;;;-1.0;;;;;;;;;;;;;;;;;;;;;;;;;;;;;;;;;;;;2.3;;0.4;6.8;;;;5.3;;5.7;;;;-1.5;4.4;-5.5;-4.5;;;;;;-7.5;;;;;-2.3;6.4;6.0;;;1.8;6.7;0.3;0.1;-5.3;2.7;-1.2;1.9;;0.5;-1.1;-1.8;;;;;;;;;;;;;;;;;;-5.5;-2.6;-5.9;;-5.7;-1.9;;;-2.0;2.4;;;;;;;-2.9;;;;;-2.2;;;5.5;0.9;-0.7;;4.1;5.5;;;;;;-0.4;;;;;;;-0.7;-1.7;-2.9;;;;;-5.4;;;;-2.7;;;-1.3;4.5;-6.5;;-6.0;-2.5;;4.7;;;;;1.3;;;-5.0;;;;;;;5.0;;;-5.4;0.9;3.3;-3.0;-1.0;;;;;;;;;;;0.9;;;;;;-3.1;;0.0;;-7.4;-5.5;2.2;;-5.4;;;;;;;;;;;;;;;;;;;;;;;;;-6.2;1.4;3.9;-2.4;3.0;;1.5;7.9;3.3;1.5;-6.5;-2.3;4.5
2024-01-12;;;2.3;;0.4;;;;0.3;-2.6;-2.0;1.8;-2.5;-2.0;;1.3;;-8.8;;;-1.8;-4.8;-8.3;;;;;;;;;;;;;;-2.2;-8.6;;;8.9;;;;;;;;-6.1;;3.7;;;;;;;;;;;;;;;;;;;;;;;;;;;;;;;;;;;;;;;;;;;;;;;;;;-2.8;;;;-1.0;;;;;;;;;;;;;;;;;;;;;;;;;;;;;;;;;;;;2.4;;0.4;6.9;;;;5.4;;5.7;;;;-1.4;4.4;-5.4;-4.5;;;;;;-7.3;;;;;-2.2;6.4;5.8;;;1.9;6.8;0.1;0.1;-5.2;2.9;-1.1;2.0;;0.6;-1.1;-1.7;;;;;;;;;;;;;;;;;;-5.5;-2.6;-6.0;;-5.7;-2.0;;;-1.9;2.5;;;;;;;-2.9;;;;;-2.1;;;5.4;0.9;-0.7;-3.5;4.1;5.7;;;;;;;;;;;;;-0.6;-1.7;-2.9;;;;;-5.4;;;;-2.7;;;-1.4;4.5;-6.4;;-1.5;-2.5;;4.7;;;;;1.3;;;-5.0;;;;;;;5.0;;;-5.3;1.2;3.5;-2.9;-1.0;;;;;;;;;;;;;;;;;;;0.0;;-7.4;-5.5;2.2;;-5.4;;;;;;;;;;;;;;;;;;;;;;;;;-5.6;1.4;3.8;-2.4;2.9;;1.5;8.1;3.3;1.5;-6.4;-2.2;4.5
2024-01-13;;;2.3;;0.4;;;;0.4;-2.7;-2.0;1.7;-2.5;;;1.2;;;;;-1.6;;;;;;;;;;;;;;;;-2.2;-8.8;;;8.9;;;;;;;;-6.1;;3.7;;;;;;;;;;;;;;;;;;;;;;;;;;;;;;;;;;;;;;;;;;;;;;;;;;-2.8;;;;-1.1;;;;;;;;;;;;;;;;;;;;;;;;;;;;;;;;;;;;2.5;;0.4;7.1;;;;5.3;;5.7;;;;-1.5;4.4;-5.5;-4.4;;;;;;-7.2;;;;;-2.4;6.5;5.7;;;2.1;6.7;0.0;-0.1;-5.3;3.1;-1.1;2.0;;0.7;-1.1;-1.9;;;;;;;;;;;;;;;;;;-5.5;-2.6;-6.0;;-5.7;-2.1;;;-2.0;2.5;;;;;;;-3.0;;;;;-2.1;;;5.4;0.8;-0.7;-3.5;4.1;5.7;;;;;;-0.4;;;;;;;-0.6;-1.7;-2.9;;;;;-5.4;;;;-2.8;;;-1.4;4.5;-6.4;;-1.5;-2.5;;4.6;;;;;1.3;;;-5.0;;;;;;;5.0;;;-5.3;1.2;3.5;-2.7;-1.0;;;;;;;;;;;;;;;;;;;-0.1;;-7.5;-5.6;2.2;;-5.4;;;;;;;;;;;;;;;;;;;;;;;;;-5.4;1.4;3.8;-2.3;2.9;;1.5;8.0;3.3;1.5;-6.4;-2.1;4.5
2024-01-14;;;2.3;;0.4;;;;0.3;-2.5;-1.9;1.7;-2.5;-2.0;;1.2;;-8.8;;;-1.4;-4.8;-8.2;;;;;;;;;;;;;;-2.2;-8.9;;;8.9;;;;;;;;-6.1;;3.7;;;;;;;;;;;;;;;;;;;;;;;;;;;;;;;;;;;;;;;;;;;;;;;;;;-2.8;;;;-1.1;;;;;;;;;;;;;;;;;;;;;;;;;;;;;;;;;;;;2.4;;0.4;7.0;;;;5.3;;5.8;;;;-1.5;4.5;-5.6;-4.3;;;;;;-7.3;;;;;-2.2;6.4;5.8;;;2.1;6.6;-0.1;-0.2;-5.4;2.9;-1.2;1.9;;0.6;-1.1;-1.9;;;;;;;;;;;;;;;;;;-5.6;-2.7;-6.0;;-5.7;-2.0;;;-2.0;2.6;;;;;;;-2.9;;;;;-2.0;;;5.5;0.8;-0.7;-3.5;4.0;;;;;;;-0.3;;;;;;;;-1.7;-2.9;;;;;;;;;-2.7;;;-1.3;4.5;;;-1.6;-2.5;;4.6;;;;;1.3;;;-5.0;;;;;;;4.9;;;-5.3;;;-2.7;-0.9;;;;;;;;;;;1.0;;;;;;;;-0.2;;-7.4;-5.8;2.2;;-5.6;;;;;;;;;;;;;;;;;;;;;;;;;-5.8;1.4;3.9;-2.3;2.8;;1.5;8.0;3.2;1.5;-6.5;-2.0;4.6
2024-01-15;;;2.2;;0.6;;;;0.4;-2.6;-1.9;1.8;-2.4;-1.9;;1.3;;-8.6;;;-0.9;-4.7;-8.2;;;;;;;;;;;;;;-2.3;-9.0;;;9.0;;;;;;;;-6.1;;3.7;;;;;;;;;;;;;;;;;;;;;;;;;;;;;;;;;;;;;;;;;;;;;;;;;;-2.8;;;;-1.1;;;;;;;;;;;;;;;;;;;;;;;;;;;;;;;;;;;;2.3;;0.4;7.0;;;;5.4;;5.8;;;;-1.5;4.5;-5.5;-4.4;;;;;;-7.3;;;;;-2.2;6.4;5.9;;;2.2;6.6;0.1;-0.1;-5.4;3.0;-1.2;2.0;;0.6;-1.1;-1.8;;;;;;;;;;;;;;;;;;-5.5;-2.6;-6.0;;-5.7;-2.1;;;-2.1;2.8;;;;;;;-2.8;;;;;-1.9;;;5.5;0.8;-0.8;-3.5;4.0;;;;;;;;;;;;;;;;;;;;;;;;;-2.7;;;;;;;-1.6;-2.4;;4.6;;;;;1.3;;;-5.0;;;;;;;4.9;;;-5.4;1.2;3.3;-2.7;-0.8;;;;;;;;;;;1.1;;;;;;;;-0.1;;-7.3;-5.7;4.6;;-5.7;;;;;;;;;;;;;;;;;;;;;;;;;-5.8;1.4;4.0;-2.3;2.9;;1.5;8.0;3.2;1.5;-6.5;-2.0;4.7
2024-01-16;;;2.2;;0.7;;;;0.5;-2.6;-1.8;1.8;-2.4;-1.8;;1.3;;-8.3;;;-0.4;-4.7;-7.8;;;;;;;;;;;;;;-2.3;-9.1;;;9.1;;;;;;;;-6.1;;3.7;;;;;;;;;;;;;;;;;;;;;;;;;;;;;;;;;;;;;;;;;;;;;;;;;;-2.8;;;;-1.1;;;;;;;;;;;;;;;;;;;;;;;;;;;;;;;;;;;;2.3;;0.4;7.0;;;;5.4;;5.9;;;;-1.5;4.5;-5.4;-4.3;;;;;;-7.3;;;;;-2.3;6.4;5.9;;;2.2;6.7;0.1;-0.1;-5.5;2.9;-1.2;2.0;;0.6;-1.1;-1.8;;;;;;;;;;;;;;;;;;-5.4;-2.6;-6.0;;-5.7;-2.0;;;-2.1;2.9;;;;;;;-2.7;;;;;-1.9;;;5.4;0.8;-0.8;-3.3;4.1;5.7;;;;;;-0.2;;;;;;;;-1.6;-2.8;;;;;-5.5;;;;-2.7;;;-1.3;4.5;-6.3;;-1.7;-2.5;;4.7;;;;;1.3;;;-5.0;;;;;;;4.9;;;-5.4;1.2;3.4;-2.5;-0.9;;;;;;;;;;;1.2;;;;;;;;0.0;;-7.3;-5.3;6.1;;-5.7;;;;;;;;;;;;;;;;;;;;;;;;;-6.2;1.3;4.1;-2.3;2.8;;1.6;8.0;3.2;1.4;-6.5;-2.0;4.6
2024-01-17;;;2.3;;0.9;;;;0.5;-2.6;-1.9;1.8;-2.3;-1.9;;1.3;;-7.8;;;0.2;-4.6;-7.7;;;;;;;;;;;;;;;-9.2;;;;;;;;;;;;;;;;;;;;;;;;;;;;;;;;;;;;;;;;;;;;;;;;;;;;;;;;;;;;;;;-2.8;;;;-1.2;;;;;;;;;;;;;;;;;;;;;;;;;;;;;;;;;;;;2.4;;0.4;7.0;;;;;;;;;;-1.3;;;;;;;;;-7.3;;;;;-2.2;6.5;6.1;;;2.2;6.8;0.1;-0.1;-5.4;2.9;-1.2;2.0;;0.6;-1.1;-1.7;;;;;;;;;;;;;;;;;;;;-5.9;;-5.7;;;;-2.1;;;;;;;;;;;;;;;;;0.8;-0.8;-3.3;4.2;5.6;;;;;;-0.1;;;;;;;;-1.7;-2.8;;;;;-5.5;;;;-2.7;;;-1.3;4.5;-6.5;;-1.7;-2.5;;4.7;;;;;1.3;;;-5.0;;;;;;;4.8;;;-5.4;0.9;3.4;-2.5;-0.9;;;;;;;;;;;1.3;;;;;;;;0.0;;-7.3;-5.4;8.1;;-5.8;;;;;;;;;;;;;;;;;;;;;;;;;-6.5;1.3;4.1;-2.3;2.8;;1.6;8.1;3.2;1.5;-6.5;-2.0;4.7
2024-01-18;;;2.2;;0.9;;;;0.6;-2.6;-1.8;1.8;-2.3;-1.8;;1.4;;-7.9;;;1.2;-4.6;-7.4;;;;;;;;;;;;;;-2.2;-9.0;;;9.2;;;;;;;;-6.0;;3.7;;;;;;;;;;;;;;;;;;;;;;;;;;;;;;;;;;;;;;;;;;;;;;;;;;-2.8;;;;-1.2;;;;;;;;;;;;;;;;;;;;;;;;;;;;;;;;;;;;2.4;;0.4;7.2;;;;5.4;;5.8;;;;-1.2;4.5;-5.3;-4.3;;;;;;-7.2;;;;;-2.2;6.5;6.0;;;2.3;6.9;0.3;-0.1;-5.3;2.8;-1.2;2.0;;0.5;-1.1;-1.7;;;;;;;;;;;;;;;;;;-5.5;-2.6;-5.9;;-5.7;-1.8;;;-2.1;2.8;;;;;;;-2.6;;;;;-1.9;;;5.3;0.9;-0.7;-3.4;4.1;5.6;;;;;;-0.1;;;;;;;;-1.7;-2.8;;;;;-5.5;;;;-2.8;;;-1.2;4.6;-6.5;;-1.9;-2.6;;4.7;;;;;1.3;;;-5.0;;;;;;;4.9;;;-5.4;0.9;3.1;-2.5;-0.9;;;;;;;;;;;1.3;;;;;;;;0.1;;-7.2;-5.4;39.4;;-5.6;;;;;;;;;;;;;;;;;;;;;;;;;-6.5;1.3;4.2;-2.3;2.7;-2.7;1.7;8.0;3.3;1.5;-6.5;-1.9;4.7
2024-01-19;;;2.1;;0.9;;;;0.6;-2.5;-1.8;1.9;-2.3;-1.8;;1.5;;-8.1;;;0.2;-4.4;-7.3;;;;;;;;;;;;;;;-8.9;;;9.2;;;;;;;;-5.8;;3.7;;;;;;;;;;;;;;;;;;;;;;;;;;;;;;;;;;;;;;;;;;;;;;;;;;-2.8;;;;-1.2;;;;;;;;;;;;;;;;;;;;;;;;;;;;;;;;;;;;2.5;;0.4;7.3;;;;5.4;;5.7;;;;-1.1;4.5;-5.3;-4.2;;;;;;-7.3;;;;;-2.0;6.5;6.1;;;2.5;6.9;0.4;-0.1;-5.3;3.0;-1.0;2.0;;0.7;-1.0;-1.7;;;;;;;;;;;;;;;;;;-5.4;-2.6;-5.9;;-5.6;-1.6;;;-2.1;2.8;;;;;;;-2.6;;;;;-1.9;;;5.3;0.9;-0.7;-3.3;4.1;5.6;;;;;;-0.1;;;;;;;-0.1;-1.7;-2.8;;;;;-5.5;;;;-2.8;;;-1.2;4.4;-6.6;;-1.8;-2.6;;4.7;;;;;1.3;;;-5.0;;;;;;;4.9;;;-5.3;;;;;;;;;;;;;;;1.2;;;;;;;;0.2;;-7.1;-5.3;39.5;;-5.8;;;;;;;;;;;;;;;;;;;;;;;;;-6.4;1.3;4.3;-2.3;2.7;-2.6;1.8;8.0;3.2;1.4;-6.5;-2.0;4.7
2024-01-20;;;2.1;;0.7;;;;0.5;-2.5;-1.8;1.8;-2.3;-1.9;;1.6;;-8.0;;;0.2;-4.3;-7.3;;;;;;;;;;;;;;-2.2;-8.8;;;9.1;;;;;;;;-5.9;;3.7;;;;;;;;;;;;;;;;;;;;;;;;;;;;;;;;;;;;;;;;;;;;;;;;;;-2.8;;;;-1.2;;;;;;;;;;;;;;;;;;;;;;;;;;;;;;;;;;;;2.6;;0.5;7.2;;;;5.3;;5.7;;;;-0.9;4.5;-5.2;-4.2;;;;;;-7.3;;;;;-1.9;6.5;6.0;;;2.4;6.8;0.3;0.0;-5.3;3.0;-1.1;2.0;;0.9;-1.1;-1.6;;;;;;;;;;;;;;;;;;-5.3;-2.7;-6.0;;-5.6;-1.5;;;-2.2;2.8;;;;;;;-2.7;;;;;-1.9;;;5.2;0.9;-0.7;-3.3;4.1;5.4;;;;;;-0.1;;;;;;;-0.2;-1.8;-2.9;;;;;-5.5;;;;-2.9;;;-1.2;4.4;-6.6;;-2.0;-2.7;;4.6;;;;;1.3;;;-5.0;;;;;;;4.9;;;-5.4;;;-2.5;-0.9;;;;;;;;;;;1.3;;;;;;;;0.2;;-7.1;-5.3;39.5;;-5.6;;;;;;;;;;;;;;;;;;;;;;;;;-6.4;1.3;4.4;-2.3;2.7;-2.6;1.8;8.0;3.2;1.4;-6.4;-2.0;4.7
2024-01-21;;;;;0.6;;;;0.5;-2.5;-1.9;1.9;-2.3;-2.0;;1.7;;-7.9;;;0.3;-4.3;-7.4;;;;;;;;;;;;;;-2.1;-8.9;;;9.3;;;;;;;;-5.9;;3.6;;;;;;;;;;;;;;;;;;;;;;;;;;;;;;;;;;;;;;;;;;;;;;;;;;-2.7;;;;-1.2;;;;;;;;;;;;;;;;;;;;;;;;;;;;;;;;;;;;2.5;;0.5;7.1;;;;5.2;;5.7;;;;-1.0;4.5;-5.3;-4.3;;;;;;-7.4;;;;;-1.9;6.5;6.0;;;2.2;6.8;0.3;-0.1;-5.4;2.8;-1.1;2.0;;0.8;-1.0;-1.7;;;;;;;;;;;;;;;;;;-5.2;-2.7;-6.0;;-5.7;-1.6;;;-2.3;2.9;;;;;;;-2.7;;;;;-1.9;;;5.2;0.9;-0.6;-3.3;4.2;5.5;;;;;;-0.1;;;;;;;-0.1;-1.7;-2.9;;;;;-5.4;;;;-2.8;;;-1.2;4.5;-6.5;;-2.0;-2.6;;4.6;;;;;1.3;;;-4.9;;;;;;;4.8;;;-5.4;1.1;3.3;-2.4;-0.9;;;;;;;;;;;1.4;;;;;;-3.4;;0.2;;-7.0;-5.3;39.4;;-5.6;;;;;;;;;;;;;;;;;;;;;;;;;;1.3;4.5;-2.3;2.7;-2.5;1.8;8.0;3.2;1.4;-6.4;-2.0;4.7
2024-01-22;;;;;0.6;;;;0.5;-2.4;-1.8;1.9;-2.2;-2.0;;1.8;;-7.9;;;0.3;-4.2;-7.4;;;;;;;;;;;;;;-2.2;-9.0;;;9.3;;;;;;;;-6.1;;3.6;;;;;;;;;;;;;;;;;;;;;;;;;;;;;;;;;;;;;;;;;;;;;;;;;;-2.7;;;;-1.2;;;;;;;;;;;;;;;;;;;;;;;;;;;;;;;;;;;;2.4;;0.5;7.2;;;;5.3;;5.8;;;;-1.0;4.5;-5.3;-4.1;;;;;;-7.4;;;;;-1.9;6.4;6.0;;;2.3;6.9;0.4;-0.1;-5.4;2.8;-1.0;2.0;;0.8;-1.0;-1.7;;;;;;;;;;;;;;;;;;-5.2;-2.6;-5.9;;-5.6;-1.7;;;-2.3;2.9;;;;;;;-2.6;;;;;-1.7;;;5.3;;-0.6;-3.4;4.1;;;;;;;-0.2;;;;;;;-0.3;-1.7;-2.9;;;;;-5.4;;;;-2.6;;;-1.2;4.6;-6.6;;-2.0;-2.6;;4.6;;;;;1.3;;;-4.9;;;;;;;4.8;;;-5.4;1.1;3.2;-2.3;-0.9;;;;;;;;;;;1.5;;;;;;-3.4;;0.3;;-7.0;-5.1;39.5;;-5.5;;;;;;;;;;;;;;;;;;;;;;;;;;1.3;;-2.3;2.7;-2.4;1.8;;;;;;
2024-01-23;;;2.0;;0.6;;;;0.6;-2.4;-1.9;1.9;-2.2;-1.9;;1.8;;-7.6;;;0.3;-4.2;-7.3;;;;;;;;;;;;;;-2.2;-9.0;;;9.2;;;;;;;;-6.1;;3.6;;;;;;;;;;;;;;;;;;;;;;;;;;;;;;;;;;;;;;;;;;;;;;;;;;-2.7;;;;-1.3;;;;;;;;;;;;;;;;;;;;;;;;;;;;;;;;;;;;2.3;;0.4;7.2;;;;5.4;;5.8;;;;-1.1;4.5;-5.3;-4.0;;;;;;-7.5;;;;;-1.9;6.4;6.1;;;2.3;7.0;0.4;-0.1;-5.4;2.8;-1.1;1.8;;0.8;-1.1;-1.8;;;;;;;;;;;;;;;;;;-5.1;-2.5;-5.9;;-5.7;-1.8;;;-2.6;2.9;;;;;;;-2.8;;;;;-1.5;;;5.3;0.7;-0.6;-3.4;4.1;5.5;;;;;;-0.4;;;;;;;-0.5;-1.6;-2.9;;;;;-5.3;;;;-2.5;;;-1.2;4.6;-6.5;;-2.1;-2.5;;4.6;;;;;1.2;;;-4.9;;;;;;;4.8;;;-5.5;1.1;2.3;-2.2;-0.9;;;;;;;;;;;1.7;;;;;;-3.5;;0.3;;-6.9;-5.1;39.5;;-5.3;;;;;;;;;;;;;;;;;;;;;;;;;-6.8;1.3;4.6;-2.4;2.7;-2.3;1.7;8.0;3.1;1.4;-6.5;-2.0;4.6
2024-01-24;;;2.0;;0.5;;;;0.5;-2.4;-1.9;1.8;-2.4;-2.0;;1.6;;-7.9;;;0.3;-4.3;-7.3;;;;;;;;;;;;;;-2.2;-8.7;;;9.2;;;;;;;;-6.1;;3.5;;;;;;;;;;;;;;;;;;;;;;;;;;;;;;;;;;;;;;;;;;;;;;;;;;-2.7;;;;-1.3;;;;;;;;;;;;;;;;;;;;;;;;;;;;;;;;;;;;;;;;;;;5.4;;5.8;;;;-1.2;4.4;-5.3;-4.0;;;;;;;;;;;;;;;;;;;;;;;;;;;;;;;;;;;;;;;;;;;;;-5.1;-2.6;-5.8;;-5.7;-2.0;;;-3.1;2.8;;;;;;;-2.9;;;;;-1.7;;;5.2;0.7;-0.7;-3.4;4.1;5.4;;;;;;-0.5;;;;;;;-0.4;-1.5;-2.7;;;;;-5.2;;;;-2.5;;;-1.2;4.6;-6.3;;-2.0;-2.5;;4.6;;;;;1.2;;;-4.9;;;;;;;;;;;1.0;1.2;-2.1;-0.9;;;;;;;;;;;1.7;;;;;;-4.1;;0.3;;-7.0;-4.7;39.5;;-5.3;;;;;;;;;;;;;;;;;;;;;;;;;-7.1;1.3;4.6;-2.4;2.7;-2.3;1.7;8.1;3.1;1.4;-6.6;-2.0;4.6
2024-01-25;;;2.0;;0.5;;;;0.5;-2.3;-1.8;1.9;-2.6;-2.1;;1.6;;-7.8;;;0.3;-4.3;-7.5;;;;;;;;;;;;;;-2.2;-8.9;;;9.1;;;;;;;;-5.9;;3.5;;;;;;;;;;;;;;;;;;;;;;;;;;;;;;;;;;;;;;;;;;;;;;;;;;-2.7;;;;-1.4;;;;;;;;;;;;;;;;;;;;;;;;;;;;;;;;;;;;2.4;;;7.2;;;;5.4;;5.8;;;;-1.2;4.4;-5.3;-4.0;;;;;;-7.3;;;;;-2.0;6.3;6.1;;;2.5;7.0;0.3;0.0;-5.4;2.7;-1.2;1.9;;0.7;-1.1;-1.9;;;;;;;;;;;;;;;;;;-5.1;-2.5;-5.6;;-5.7;-2.0;;;-3.3;2.7;;;;;;;-3.1;;;;;-1.8;;;5.2;0.7;-0.7;-3.4;4.1;5.4;;;;;;-0.6;;;;;;;-0.6;-1.6;-2.7;;;;;-5.3;;;;-2.5;;;-1.2;4.6;-6.2;;-2.0;-2.5;;4.6;;;;;1.2;;;-4.9;;;;;;;4.7;;;-5.4;1.1;0.1;-2.1;-0.9;;;;;;;;;;;1.8;;;;;;-4.1;;0.3;;-6.9;-4.3;39.4;;-5.3;;;;;;;;;;;;;;;;;;;;;;;;;-6.9;1.3;4.6;-2.4;2.7;-2.3;1.6;8.1;3.1;1.5;-6.6;-2.1;4.6
2024-01-26;;;2.0;;0.6;;;;0.4;-2.3;-1.7;2.0;-2.6;-2.0;;1.6;;-8.1;;;0.4;-4.3;-7.5;;;;;;;;;;;;;;-2.4;-8.9;;;9.2;;;;;;;;-5.6;;3.5;;;;;;;;;;;;;;;;;;;;;;;;;;;;;;;;;;;;;;;;;;;;;;;;;;-2.7;;;;-1.4;;;;;;;;;;;;;;;;;;;;;;;;;;;;;;;;;;;;2.4;;0.2;7.3;;;;5.4;;5.9;;;;-1.3;4.3;-5.3;-4.0;;;;;;-7.1;;;;;-2.0;6.3;6.1;;;2.4;7.0;0.4;-0.1;-5.5;2.8;-1.1;2.0;;0.4;-1.2;-1.9;;;;;;;;;;;;;;;;;;-5.0;-2.4;-5.6;;-5.7;-2.0;;;-3.3;2.7;;;;;;;-3.0;;;;;-1.7;;;5.3;0.8;-0.7;-3.3;4.1;5.4;;;;;;-0.6;;;;;;;-0.6;-1.6;-2.6;;;;;-5.2;;;;-2.6;;;-1.3;4.6;-6.4;;-2.1;-2.5;;4.6;;;;;1.2;;;-4.9;;;;;;;4.7;;;-5.4;1.0;-0.3;-2.0;-0.9;;;;;;;;;;;1.8;;;;;;-4.3;;0.3;;-6.9;-4.2;39.4;;-5.3;;;;;;;;;;;;;;;;;;;;;;;;;-7.2;1.4;4.6;-2.4;2.8;-2.2;1.7;8.1;3.1;1.4;-6.6;-2.1;4.6
2024-01-27;;;1.9;;0.4;;;;0.4;-2.3;-1.9;2.0;-2.3;-1.9;;1.6;;-8.1;;;0.6;-4.3;-7.5;;;;;;;;;;;;;;-2.4;-9.1;;;9.3;;;;;;;;-5.5;;3.5;;;;;;;;;;;;;;;;;;;;;;;;;;;;;;;;;;;;;;;;;;;;;;;;;;-2.6;;;;-1.5;;;;;;;;;;;;;;;;;;;;;;;;;;;;;;;;;;;;2.4;;0.1;7.3;;;;5.4;;5.9;;;;-1.4;4.3;-5.5;-4.0;;;;;;-6.9;;;;;-2.0;6.3;6.0;;;2.5;7.2;0.5;-0.2;-5.7;2.8;-1.4;2.0;;0.4;-1.3;-2.0;;;;;;;;;;;;;;;;;;-5.0;-2.5;-5.7;;-6.0;-2.0;;;-3.6;2.7;;;;;;;-3.1;;;;;-1.7;;;5.2;0.8;-0.7;-3.3;4.2;5.3;;;;;;-0.6;;;;;;;-0.4;-1.5;-2.4;;;;;-5.1;;;;-2.6;;;-1.3;4.6;-6.5;;-2.2;-2.6;;4.6;;;;;1.2;;;-4.9;;;;;;;4.7;;;-5.3;1.0;-1.9;-2.0;;;;;;;;;;;;1.8;;;;;;-4.3;;0.4;;-6.9;-4.3;39.4;;-5.3;;;;;;;;;;;;;;;;;;;;;;;;;-7.2;1.4;;-2.5;2.7;-2.2;1.7;8.0;3.0;1.5;-6.5;-2.2;4.6
2024-01-28;;;1.8;;0.3;;;;0.4;-2.3;-1.8;2.1;-2.2;-2.0;;1.5;;-7.8;;;0.7;-4.3;-7.5;;;;;;;;;;;;;;-2.5;-8.9;;;9.3;;;;;;;;-5.5;;3.5;;;;;;;;;;;;;;;;;;;;;;;;;;;;;;;;;;;;;;;;;;;;;;;;;;-2.6;;;;-1.6;;;;;;;;;;;;;;;;;;;;;;;;;;;;;;;;;;;;2.4;;-0.1;7.3;;;;5.4;;5.8;;;;-1.4;4.2;-5.5;-3.9;;;;;;-6.9;;;;;-2.0;6.2;6.0;;;2.3;7.3;0.4;-0.2;-5.8;2.9;-1.4;1.8;;0.4;-1.5;-2.2;;;;;;;;;;;;;;;;;;-5.0;-2.4;-5.7;;-6.1;-2.0;;;-3.8;2.7;;;;;;;-3.2;;;;;-1.7;;;5.2;1.0;-0.8;-3.3;4.2;5.4;;;;;;-0.6;;;;;;;-0.2;-1.3;-2.2;;;;;-5.1;;;;-2.6;;;-1.3;4.7;-6.5;;-2.2;-2.5;;4.6;;;;;1.2;;;-4.9;;;;;;;4.7;;;-5.2;0.9;-2.5;-2.1;-0.9;;;;;;;;;;;1.8;;;;;;-4.2;;0.4;;-7.0;-4.3;39.4;;-5.1;;;;;;;;;;;;;;;;;;;;;;;;;-7.4;1.4;;-2.5;2.7;-2.2;1.7;8.0;3.0;1.5;-6.5;-2.3;4.7
2024-01-29;;;1.8;;0.3;;;;0.5;-2.2;-1.8;2.1;-2.2;-1.8;;1.5;;-7.7;;;1.0;-4.2;-7.3;;;;;;;;;;;;;;-2.4;-8.8;;;9.3;;;;;;;;-5.4;;3.4;;;;;;;;;;;;;;;;;;;;;;;;;;;;;;;;;;;;;;;;;;;;;;;;;;-2.6;;;;-1.6;;;;;;;;;;;;;;;;;;;;;;;;;;;;;;;;;;;;2.3;;0.1;7.2;;;;5.4;;5.8;;;;-1.3;4.2;-5.4;-3.8;;;;;;-6.8;;;;;-2.0;6.1;5.8;;;2.5;7.3;0.2;-0.4;-5.8;2.9;-1.7;1.7;;0.3;-1.6;-2.3;;;;;;;;;;;;;;;;;;-4.8;-2.4;-5.8;;-6.1;-2.0;;;-4.0;2.7;;;;;;;-3.0;;;;;-1.7;;;5.3;1.1;-0.6;-3.3;4.2;5.2;;;;;;-0.6;;;;;;;0.0;-1.3;-2.2;;;-6.6;;-5.0;;;;-2.8;;;-1.3;4.6;-6.4;;-2.3;-2.6;;4.6;;;;;1.2;;;-4.9;;;;;;;4.7;;;-5.3;0.9;-3.0;-2.1;-0.9;;;;;;;;;;;1.9;;;;;;-4.7;;0.5;;-7.0;-4.4;39.4;;-4.9;;;;;;;;;;;;;;;;;;;;;;;;;-7.5;1.4;4.7;-2.5;2.7;-2.2;1.6;7.9;2.9;1.5;-6.6;-2.4;4.7
2024-01-30;;;1.8;;0.3;;;;0.5;;;2.1;-2.3;-1.8;;;;;;;1.1;;-7.3;;;;;;;;;;;;;;-2.5;3.6;;;9.3;;;;;;;;-5.4;;3.5;;;;;;;;;;;;;;;;;;;;;;;;;;;;;;;;;;;;;;;;;;;;;;;;;;-2.6;;;;-1.6;;;;;;;;;;;;;;;;;;;;;;;;;;;;;;;;;;;;2.3;;-0.1;7.4;;;;5.4;;5.7;;;;-1.3;4.2;-5.5;-3.8;;;;;;-6.6;;;;;-2.1;6.0;5.8;;;2.4;7.3;0.2;-0.4;-6.0;2.8;-1.8;1.6;;0.1;-1.6;-2.1;;;;;;;;;;;;;;;;;;-4.7;-2.4;-5.8;;-6.2;-2.0;;;-4.0;2.7;;;;;;;-3.1;;;;;-1.8;;;5.3;1.2;-0.6;-3.3;4.2;5.0;;;;;;-0.7;;;;;;;-0.2;-1.3;-2.1;;;-6.5;;-5.1;;;;-2.8;;;-1.3;4.6;-6.5;;-2.3;-2.6;;4.6;;;;;1.2;;;-5.0;;;;;;;4.7;;;-5.3;1.1;-2.7;-1.9;-0.8;;;;;;;;;;;1.8;;;;;;-5.1;;0.5;;-7.0;-4.5;39.5;;-4.7;;;;;;;;;;;;;;;;;;;;;;;;;-7.4;1.5;4.6;-2.6;2.7;-2.2;1.7;7.8;2.8;1.5;-6.7;-2.6;4.7
2024-01-31;;2.9;1.7;;0.2;;;;0.6;-2.2;-1.9;2.1;-2.4;-1.9;;1.5;;-7.8;;;1.1;-4.1;-7.3;;;;;;;;;;;;;;-2.6;3.4;;;9.2;;;;;;;;-5.0;;3.3;;;;;;;;;;;;;;;;;;;;;;;;;;;;;;;;;;;;;;;;;;;;;;;;;;-2.6;;;;-1.5;;;;;;;;;;;;;;;;;;;;;;;;;;;;;;;;;;;;2.3;;-0.1;7.4;;;;5.3;;5.6;;;;-1.3;4.1;-5.5;-3.8;;;;;;-6.7;;;;;-2.2;6.0;5.9;;;2.5;7.5;0.2;-0.4;-6.0;2.9;-1.8;1.6;;0.0;-1.7;-2.3;;;;;;;;;;;;;;;;;;-4.8;-2.4;-5.9;;-6.3;-2.0;;;-4.1;2.6;;;;;;;-2.9;;;;;-1.7;;;5.3;1.4;-0.7;-3.2;4.2;5.0;;;;;;-0.8;;;;;;;-0.4;;-2.0;;;-6.6;;-5.0;;;;-3.0;;;-1.4;4.7;-6.4;;-2.3;-2.8;;4.6;;;;;1.2;;;-5.0;;;;;;;4.7;;;-5.4;1.1;-3.4;-1.7;;;;;;;;;;;;2.0;;;;;;-4.9;;0.5;;-7.0;-4.5;39.4;;-4.7;;;;;;;;;;;;;;;;;;;;;;;;;-7.2;;4.7;-2.6;2.8;-2.2;1.8;7.8;2.8;1.5;-6.7;-2.7;4.7
2024-02-01;;2.9;1.7;;0.3;;;;0.6;-2.3;-2.0;2.0;-2.3;-2.0;;1.5;;-8.0;;;1.3;-4.3;-7.3;;;;;;;;;;;;;;-2.5;3.4;;;9.1;;;;;;;;-4.3;;3.2;;;;;;;;;;;;;;;;;;;;;;;;;;;;;;;;;;;;;;;;;;;;;;;;;;-2.6;;;;;;;;;;;;;;;;;;;;;;;;;;;;;;;;;;;;;;;;2.1;;-0.1;7.4;;;;5.4;;5.6;;;;-1.3;4.1;-5.4;-3.8;;;;;;-6.7;;;;;-2.2;5.9;6.0;;;2.5;7.5;0.2;-0.5;-6.1;2.8;-1.9;1.6;;-0.1;-1.7;-2.3;;;;;;;;;;;;;;;;;;-4.8;-2.6;-5.9;;-6.3;-2.0;;;-4.1;2.6;;;;;;;-3.0;;;;;-1.8;;;5.0;1.4;-0.7;-3.3;4.1;5.0;;;;;;-0.8;;;;;;;-0.5;-1.3;-2.1;;;-6.5;;-5.0;;;;-2.9;;;-1.5;4.6;-6.3;;-2.3;-2.8;;4.6;;;;;;;;;;;;;;;;;;;1.2;-3.4;-1.6;-0.7;;;;;;;;;;;2.1;;;;;;-4.9;;0.6;;-7.0;-4.4;39.4;;-4.7;;;;;;;;;;;;;;;;;;;;;;;;;-7.2;;4.7;-2.6;2.7;-2.2;1.8;7.7;2.8;1.5;-6.6;-2.9;4.7
2024-02-02;;2.9;1.8;;0.3;;;;0.7;-2.3;-1.9;2.0;-2.2;-2.0;;1.6;;-8.1;;;1.3;-4.4;-7.3;;;;;;;;;;;;;;-2.6;3.4;;;9.1;;;;;;;;-4.1;;3.2;;;;;;;;;;;;;;;;;;;;;;;;;;;;;;;;;;;;;;;;;;;;;;;;;;-2.6;;;;-1.5;;;;;;;;;;;;;;;;;;;;;;;;;;;;;;;;;;;;2.1;;0.0;7.4;;;;5.4;;5.6;;;;-1.3;4.1;-5.3;-3.6;;;;;;-6.5;;;;;-2.2;5.9;5.8;;;2.5;7.3;0.3;-0.5;-6.2;2.8;-1.7;1.8;;-0.1;-1.7;-2.4;;;;;;;;;;;;;;;;;;-4.9;-2.5;-5.8;;-6.4;-1.8;;;-4.1;2.6;;;;;;;-3.1;;;;;-1.7;;;4.9;1.4;;-3.3;4.1;4.9;;;;;;-0.9;;;;;;;-0.6;-1.3;-2.0;;;-6.6;;-4.9;;;;-3.0;;;-1.4;4.7;-6.2;;-2.3;-2.8;;4.6;;;;;1.2;;;-5.0;;;;;;;4.7;;;-5.4;1.2;-3.5;-1.6;;;;;;;;;;;;2.2;;;;;;-5.0;;0.7;;-7.0;-4.2;39.5;;-4.7;;;;;;;;;;;;;;;;;;;;;;;;;-7.0;;4.7;-2.7;2.7;-2.2;1.7;7.7;2.6;;-6.7;-3.1;4.7
2024-02-03;;2.9;1.8;;0.0;;;;0.7;-2.2;-1.9;2.0;-2.2;-2.1;;1.5;;-8.3;;;1.3;-4.5;-7.3;;;;;;;;;;;;;;-2.6;3.6;;;9.0;;;;;;;;-4.2;;3.2;;;;;;;;;;;;;;;;;;;;;;;;;;;;;;;;;;;;;;;;;;;;;;;;;;-2.6;;;;-1.4;;;;;;;;;;;;;;;;;;;;;;;;;;;;;;;;;;;;2.0;;-0.2;7.3;;;;5.5;;5.6;;;;-1.2;4.1;-5.3;-3.4;;;;;;-6.4;;;;;-2.3;5.9;5.8;;;2.3;7.3;0.3;-0.4;-6.1;2.9;-1.9;1.7;;-0.2;-1.8;-2.4;;;;;;;;;;;;;;;;;;-4.9;-2.5;-5.8;;-6.3;-1.7;;;-4.3;2.5;;;;;;;-2.9;;;;;-1.8;;;4.8;1.4;-0.8;-3.3;4.1;4.9;;;;;;-1.1;;;;;;;-0.5;-1.3;-1.9;;;-6.6;;-4.8;;;;-3.0;;;-1.5;4.7;-6.1;;-2.4;-2.9;;4.6;;;;;1.3;;;-5.0;;;;;;;4.8;;;-5.5;1.2;-3.4;-1.6;;;;;;;;;;;;2.3;;;;;;-5.3;;0.6;;-7.0;-4.3;39.5;;-4.7;;;;;;;;;;;;;;;;;;;;;;;;;-6.9;;4.7;-2.7;2.7;-2.2;1.7;7.7;2.6;1.5;-6.7;-3.2;4.7
2024-02-04;;2.8;1.7;;0.0;;;;0.6;-2.2;-1.9;2.0;-2.2;-2.1;;1.5;;-8.4;;;1.3;-4.5;-7.3;;;;;;;;;;;;;;-2.6;3.6;;;9.1;;;;;;;;;;;;;;;;;;;;;;;;;;;;;;;;;;;;;;;;;;;;;;;;;;;;;;;;;;;;-2.6;;;;-1.4;;;;;;;;;;;;;;;;;;;;;;;;;;;;;;;;;;;;2.3;;-0.3;7.2;;;;;;;;;;;;;;;;;;;-6.6;;;;;-2.3;6.0;5.5;;;2.3;7.3;;-0.5;-6.1;2.9;-1.9;1.7;;-0.3;-1.7;-2.4;;;;;;;;;;;;;;;;;;;;;;;;;;;;;;;;;;;;;;;;;;;1.5;-0.7;-3.3;4.1;4.9;;;;;;-1.2;;;;;;;-0.3;-1.2;-1.9;;;-6.5;;-4.8;;;;-3.2;;;-1.5;4.6;-6.1;;-2.4;-2.9;;4.6;;;;;1.3;;;-4.9;;;;;;;4.7;;;-5.6;1.1;-3.6;-1.5;;;;;;;;;;;;2.2;;;;;;-5.6;;0.7;;-7.0;-4.1;39.4;;-4.5;;;;;;;;;;;;;;;;;;;;;;;;;-7.0;;4.7;-2.7;2.8;-2.2;1.6;7.6;2.5;1.5;-6.7;-3.2;4.6
2024-02-05;;2.8;1.7;;-0.3;;;;0.3;-2.1;-2.0;2.0;-2.3;-2.1;;1.1;;-8.6;;;1.2;-4.5;-7.4;;;;;;;;;;;;;;;;;;;;;;;;;;;;;;;;;;;;;;;;;;;;;;;;;;;;;;;;;;;;;;;;;;;;;;;;;;;;;;-2.6;;;;-1.5;;;;;;;;;;;;;;;;;;;;;;;;;;;;;;;;;;;;2.4;;-0.4;7.0;;;;5.3;;;;;;;;;;;;;;;-6.9;;;;;-2.3;5.8;5.3;;;2.1;7.1;0.0;-0.6;-6.3;2.9;-1.9;1.7;;-0.5;-1.8;-2.5;;;;;;;;;;;;;;;;;;;;;;;;;;;;;;;;;;;;;;;;;;;1.5;-0.7;-3.4;4.1;5.0;;;;;;-1.3;;;;;;;-0.2;-1.1;-1.9;;;-6.5;;-4.7;;;;-3.1;;;-1.5;4.7;-6.2;;-2.3;-2.8;;4.6;;;;;1.3;;;-5.0;;;;;;;4.7;;;-5.6;1.0;-3.6;-1.6;;;;;;;;;;;;2.2;;;;;;-5.5;;0.7;;-7.1;-4.0;38.5;;-4.3;;;;;;;;;;;;;;;;;;;;;;;;;-7.0;;4.7;-2.7;2.8;-2.1;1.5;;;;;;
2024-02-06;;2.9;1.7;;-0.4;;;;0.1;-2.2;-2.0;2.0;-2.2;-2.2;;0.9;;-8.6;;;1.1;-4.6;-7.4;;;;;;;;;;;;;;-2.6;3.7;;;9.1;;;;;;;;-3.4;;3.1;;;;;;;;;;;;;;;;;;;;;;;;;;;;;;;;;;;;;;;;;;;;;;;;;;-2.6;;;;-1.5;;;;;;;;;;;;;;;;;;;;;;;;;;;;;;;;;;;;2.4;;-0.3;7.2;;;;5.3;;5.5;;;;-1.2;4.1;-5.5;-3.6;;;;;;-7.1;;;;;-2.3;5.8;5.3;;;2.2;7.1;0.0;-0.6;-6.0;2.9;-1.8;2.0;;-0.4;-1.6;-2.3;;;;;;;;;;;;;;;;;;-5.0;-2.5;-5.8;;-6.5;-1.6;;;-4.9;2.6;;;;;;;-3.1;;;;;-1.8;;;4.5;1.5;-0.7;-3.3;4.1;5.0;;;;;;-1.2;;;;;;;-0.4;-1.1;-1.8;;;-6.6;;-4.8;;;;-3.1;;;-1.5;4.7;-6.2;;-2.3;-2.9;;4.5;;;;;1.3;;;-5.0;;;;;;;4.7;;;-5.8;0.9;-3.7;-1.6;;;;;;;;;;;;2.3;;;;;;-5.1;;0.7;;-7.1;-4.2;38.5;;-4.3;;;;;;;;;;;;;;;;;;;;;;;;;-7.0;;4.6;-2.7;2.8;-2.2;1.5;7.6;2.4;1.5;-6.7;-3.4;4.5
2024-02-07;;2.9;1.8;;-0.2;;;;0.1;-2.1;-1.9;1.9;-2.2;-2.2;;1.0;;-8.5;;;1.1;-4.6;-7.3;;;;;;;;;;;;;;-2.8;3.4;;;9.1;;;;;;;;-4.0;;3.0;;;;;;;;;;;;;;;;;;;;;;;;;;;;;;;;;;;;;;;;;;;;;;;;;;-2.6;;;;-1.6;;;;;;;;;;;;;;;;;;;;;;;;;;;;;;;;;;;;2.4;;-0.3;7.2;;;;5.2;;5.6;;;;-1.2;4.1;-5.5;-3.4;;;;;;-7.1;;;;;-2.2;5.8;5.3;;;2.2;7.1;0.1;-0.6;-6.1;3.0;-1.7;2.0;;-0.3;-1.6;-2.2;;;;;;;;;;;;;;;;;;-5.1;-2.5;-5.8;;-6.5;-1.7;;;-4.7;2.6;;;;;;;-3.0;;;;;-1.8;;;4.7;1.5;-0.6;-3.3;4.2;5.0;;;;;;-1.0;;;;;;;-0.4;-1.1;-1.8;;;-6.6;;-4.8;;;;-3.2;;;-1.4;4.7;-6.2;;-2.3;-2.9;;4.6;;;;;1.3;;;-5.0;;;;;;;4.7;;;-5.8;0.8;-3.7;-1.6;;;;;;;;;;;;2.3;;;;;;-4.4;;0.6;;-7.3;-4.2;38.5;;-4.4;;;;;;;;;;;;;;;;;;;;;;;;;-7.0;;4.6;-2.7;2.8;-2.1;1.5;7.6;2.4;1.5;-6.7;-3.2;4.6
2024-02-08;;2.9;1.8;;-0.2;;;;0.1;-2.1;-2.0;1.9;-2.4;-2.2;;0.8;;-8.5;;;1.4;-4.8;-7.5;;;;;;;;;;;;;;-3.0;3.3;;;9.2;;;;;;;;-4.2;;2.9;;;;;;;;;;;;;;;;;;;;;;;;;;;;;;;;;;;;;;;;;;;;;;;;;;-2.6;;;;-1.6;;;;;;;;;;;;;;;;;;;;;;;;;;;;;;;;;;;;2.4;;-0.3;7.2;;;;5.3;;5.7;;;;-1.3;;-5.3;-3.4;;;;;;-7.1;;;;;-2.2;5.7;5.3;;;2.3;7.1;0.2;-0.6;-6.1;3.0;-1.7;2.0;;-0.2;-1.6;-2.2;;;;;;;;;;;;;;;;;;-5.0;-2.5;-5.8;;-6.5;-1.5;;;-4.8;;;;;;;;-3.0;;;;;-1.5;;;4.7;1.5;-0.7;-3.3;4.2;5.0;;;;;;-1.0;;;;;;;-0.7;-1.3;-1.9;;;-6.7;;-4.9;;;;-3.2;;;-1.5;4.6;-6.2;;-2.4;-3.0;;4.6;;;;;1.3;;;-5.0;;;;;;;4.7;;;-5.9;0.7;-3.7;-1.7;;;;;;;;;;;;2.3;;;;;;-4.1;;0.6;;-7.4;-4.2;38.5;;-4.3;;;;;;;;;;;;;;;;;;;;;;;;;-7.1;;4.5;-2.7;2.8;-2.1;1.6;7.6;2.5;1.4;-6.7;-3.2;4.6
2024-02-09;;2.9;1.8;;-0.4;;;;0.1;-2.2;-2.1;1.9;-2.3;-2.3;;0.8;;-8.5;;;1.5;-4.6;-7.3;;;;;;;;;;;;;;-2.9;3.0;;;9.6;;;;;;;;-4.0;;2.9;;;;;;;;;;;;;;;;;;;;;;;;;;;;;;;;;;;;;;;;;;;;;;;;;;-2.7;;;;-1.5;;;;;;;;;;;;;;;;;;;;;;;;;;;;;;;;;;;;2.4;;-0.2;7.3;;;;5.2;;5.8;;;;-1.3;4.2;-5.2;-3.2;;;;;;-7.0;;;;;-2.3;5.7;5.4;;;2.4;7.1;0.2;-0.5;-6.3;2.9;-1.5;2.0;;-0.2;-1.4;-1.9;;;;;;;;;;;;;;;;;;-4.8;-2.5;-5.8;;-6.3;-1.4;;;-4.6;2.8;;;;;;;-2.9;;;;;-1.3;;;4.8;1.4;-0.7;-3.2;4.2;5.1;;;;;;-1.0;;;;;;;-0.5;-1.3;;;;;;-4.8;;;;-3.2;;;-1.5;;;;-2.4;;;4.6;;;;;1.3;;;-5.1;;;;;;;4.7;;;-5.9;0.5;-3.6;-1.6;;;;;;;;;;;;2.3;;;;;;-4.1;;0.5;;-7.4;-4.5;36.8;;-4.3;;;;;;;;;;;;;;;;;;;;;;;;;-7.1;;4.6;-2.8;2.8;-2.0;1.7;7.5;2.5;1.3;-6.7;-3.2;4.6
2024-02-10;;2.8;1.8;;-0.1;;;;0.1;-2.2;-2.0;1.9;-2.3;-2.2;;1.1;;-8.3;;;1.5;-4.6;-7.3;;;;;;;;;;;;;;-3.0;3.0;;;9.6;;;;;;;;-3.9;;2.9;;;;;;;;;;;;;;;;;;;;;;;;;;;;;;;;;;;;;;;;;;;;;;;;;;-2.7;;;;-1.5;;;;;;;;;;;;;;;;;;;;;;;;;;;;;;;;;;;;2.5;;0.0;7.3;;;;5.2;;5.8;;;;-1.2;4.4;-5.2;-3.2;;;;;;-7.0;;;;;-2.2;5.8;5.6;;;2.3;7.2;0.4;-0.4;-6.4;2.9;-1.5;2.1;;0.1;-1.4;-1.8;;;;;;;;;;;;;;;;;;-4.6;-2.5;-5.8;;-6.1;-1.3;;;-3.9;2.8;;;;;;;-2.8;;;;;-1.3;;;4.9;1.3;-0.7;-3.3;4.2;5.0;;;;;;-0.9;;;;;;;;-1.5;;;;;;;;;;-3.2;;;-1.6;;;;-2.4;-3.1;;4.6;;;;;1.3;;;-5.1;;;;;;;4.7;;;-6.1;0.4;-3.4;-1.7;;;;;;;;;;;;;;;;;;;;0.6;;-7.3;-4.6;35.5;;-4.5;;;;;;;;;;;;;;;;;;;;;;;;;-7.2;;4.5;-2.7;2.8;-2.0;1.7;7.6;2.4;1.3;-6.7;-3.2;4.5
2024-02-11;;2.8;1.7;;-0.1;;;;0.2;-2.2;-2.0;2.0;-2.3;-2.2;;1.3;;-8.3;;;1.4;-4.6;-7.3;;;;;;;;;;;;;;-3.0;3.2;;;9.4;;;;;;;;-4.2;;3.0;;;;;;;;;;;;;;;;;;;;;;;;;;;;;;;;;;;;;;;;;;;;;;;;;;-2.7;;;;-1.5;;;;;;;;;;;;;;;;;;;;;;;;;;;;;;;;;;;;2.5;;0.1;7.3;;;;5.3;;5.9;;;;-1.1;4.5;-5.1;-3.2;;;;;;-7.0;;;;;-2.1;6.0;5.5;;;2.4;7.1;0.3;-0.4;-6.2;3.0;-1.3;2.1;;0.3;-1.3;-1.7;;;;;;;;;;;;;;;;;;-4.6;-2.5;-5.8;;-6.2;-1.2;;;-3.3;2.9;;;;;;;-2.7;;;;;-1.3;;;5.0;1.3;-0.7;-3.3;4.2;5.2;;;;;;-0.8;;;;;;;-0.6;-1.5;-2.1;;;-6.8;;-4.9;;;;-3.2;;;-1.6;4.4;-6.4;;-2.4;-3.1;;4.6;;;;;1.2;;;-5.1;;;;;;;4.7;;;-6.0;0.4;-3.3;-1.7;;;;;;;;;;;;2.3;;;;;;-4.1;;0.6;;-7.3;-4.6;3.3;;-4.7;;;;;;;;;;;;;;;;;;;;;;;;;-7.2;;4.4;-2.7;2.8;-2.0;1.8;7.6;2.4;1.3;-6.8;-3.3;4.4
2024-02-12;;2.8;1.7;;-0.3;;;;0.0;;-2.0;2.0;-2.2;-2.1;;1.3;;-8.2;;;1.2;-4.7;-7.2;;;;;;;;;;;;;;-3.1;3.2;;;9.5;;;;;;;;-3.8;;3.0;;;;;;;;;;;;;;;;;;;;;;;;;;;;;;;;;;;;;;;;;;;;;;;;;;-2.6;;;;-1.4;;;;;;;;;;;;;;;;;;;;;;;;;;;;;;;;;;;;2.6;;0.3;7.4;;;;5.4;;5.9;;;;-1.1;4.8;-4.9;-3.1;;;;;;-6.9;;;;;-2.1;6.0;5.5;;;2.5;7.1;0.5;-0.4;-6.1;2.9;-1.2;2.2;;0.4;-1.3;-1.5;;;;;;;;;;;;;;;;;;-4.6;-2.5;-5.9;;-6.0;-1.1;;;-2.8;3.0;;;;;;;-2.5;;;;;-1.2;;;5.1;1.3;-0.6;-3.3;4.2;5.1;;;;;;-0.7;;;;;;;;-1.5;-2.1;;;;;;;;;-3.3;;;-1.6;4.4;-6.3;;-2.4;-3.1;;4.6;;;;;1.3;;;-5.1;;;;;;;4.7;;;-6.3;0.4;-3.5;-1.7;;;;;;;;;;;;2.2;;;;;;-4.0;;0.6;;-7.3;-4.5;3.6;;-4.6;;;;;;;;;;;;;;;;;;;;;;;;;-7.4;;4.5;-2.7;2.8;-1.9;1.8;7.6;2.3;1.4;-6.8;-3.3;4.5
2024-02-13;;2.7;1.7;;-0.2;;;;0.0;-2.2;-2.0;2.0;-2.1;-2.1;;1.3;;-7.9;;;1.2;-4.7;-7.3;;;;;;;;;;;;;;-3.1;3.0;;;9.5;;;;;;;;-4.2;;3.0;;;;;;;;;;;;;;;;;;;;;;;;;;;;;;;;;;;;;;;;;;;;;;;;;;-2.6;;;;-1.4;;;;;;;;;;;;;;;;;;;;;;;;;;;;;;;;;;;;2.5;;0.3;7.3;;;;5.2;;6.0;;;;-1.1;5.0;-5.0;-3.0;;;;;;-7.0;;;;;-2.1;6.1;5.4;;;2.4;7.0;0.4;-0.4;-6.1;2.9;-1.1;2.0;;0.5;-1.3;-1.5;;;;;;;;;;;;;;;;;;-4.6;-2.5;-5.7;;-6.1;-1.3;;;-2.4;3.0;;;;;;;-2.5;;;;;-0.9;;;5.1;1.2;-0.5;-3.3;4.1;5.1;;;;;;-0.6;;;;;;;-0.5;-1.4;-2.1;;;-6.8;;-4.9;;;;-3.4;;;-1.5;4.4;-6.3;;-2.3;-3.1;;4.6;;;;;1.3;;;-5.1;;;;;;;4.7;;;-6.3;0.3;-3.6;-1.8;;;;;;;;;;;;2.1;;;;;;-4.1;;0.5;;-7.3;-4.7;3.7;;-4.4;;;;;;;;;;;;;;;;;;;;;;;;;-7.8;;4.5;-2.8;2.8;-1.8;1.9;7.7;2.4;1.3;-6.8;-3.3;4.4
2024-02-14;;2.7;1.7;;-0.1;;;;0.1;-2.2;-2.0;1.9;-2.0;-2.0;;1.2;;-8.0;;;1.2;-4.8;-7.4;;;;;;;;;;;;;;-3.0;3.0;;;9.5;;;;;;;;-4.0;;3.0;;;;;;;;6.9;;;;;;;;;;;;;;;;;;;;;;;;;;;;;;;;;;;;;;;;;;-2.7;;;;-1.4;;;;;;;;;;;;;;;;;;;;;;;;;;;;;;;;;;;;2.6;;0.1;7.2;;;;5.3;;6.0;;;;-1.2;5.0;-5.1;-3.1;;;;;;-7.2;;;;;-2.2;5.9;5.2;;;2.3;6.9;0.4;-0.5;-6.1;2.9;-1.3;2.2;;0.2;-1.3;-1.7;;;;;;;;;;;;;;;;;;-4.6;-2.5;-5.8;;-6.2;-1.4;;;-2.2;3.1;;;;;;;-2.7;;;;;-0.8;;;5.2;1.1;-0.6;-3.4;4.1;5.2;;;;;;-0.7;;;;;;;-0.5;-1.3;-1.9;;;-6.8;;-4.9;;;;-3.3;;;-1.5;4.4;-6.2;;-2.3;-3.1;;4.6;;;;;1.2;;;-5.1;;;;;;;4.7;;;-6.3;0.4;-3.5;-1.8;;;;;;;;;;;;;;;;;;-4.1;;0.5;;-7.3;-4.5;3.8;;-4.4;;;;;;;;;;;;;;;;;;;;;;;;;-7.9;;4.4;-2.8;2.8;-1.8;2.0;7.7;2.3;1.3;-6.8;-3.4;4.4
2024-02-15;;2.8;1.8;;-0.1;;;;0.2;-2.3;-2.0;1.8;-1.9;-2.0;;1.2;;-8.0;;;1.2;-4.7;-7.6;;;;;;;;;;;;;;-3.1;3.0;;;9.5;;;;;;;;-4.0;;2.9;;;;;;;;6.8;;;;;;;;;;;;;;;;;;;;;;;;;;;;;;;;;;;;;;;;;;-2.7;;;;-1.4;;;;;;;;;;;;;;;;;;;;;;;;;;;;;;;;;;;;2.7;;0.3;7.1;;;;5.2;;6.0;;;;-1.2;5.1;-5.0;-3.1;;;;;;-7.1;;;;;-2.2;6.0;5.5;;;2.4;6.9;0.5;-0.5;-5.9;2.8;-1.1;2.2;;0.2;-1.2;-1.5;;;;;;;;;;;;;;;;;;-4.5;-2.5;-5.9;;-6.2;-1.5;;;-2.0;3.4;;;;;;;-2.7;;;;;-0.7;;;5.2;1.1;-0.6;-3.4;4.1;5.1;;;;;;-0.7;;;;;;;-0.5;-1.4;-1.9;;;-6.8;;-4.9;;;;-3.3;;;-1.6;4.4;-6.1;;-2.3;-3.1;;4.6;;;;;1.2;;;-5.1;;;;-5.8;;;4.7;;;-6.3;0.4;-3.5;-1.8;;;;;;;;;;;;2.0;;;;;;-4.2;;0.6;;-7.4;-4.5;3.5;;-4.2;;;;;;;;;;;;;;;;;;;;;;;;;-7.8;;4.3;-2.8;2.8;-1.6;1.9;7.8;2.3;1.5;-6.8;-3.4;4.5
2024-02-16;;2.8;1.8;;-0.2;;;;0.2;-2.4;-1.9;1.8;-1.9;-2.1;;1.2;;-7.7;;;0.6;-4.7;-7.4;;;;;;;;;;;;;;-3.1;3.0;;;9.3;;;;;;;;-4.4;;2.9;;;;;;;;6.7;;;;;;;;;;;;;;;;;;;;;;;;;;;;;;;;;;;;;;;;;;-2.7;;;;-1.4;;;;;;;;;;;;;;;;;;;;;;;;;;;;;;;;;;;;2.6;;0.4;7.2;;;;5.3;;6.0;;;;-1.2;5.1;-5.2;-3.2;;;;;;-7.2;;;;;-2.2;5.9;5.7;;;2.3;6.9;0.7;-0.4;-5.8;2.9;-1.3;2.1;;0.0;-1.2;-1.5;;;;;;;;;;;;;;;;;;-4.5;-2.6;-5.9;;-6.2;-1.6;;;-1.9;3.2;;;;;;;-2.8;;;;;-0.7;;;5.0;1.1;-0.5;-3.4;4.1;5.2;;;;;;-0.7;;;;;;;-0.4;-1.2;-1.8;;;-6.8;;-5.0;;;;-3.1;;;-1.6;4.5;-6.2;;-2.2;-3.0;;4.6;;;;;1.2;;;-5.2;;;;-5.8;;;4.7;;;-6.5;;;;;;;;;;;;;;;2.0;;;;;;-4.3;;0.5;;-7.4;-4.6;3.3;;-4.7;;;;;;;;;;;;;;;;;;;;;;;;;-7.7;;4.3;-2.8;2.7;-1.6;1.8;7.8;2.3;1.6;-6.8;-3.3;4.4
2024-02-17;;2.8;1.8;;0.0;;;;0.2;-2.4;-1.9;1.9;-1.8;-2.1;;1.2;;-7.5;;;0.2;-4.5;-7.2;;;;;;;;;;;;;;-3.1;2.9;;;9.3;;;;;;;;-4.3;;2.9;;;;;;;;6.6;;;;;;;;;;;;;;;;;;;;;;;;;;;;;;;;;;;;;;;;;;-2.7;;;;-1.5;;;;;;;;;;;;;;;;;;;;;;;;;;;;;;;;;;;;2.6;;0.4;7.2;;;;5.3;;6.0;;;;-1.2;5.1;-5.3;-3.3;;;;;;-7.2;;;;;-2.2;5.8;5.6;;;2.2;6.9;0.7;-0.4;-5.8;2.9;-1.2;2.1;;-0.2;-1.2;-1.5;;;;;;;;;;;;;;;;;;-4.7;-2.7;-6.0;;-6.2;-1.7;;;-1.6;3.0;;;;;;;-2.8;;;;;-0.8;;;4.9;1.1;-0.4;-3.3;4.2;5.3;;;;;;-0.7;;;;;;;-0.4;-1.3;-1.9;;;-6.8;;-4.9;;;;-3.1;;;-1.5;4.5;-6.1;;-2.2;-3.0;;4.6;;;;;1.2;;;-5.2;;;;-5.8;;;4.7;;;-7.2;;;;;;;;;;;;;;;2.2;;;;;;-4.1;;0.5;;-7.4;-4.7;3.1;;-4.7;;;;;;;;;;;;;;;;;;;;;;;;;-7.6;;4.3;-2.7;2.7;-1.5;1.7;7.8;2.3;1.7;-6.7;-3.3;4.3
2024-02-18;;2.9;1.9;;0.2;;;;0.3;-2.4;-1.8;1.9;-1.6;-2.0;;1.4;;-7.4;;;-0.2;-4.5;-7.0;;;;;;;;;;;;;;-3.0;2.9;;;9.2;;;;;;;;-3.8;;2.9;;;;;;;;6.6;;;;;;;;;;;;;;;;;;;;;;;;;;;;;;;;;;;;;;;;;;-2.7;;;;-1.5;;;;;;;;;;;;;;;;;;;;;;;;;;;;;;;;;;;;2.6;;0.4;7.1;;;;5.4;;6.0;;;;-1.1;5.1;-5.2;-3.3;;;;;;-7.3;;;;;-2.2;5.9;5.6;;;2.1;6.9;0.8;-0.4;-5.8;2.9;-1.2;2.1;;-0.2;-1.1;-1.5;;;;;;;;;;;;;;;;;;-4.7;-2.6;-5.9;;-6.2;-1.7;;;-1.6;3.0;;;;;;;-2.8;;;;;-0.6;;;4.9;1.1;-0.4;-3.4;4.3;5.3;;;;;;-0.7;;;;;;;-0.4;-1.2;-2.1;;;-6.8;;-4.8;;;;-3.1;;;-1.4;4.6;-6.0;;-2.1;-3.0;;4.6;;;;;1.2;;;-5.2;;;;-5.8;;;4.7;;;-7.8;;;;;;;;;;;;;;;2.2;;;;;;-3.8;;0.5;;-7.4;-4.9;3.0;;-4.8;;;;;;;;;;;;;;;;;;;;;;;;;-7.5;;4.2;-2.7;2.8;-1.5;1.7;7.8;2.3;1.7;-6.8;-3.3;4.3
2024-02-19;;2.9;1.9;;0.4;;;;0.3;-2.5;-1.7;2.0;-1.5;-2.0;;1.6;;-7.2;;;-0.3;-4.4;-6.9;;;;;;;;;;;;;;-3.0;2.9;;;9.2;;;;;;;;-3.5;;2.9;;;;;;;;6.6;;;;;;;;;;;;;;;;;;;;;;;;;;;;;;;;;;;;;;;;;;-2.7;;;;-1.6;;;;;;;;;;;;;;;;;;;;;;;;;;;;;;;;;;;;2.7;;0.5;7.1;;;;5.4;;5.9;;;;-1.2;5.2;-5.2;-3.3;;;;;;-7.4;;;;;-2.1;5.9;5.7;;;2.2;6.9;0.9;-0.4;-5.4;2.9;-1.0;2.1;;0.0;-1.1;-1.6;;;;;;;;;;;;;;;;;;-4.8;-2.6;-5.9;;-6.1;-1.6;;;-1.6;3.0;;;;;;;-2.9;;;;;-0.9;;;4.8;1.1;-0.3;-3.4;4.3;5.3;;;;;;-0.7;;;;;;;-0.3;-1.3;-2.1;;;-6.7;;-4.8;;;;-3.1;;;-1.4;4.6;-6.0;;-2.1;-3.0;;4.6;;;;;1.2;;;-5.1;;;;-5.8;;;4.7;;;-9.1;;;;;;;;;;;;;;;2.2;;;;;;-4.0;;0.5;;-7.4;-4.9;3.1;;-4.6;;;;;;;;;;;;;;;;;;;;;;;;;-7.4;;4.2;-2.7;2.8;-1.5;1.6;7.8;2.3;1.8;-6.8;-3.4;4.3
2024-02-20;;2.9;1.9;;0.5;;;;0.4;-2.5;-1.7;2.0;-1.5;-2.0;;1.7;;-7.0;;;-0.6;-4.4;-6.8;;;;;;;;;;;;;;-3.1;2.9;;;9.3;;;;;;;;-3.3;;3.0;;;;;;;;6.6;;;;;;;;;;;;;;;;;;;;;;;;;;;;;;;;;;;;;;;;;;-2.7;;;;-1.7;;;;;;;;;;;;;;;;;;;;;;;;;;;;;;;;;;;;2.7;;0.5;7.1;;;;5.4;;5.9;;;;-1.1;5.2;-5.2;-3.3;;;;;;-7.5;;;;;-2.2;5.9;5.7;;;2.3;6.9;1.0;-0.4;-5.4;2.9;-1.2;1.9;;0.0;-1.2;-1.6;;;;;;;;;;;;;;;;;;-4.8;-2.6;-6.0;;-6.0;-1.5;;;-1.6;2.9;;;;;;;-3.0;;;;;-0.9;;;4.6;1.1;-0.3;-3.4;4.3;5.2;;;;;;-0.8;;;;;;;-0.3;-1.3;-2.2;;;-6.6;;-4.8;;;;-2.9;;;-1.3;4.7;-6.1;;-2.0;-2.8;;4.6;;;;;1.1;;;-5.2;;;;-5.8;;;4.7;;;-9.3;;;;;;;;;;;;;;;2.3;;;;;;-4.3;;0.5;;-7.4;-5.0;2.7;;-4.6;;;;;;;;;;;;;;;;;;;;;;;;;-7.4;;4.2;-2.7;2.8;-1.5;1.6;7.8;2.3;1.7;-6.8;-3.4;4.3
2024-02-21;;2.9;1.9;;0.5;;;;0.5;-2.5;-1.6;2.0;-1.5;-1.9;;1.8;;-7.1;;;-2.7;-4.4;-6.9;;;;;;;;;;;;;;-3.0;2.8;;;9.4;;;;;;;;-3.2;;2.9;;;;;;;;6.5;;;;;;;;;;;;;;;;;;;;;;;;;;;;;;;;;;;;;;;;;;-2.7;;;;-1.7;;;;;;;;;;;;;;;;;;;;;;;;;;;;;;;;;;;;2.6;;0.4;7.1;;;;5.4;;6.0;;;;-1.2;5.1;-5.4;-3.4;;;;;;-7.5;;;;;-2.2;5.9;5.7;;;2.2;7.0;0.8;-0.4;-5.5;2.8;-1.2;1.8;;-0.1;-1.2;-1.6;;;;;;;;;;;;;;;;;;-4.7;-2.6;-6.0;;-6.0;-1.6;;;-1.4;3.0;;;;;;;-3.0;;;;;-0.9;;;4.7;1.1;-0.2;-3.3;4.3;5.3;;;;;;-0.7;;;;;;;-0.5;-1.3;-2.3;;;-6.7;;-4.9;;;;-2.8;;;-1.4;4.7;-6.2;;-2.0;-2.8;;4.7;;;;;1.1;;;-5.2;;;;-5.8;;;4.7;;;-9.9;;;;;;;;;;;;;;;2.2;;;;;;-4.0;;0.5;;;-4.8;2.4;;-4.6;;;;;;;;;;;;;;;;;;;;;;;;;-7.5;;4.1;-2.7;2.8;-1.5;1.6;7.8;2.3;1.7;-6.7;-3.4;4.3
2024-02-22;;2.9;1.9;;0.4;;;;0.6;-2.4;-1.6;2.0;-1.6;-2.0;;1.9;;-6.8;;;-2.7;-4.4;-6.8;;;;;;;;;;;;;;-3.0;2.8;;;9.5;;;;;;;;-3.6;;2.9;;;;;;;;6.4;;;;;;;;;;;;;;;;;;;;;;;;;;;;;;;;;;;;;;;;;;-2.7;;;;-1.6;;;;;;;;;;;;;;;;;;;;;;;;;;;;;;;;;;;;2.8;;0.4;7.2;;;;5.5;;6.1;;;;-1.1;5.1;-5.3;-3.5;;;;;;-7.5;;;;;-2.2;5.9;6.0;;;2.3;7.0;0.9;-0.4;-5.6;2.7;-1.0;1.9;;-0.1;-1.1;-1.5;;;;;;;;;;;;;;;;;;-4.6;-2.6;-5.9;;-6.0;-1.6;;;-1.3;3.1;;;;;;;-2.9;;;;;-0.8;;;4.7;1.1;-0.2;-3.3;4.3;5.3;;;;;;-0.6;;;;;;;;-1.3;;;;;;;;;;-2.9;;;;;;;-2.0;-2.8;;4.6;;;;;1.2;;;-5.2;;;;-5.7;;;4.7;;;-15.4;;;;;;;;;;;;;;;2.1;;;;;;-3.7;;0.4;;-7.5;-5.0;2.2;;-5.0;;;;;;;;;;;;;;;;;;;;;;;;;-7.5;;4.1;-2.7;2.8;-1.4;1.7;7.9;2.3;1.6;-6.7;-3.4;4.3
2024-02-23;;2.9;1.9;;0.6;;;;0.8;-2.5;-1.6;2.0;-1.6;-1.9;;2.2;;-6.4;;;-2.7;-4.4;-6.8;;;;;;;;;;;;;;-3.0;2.8;;;9.5;;;;;;;;-3.6;;2.9;;;;;;;;6.4;;;;;;;;;;;;;;;;;;;;;;;;;;;;;;;;;;;;;;;;;;-2.8;;;;-1.6;;;;;;;;;;;;;;;;;;;;;;;;;;;;;;;;;;;;2.8;;0.4;7.2;;;;5.5;;6.2;;;;-1.1;5.1;-5.2;-3.4;;;;;;-7.6;;;;;-2.1;5.9;;;;2.4;7.0;0.9;-0.4;-5.8;2.7;-1.1;1.8;;0.1;-1.2;-1.4;;;;;;;;;;;;;;;;;;-4.6;-2.6;-6.0;;-6.0;-1.5;;;-1.5;3.1;;;;;;;-2.9;;;;;-0.9;;;4.7;1.0;-0.1;-3.3;4.3;5.2;;;;;;-0.4;;;;;;;-0.5;-1.3;-2.5;;;-6.7;;-5.1;;;;-2.9;;;-1.3;4.6;-6.3;;-1.9;-2.8;;4.6;;;;;1.2;;;-5.2;;;;-5.7;;;4.7;;;-16.0;;;;;;;;;;;;;;;;;;;;;;;0.4;;-7.3;-5.2;2.0;;-4.8;;;;;;;;;;;;;;;;;;;;;;;;;-7.5;;4.2;-2.7;2.8;-1.3;1.8;7.9;2.3;1.7;-6.7;-3.5;4.3
2024-02-24;;2.9;2.0;;0.8;;;;0.7;-2.5;-1.5;2.0;-1.7;-1.9;;2.3;;-6.1;;;-2.6;-4.4;-6.8;;;;;;;;;;;;;;-3.1;2.9;;;9.6;;;;;;;;-3.6;;2.9;;;;;;;;6.3;;;;;;;;;;;;;;;;;;;;;;;;;;;;;;;;;;;;;;;;;;-2.8;;;;-1.6;;;;;;;;;;;;;;;;;;;;;;;;;;;;;;;;;;;;2.9;;0.6;7.2;;-1.7;;5.5;;6.2;;;;-1.0;5.1;-5.1;-3.4;;;;;;-7.5;;;;;-2.2;6.0;6.1;;;2.4;7.1;0.9;-0.3;-5.8;2.7;-1.1;1.8;;0.2;-1.1;-1.4;;;;;;;;;;;;;;;;;;-4.6;-2.5;-5.9;;-5.8;-1.4;;;-1.6;3.1;;;;;;;-2.6;;;;;-0.9;;;4.7;1.0;-0.1;-3.2;4.3;5.2;1.9;;;;;-0.2;;;;;;;-0.6;-1.3;-2.5;;;-6.8;;-5.1;;;;-2.8;;;-1.3;4.6;-6.2;;-1.9;-2.7;;4.6;;;;;1.1;;;-5.2;;;;-5.7;;;4.7;;;-16.0;;;;;;;;;;;;;;;2.1;;;;;;-3.7;;0.3;;-7.3;-5.6;1.7;;-5.3;;;;;;;;;;;;;;;;;;;;;;;;;-7.5;;4.1;;;;1.8;8.0;2.3;1.7;-6.7;-3.4;4.3
2024-02-25;;2.9;2.0;;0.7;;;;0.5;-2.5;-1.5;2.0;-1.8;-1.9;;2.3;;-6.1;;;-2.7;-4.6;-6.7;;;;;;;;;;;;;;-3.1;2.7;;;9.7;;;;;;;;-3.3;;2.9;;;;;;;;6.3;;;;;;;;;;;;;;;;;;;;;;;;;;;;;;;;;;;;;;;;;;-2.8;;;;-1.6;;;;;;;;;;;;;;;;;;;;;;;;;;;;;;;;;;;;;;0.6;7.2;;;;;;6.2;;;;-1.0;5.0;-5.2;-3.4;;;;;;;;;;;;;;;;2.5;;0.9;;;;;1.8;;0.1;-1.0;-1.3;;;;;;;;;;;;;;;;;;-4.6;-2.5;-6.0;;-5.9;-1.4;;;-1.7;;;;;;;;-2.6;;;;;-1.0;;;4.7;0.9;-0.1;-3.2;4.3;5.1;;;;;;-0.1;;;;;;;;;;;;;;;;;;;;;;;;;;;;4.7;;;;;1.1;;;-5.2;;;;-5.7;;;4.7;;;-16.4;;;;;;;;;;;;;;;;;;;;;-3.8;;0.3;-2.4;-7.3;-5.7;1.8;;-5.4;;;;;;;;;;;;;;;;;;;;;;;;;-7.7;;4.1;-2.7;2.8;-1.4;1.8;8.0;2.3;1.5;-6.7;-3.5;4.3
2024-02-26;;2.9;2.0;;0.9;;;;0.6;-2.4;-1.5;2.0;-1.9;-1.9;;2.4;;-5.8;;;-2.7;-4.6;-6.7;;;;;;;;;;;;;;-3.1;2.7;;;9.7;;;;;;;;-3.5;;3.0;;;;;;;;6.3;;;;;;;;;;;;;;;;;;;;;;;;;;;;;;;;;;;;;;;;;;-2.8;;;;-1.6;;;;;;;;;;;;;;;;;;;;;;;;;;;;;;;;;;;;3.0;;0.6;7.2;;-1.6;;5.5;;6.3;;;;-1.0;5.0;-5.1;-3.5;;;;;;-7.6;;;;;-2.2;5.9;;;;2.6;7.2;1.0;-0.3;-5.8;2.8;-1.2;2.0;;0.4;-1.0;-1.1;;;;;;;;;;;;;;;;;;-4.7;-2.5;-6.0;;-5.9;-1.3;;;-1.7;2.9;;;;;;;-2.6;;;;;-1.2;;;4.6;0.9;-0.1;-3.2;4.2;5.1;;;;;;-0.1;;;;;;;-0.8;-1.3;-2.4;;;-6.6;;-4.9;;;;-2.7;;;-1.2;4.6;-6.3;;-2.1;-2.7;;4.7;;;;;1.1;;;-5.2;;;;-5.7;;;4.7;;;-16.3;;;;;;;;;;;;;;;2.1;;;;;;;;0.3;-2.4;-7.2;-5.9;1.6;;-5.5;;;;;;;;;;;;;;;;;;;;;;;;;-7.6;;4.1;-2.8;2.8;-1.3;1.7;8.0;2.3;1.6;-6.7;-3.4;4.3
2024-02-27;;2.9;2.0;;1.3;;;;;-2.4;-1.5;;;-1.8;;2.3;;-5.8;;;;;;;;;;;;;;;;;;;-3.0;2.8;;;9.7;;;;;;;;-2.9;;3.0;;;;;;;;6.4;;;;;;;;;;;;;;;;;;;;;;;;;;;;;;;;;;;;;;;;;;;;;;;;;;;;;;;;;;;;;;;;;;;;;;;;;;;;;;;;;;3.0;;0.7;7.2;;-1.5;;5.4;;6.2;;;;;5.2;-5.1;-3.3;;;;;;-7.8;;;;;-2.2;6.1;6.0;;;2.6;7.1;1.0;-0.2;-5.8;2.8;-1.0;2.1;;0.5;-1.0;-1.2;;;;;;;;;;;;;;;;;;-4.7;-2.5;-6.0;;-5.7;-1.3;;;-1.8;2.8;;;;;;;-2.6;;;;;-1.0;;;4.8;0.9;-0.1;-3.2;4.2;5.2;;;;;;-0.1;;;;;;;-0.7;-1.3;-2.4;;;-6.6;;;;;;-2.6;;;-1.1;;-6.0;;-2.0;;;4.7;;;;;1.1;;;-5.2;;;;-5.7;;;4.7;;;;;;;;;;;;;;;;;;2.1;;;;;;-3.8;;0.3;-2.4;-7.1;-5.9;1.6;;-5.4;;;;;;;;;;;;;;;;;;;;;;;;;-7.7;;4.1;-2.8;2.8;-1.3;1.8;8.1;2.3;1.8;-6.7;-3.4;4.3
2024-02-28;;3.0;2.0;;1.3;;;;0.8;;-1.4;2.0;-1.6;-1.7;;2.4;;-5.7;;;-2.6;-4.5;-6.4;;;;;;;;;;;;;;-2.9;2.9;;;9.6;;;;;;;;-3.2;;3.0;;;;;;;;6.4;;;;;;;;;;;;;;;;;;;;;;;;;;;;;;;;;;;;;;;;;;-2.8;;;;-1.6;;;;;;;;;;;;;;;;;;;;;;;;;;;;;;;;;;;;2.9;;0.5;7.1;;-1.6;;5.5;;6.1;;;;-0.8;5.3;-5.0;-3.3;;;;;;-7.7;;;;;-2.3;6.1;5.9;;;2.6;7.2;1.0;-0.3;-5.9;2.7;-1.2;2.0;;0.4;-1.0;-1.3;;;;;;;;;;;;;;;;;;-4.5;-2.5;-6.1;;-5.6;-1.1;;;-1.7;2.7;;;;;;;-2.6;;;;;-1.4;;;4.8;0.9;-0.1;-3.2;4.3;5.2;;;;;;-0.1;;;;;;;-0.7;-1.3;-2.5;;;-6.6;;-4.8;;;;-2.5;;;-1.0;4.8;-5.9;;-1.8;-2.6;;4.7;;;;;1.1;;;-5.2;;;;-5.8;;;4.6;;;-16.4;;;;;;;;;;;;;;;2.1;;;;;;-3.8;;0.4;-2.3;-7.0;-5.9;1.6;;-5.5;;;;;;;;;;;;;;;;;;;;;;;;;-7.7;;4.1;-2.8;2.7;-1.3;1.7;8.1;2.3;1.8;-6.6;-3.5;4.3
2024-02-29;;3.0;1.9;;1.3;;;;0.8;-2.4;-1.4;2.0;-1.6;-1.7;;2.5;;-5.5;;;-2.6;-4.5;-6.4;;;;;;;;;;;;;;-2.9;2.9;;;9.6;;;;;;;;-3.5;;3.0;;;;;;;;6.4;;;;;;;;;;;;;;;;;;;;;;;;;;;;;;;;;;;;;;;;;;-2.8;;;;-1.6;;;;;;;;;;;;;;;;;;;;;;;;;;;;;;;;;;;;3.0;;0.4;7.1;;-1.6;;5.5;;5.9;;;;-0.8;5.4;-5.0;-3.3;;;;;;-7.6;;;;;-2.4;;5.9;;;2.6;7.1;1.1;-0.3;-6.1;2.9;-1.2;2.0;;0.6;-1.0;-1.3;;;;;;;;;;;;;;;;;;-4.4;-2.3;-6.0;;-5.6;-1.1;;;-1.7;2.7;;;;;;;-2.7;;;;;-1.4;;;4.9;1.0;0.0;-3.2;4.3;5.2;2.0;;;;;0.0;;;;;;;-0.9;-1.3;-2.6;;;-6.7;;-4.9;;;;-2.5;;;-0.9;4.8;-5.9;;-1.8;-2.6;;4.7;;;;;1.1;;;-5.3;;;;-5.8;;;4.6;;;-16.5;;;;;;;;;;;;;;;2.1;;;;;;;;0.2;;-7.1;-6.1;1.4;;-5.5;;;;;;;;;;;;;;;;;;;;;;;;;-7.7;;4.1;-2.8;2.7;-1.2;1.7;8.1;2.3;1.8;-6.6;-3.5;4.3
2024-03-01;;3.0;1.9;;1.4;;;;0.9;-2.4;-1.4;2.0;-1.7;-1.7;;2.4;;-5.4;;;-2.5;-4.5;-6.1;;;;;;;;;;;;;;-2.7;2.9;;;9.7;;;;;;;;-3.8;;3.0;;;;;;;;6.4;;;;;;;;;;;;;;;;;;;;;;;;;;;;;;;;;;;;;;;;;;-2.8;;;;-1.5;;;;;;;;;;;;;;;;;;;;;;;;;;;;;;;;;;;;2.9;;0.4;7.0;;-1.6;;5.5;;6.0;;;;-0.8;5.4;-5.0;-3.3;;;;;;-7.7;;;;;-2.4;;5.9;;;2.6;7.1;1.0;-0.3;-6.4;2.9;-1.2;2.1;;0.6;-1.0;-1.4;;;;;;;;;;;;;;;;;;-4.4;-2.2;-6.1;;-5.6;-1.2;;;-1.7;2.9;;;;;;;-2.8;;;;;-1.5;;;4.9;1.0;0.0;-3.2;4.3;5.2;2.0;;;;;-0.1;;;;;;;-0.8;-1.2;-2.8;;;-6.7;;-5.1;;;;-2.6;;;-1.0;4.7;-5.9;;-1.8;-2.6;;4.7;;;;;1.1;;;-5.2;;;;-5.8;;;4.6;;;-16.2;;;;;;;;;;;;;;;2.2;;;;;;-3.9;;0.2;-2.2;-7.0;-6.0;1.1;;-5.5;;;;;;;;;;;;;;;;;;;;;;;;;-7.7;;4.0;-2.8;2.7;-1.3;1.7;8.1;2.2;1.7;-6.6;-3.5;4.3
2024-03-02;;3.0;2.0;;1.4;;;;1.0;-2.5;-1.4;2.0;-1.8;-1.6;;2.6;;-5.3;;;-2.5;-4.4;-6.0;;;;;;;;;;;;;;;2.9;;;9.6;;;;;;;;;;;;;;;;;;6.4;;;;;;;;;;;;;;;;;;;;;;;;;;;;;;;;;;;;;;;;;;-2.8;;;;-1.5;;;;;;;;;;;;;;;;;;;;;;;;;;;;;;;;;;;;3.1;;0.3;7.0;;;;;;5.8;;;;-0.8;5.3;-5.0;;;;;;;-7.7;;;;;-2.3;;6.1;;;2.5;7.2;1.1;-0.3;-6.5;3.0;-1.0;2.1;;0.6;-1.1;-1.4;;;;;;;;;;;;;;;;;;-4.3;;-6.1;;-5.6;-1.1;;;-1.8;;;;;;;;;;;;;-1.5;;;4.7;0.9;-0.1;-3.2;4.2;5.2;2.0;;;;;-0.1;;;;;;;-0.9;-1.3;-2.9;;;-6.8;;-5.1;;;;-2.6;;;-1.0;4.7;;;-1.8;-2.6;;4.7;;;;;1.1;;;-5.3;;;;-5.8;;;4.6;;;-14.3;;;;;;;;;;;;;;;;;;;;;-3.5;;0.1;-2.2;-7.0;-6.0;0.9;;-5.6;;;;;;;;;;;;;;;;;;;;;;;;;-7.6;;3.9;-2.7;2.8;-1.3;1.6;8.0;2.2;1.6;-6.6;-3.5;4.4
2024-03-03;;3.1;2.0;;1.7;;;;1.3;;-1.3;;;;;2.8;;-5.1;;;-2.4;-4.4;;;;;;;;;;;;;;;-2.9;2.8;;;9.6;;;;;;;;-3.8;;2.9;;;;;;;;6.5;;;;;;;;;;;;;;;;;;;;;;;;;;;;;;;;;;;;;;;;;;-2.8;;;;-1.5;;;;;;;;;;;;;;;;;;;;;;;;;;;;;;;;;;;;3.0;;0.4;7.2;;-1.6;;5.5;;5.8;;;;-0.8;5.3;-5.0;-3.5;;;;;;-7.5;;;;;-2.3;;6.1;;;2.4;7.2;1.0;-0.3;-6.8;2.9;-1.0;2.3;;0.7;-1.1;-1.4;;;;;;;;;;;;;;;;;;-4.2;-2.2;-6.0;;-5.6;-1.0;;;-1.8;3.0;;;;;;;-2.8;;;;;-1.2;;;4.8;0.9;-0.1;-3.1;4.3;5.2;2.0;;;;;0.2;;;;;;;;-1.4;;;;-6.8;;;;;;-2.6;;;-0.9;4.7;-5.6;;-1.8;-2.5;;4.7;;;;;1.1;;;-5.3;;;;-5.8;;;4.6;;;-16.2;;;;;;;;;;;;;;;2.3;;;;;;-3.3;;0.0;-2.2;-7.1;-6.3;0.5;;-5.9;;;;;;;;;;;;;;;;;;;;;;;;;-7.5;;;-2.7;2.7;-1.3;1.5;8.1;2.2;1.8;-6.5;-3.5;4.4
2024-03-04;;3.0;2.0;;2.0;;;;1.6;-2.6;-1.3;2.1;-1.6;-1.4;;2.8;;-5.0;;;-1.9;-4.3;-6.0;;;;;;;;;;;;;;-2.9;2.8;;;9.7;;;;;;;;-4.0;;2.8;;;;;;;;6.5;;;;;;;;;;;;;;;;;;;;;;;;;;;;;;;;;;;;;;;;;;-2.8;;;;-1.4;;;;;;;;;;;;;;;;;;;;;;;;;;;;;;;;;;;;2.9;;0.6;7.4;;-1.4;;5.5;;5.8;;;;-0.8;5.4;-5.0;-3.4;;;;;;-7.5;;;;;-2.1;;6.3;;;2.6;7.1;1.0;-0.2;-6.7;2.9;-0.8;2.1;;0.7;-1.0;-1.4;;;;;;;;;;;;;;;;;;-4.3;-2.2;-5.9;;-5.6;-1.1;;;-1.7;3.0;;;;;;;-2.7;;;;;-1.2;;;4.9;1.0;0.0;-3.1;4.4;5.3;2.0;;;;;0.3;;;;;;;-0.9;-1.3;-3.0;;;-6.9;;-5.2;;;;-2.5;;;-0.9;4.6;-5.8;;-1.9;-2.5;;4.7;;;;;1.2;;;-5.3;;;;-5.8;;;4.6;;;-15.6;;;;;;;;;;;;;;;2.0;;;;;;-3.1;;0.0;-2.1;-6.9;-6.3;0.5;;-6.0;;;;;;;;;;;;;;;;;;;;;;;;;-7.4;1.7;3.9;-2.6;2.7;-1.4;1.5;8.1;2.2;1.8;-6.5;-3.5;4.4
2024-03-05;;3.0;2.0;;2.2;;;;1.7;-2.7;-1.4;2.2;-1.5;-1.3;;2.8;;-5.1;;;-1.9;-4.3;-6.0;;;;;;;;;;;;;;-2.9;2.6;;;9.7;;;;;;;;-4.0;;2.9;;;;;;;;6.5;;;;;;;;;;;;;;;;;;;;;;;;;;;;;;;;;;;;;;;;;;-2.8;;;;-1.3;;;;;;;;;;;;;;;;;;;;;;;;;;;;;;;;;;;;3.0;;0.7;7.3;;-1.3;;5.5;;5.9;;;;-0.8;5.4;-5.0;-3.4;;;;;;-7.5;;;;;-2.1;;6.0;;;2.7;7.2;0.7;-0.2;-6.9;2.9;-0.9;2.2;;0.6;-1.0;-1.4;;;;;;;;;;;;;;;;;;-4.1;-2.0;-6.0;;-5.5;-0.9;;;-1.8;3.0;;;;;;;-2.5;;;;;-1.2;;;4.8;1.0;-0.1;-3.1;4.3;5.2;2.0;;;;;0.2;;;;;;;-0.8;-1.3;-2.8;;;-6.9;;-5.3;;;;-2.4;;;-1.0;4.6;-5.7;;-1.9;-2.5;;4.7;;;;;1.2;;;-5.3;;;;-5.8;;;4.6;;;-14.9;;;;;;;;;;;;;;;1.8;;;;;;-3.3;;0.0;-2.1;-6.8;-6.3;0.6;;-6.0;;;;;;;;;;;;;;;;;;;;;;;;;-7.4;1.8;;-2.5;2.7;-1.4;1.5;8.0;2.2;1.8;-6.5;-3.6;4.5
2024-03-06;;2.9;2.0;;1.9;;;;1.6;-2.7;-1.4;2.2;-1.4;-1.3;;2.6;;-5.1;;;-1.2;-4.2;-6.3;;;;;;;;;;;;;;-3.0;2.6;;;9.7;;;;;;;;-4.2;;2.9;;;;;;;;6.5;;;;;;;;;;;;;;;;;;;;;;;;;;;;;;;;;;;;;;;;;;-2.8;;;;-1.3;;;;;;;;;;;;;;;;;;;;;;;;;;;;;;;;;;;;2.9;;0.5;7.1;;;;5.5;;5.9;;;;-0.8;5.3;-5.0;-3.5;;;;;;-7.5;;;;;-2.1;6.0;5.8;;;2.5;7.1;0.5;-0.2;-7.1;2.7;-0.9;2.0;;0.5;-1.0;-1.4;;;;;;;;;;;;;;;;;;-4.1;-1.9;-6.0;;-5.5;-0.9;;;-1.9;3.0;;;;;;;-2.6;;;;;-1.2;;;4.9;1.0;-0.1;-3.1;4.3;5.3;2.0;;;;;0.3;;;;;;;-0.8;-1.3;-2.8;;;-6.7;;-5.1;;;;-2.4;;;-0.9;4.6;-5.6;;-1.9;-2.4;;4.7;;;;;1.2;;;;;;;-5.7;;;4.6;;;-14.7;;;;;;;;;;;;;;;1.8;;;;;;-3.3;;0.1;-2.1;-6.8;-6.4;0.8;;-5.7;;;;;;;;;;;;;;;;;;;;;;;;;-7.2;1.8;3.9;-2.5;2.8;-1.3;1.5;8.0;2.1;1.7;-6.5;-3.7;4.5
2024-03-07;;3.0;1.9;;1.8;;;;1.7;-2.6;-1.4;2.2;-1.5;-1.3;;2.6;;-5.0;;;-0.8;-4.2;-6.5;;;;;;;;;;;;;;-3.0;2.7;;;9.7;;;;;;;;-4.0;;2.9;;;;;;;;6.4;;;;;;;;;;;;;;;;;;;;;;;;;;;;;;;;;;;;;;;;;;-2.7;;;;-1.2;;;;;;;;;;;;;;;;;;;;;;;;;;;;;;;;;;;;2.8;;0.4;7.2;;;;5.4;;5.9;;;;-0.8;5.3;-5.1;-3.4;;;;;;-7.4;;;;;-2.2;5.9;5.4;;;2.3;7.1;0.5;-0.2;-7.2;2.7;-1.0;2.0;;0.4;-1.1;-1.5;;;;;;;;;;;;;;;;;;-4.0;-1.8;-6.0;;-5.5;-0.9;;;-1.9;2.9;;;;;;;-2.4;;;;;-1.4;;;4.8;1.0;0.0;-3.1;4.3;5.3;2.0;;;;;0.4;;;;;;;-0.7;-1.2;-2.6;;;-6.6;;-5.2;;;;-2.6;;;-0.9;4.6;-5.3;;-1.9;-2.4;;4.7;;;;;1.2;;;-5.2;;;;-5.7;;;4.6;;;-14.2;;;;;;;;;;;;;;;1.7;;;;;;-3.3;;0.1;-2.1;-6.8;-6.2;0.9;;-5.6;;;;;;;;;;;;;;;;;;;;;;;;;-7.1;1.8;3.9;-2.5;2.8;-1.4;1.5;7.8;2.0;1.8;-6.5;-3.8;4.6
2024-03-08;;3.0;1.8;;1.9;;;;1.8;-2.6;-1.4;2.2;-1.5;-1.3;;2.5;;-5.0;;;-1.2;-4.2;-6.5;;;;;;;;;;;;;;-2.9;2.6;;;9.8;;;;;;;;-4.2;;2.8;;;;;;;;6.4;;;;;;;;;;;;;;;;;;;;;;;;;;;;;;;;;;;;;;;;;;-2.8;;;;-1.2;;;;;;;;;;;;;;;;;;;;;;;;;;;;;;;;;;;;2.7;;0.5;7.1;;;;5.4;;6.0;;;;-0.8;5.4;-5.1;-3.6;;;;;;-7.4;;;;;-2.2;5.9;5.6;;;2.3;7.1;0.2;-0.4;-7.2;2.8;-1.0;1.9;;0.5;-1.0;-1.5;;;;;;;;;;;;;;;;;;-4.0;-1.8;-5.9;;-5.5;-1.0;;;-1.8;3.0;;;;;;;-2.5;;;;;-1.3;;;5.1;1.0;0.0;-3.1;4.2;5.3;2.0;;;;;0.5;;;;;;;-0.9;-1.2;-2.6;;;-6.5;;-5.2;;;;-2.7;;;-0.9;4.6;-5.5;;-1.9;-2.4;;4.7;;;;;1.2;;;-5.2;;;;-5.8;;;4.7;;;-14.4;;;;;;;;;;;;;;;1.7;;;;;;-3.2;;0.0;-2.1;-6.8;-6.5;0.4;;-5.7;;;;;;;;;;;;;;;;;;;;;;;;;-7.1;1.7;3.9;-2.5;2.8;-1.5;1.5;7.8;2.1;1.7;-6.4;-3.8;4.7
2024-03-09;;3.1;2.0;;1.7;;;;1.7;-2.6;-1.4;2.2;-1.5;-1.4;;2.5;;-5.0;;;-1.2;-4.2;-6.6;;;;;;;;;;;;;;-3.0;2.5;;;10.1;;;;;;;;-4.4;;2.9;;;;;;;;6.4;;;;;;;;;;;;;;;;;;;;;;;;;;;;;;;;;;;;;;;;;;-2.7;;;;-1.1;;;;;;;;;;;;;;;;;;;;;;;;;;;;;;;;;;;;2.8;;0.8;7.1;;;;5.4;;6.0;;;;-0.7;5.4;-5.0;-3.5;;;;;;-7.4;;;;;-2.1;6.1;5.6;;;2.3;7.1;0.2;-0.3;-7.1;2.7;-1.0;1.9;;0.6;-0.9;-1.4;;;;;;;;;;;;;;;;;;-3.9;-1.7;-5.9;;-5.4;-1.1;;;-1.7;3.0;;;;;;;-2.3;;;;;-1.2;;;5.1;1.0;0.0;-3.0;4.3;5.3;2.0;;;;;0.8;;;;;;;-0.9;-1.2;-2.6;;;-6.5;;-5.1;;;;-2.5;;;-0.9;4.8;-5.5;;-2.1;-2.5;;4.8;;;;;1.2;;;-5.2;;;;-5.8;;;4.6;;;-13.7;;;;;;;;;;;;;;;1.8;;;;;;-3.2;;-0.2;-2.1;-6.8;-6.5;0.3;;-5.8;;;;;;;;;;;;;;;;;;;;;;;;;-6.8;1.7;3.9;-2.4;2.9;-1.5;1.6;7.8;2.1;1.8;-6.4;-3.8;4.8
2024-03-10;;3.1;2.1;;1.5;;;;1.5;-2.7;-1.5;2.2;-1.6;-1.4;;2.5;;-5.2;;;-1.4;-4.2;-6.6;;;;;;;;;;;;;;-3.1;2.5;;;10.2;;;;;;;;-4.4;;2.9;;;;;;;;6.5;;;;;;;;;;;;;;;;;;;;;;;;;;;;;;;;;;;;;;;;;;;;;;-1.0;;;;;;;;;;;;;;;;;;;;;;;;;;;;;;;;;;;;2.8;;0.9;7.1;;;;5.4;;6.1;;;;-0.6;5.5;-5.0;-3.5;;;;;5.0;-7.5;;;;;-2.0;6.2;5.6;;;2.5;7.2;0.2;-0.3;-7.0;2.7;-0.8;2.0;;0.7;-0.8;-1.2;;;;;;;;;;;;;;;;;;-3.9;-1.6;-5.9;;-5.3;-1.1;;;-1.7;3.0;;;;;;;-2.2;;;;;-0.9;;;5.3;1.1;-0.1;-2.9;4.2;5.3;2.0;;;;;1.0;;;;;;;;;;;;;;;;;;;;;;;;;;;;4.7;;;;;1.2;;;;;;;;;;;;;-13.4;;;;;;;;;;;;;;;;;;;;;;;-0.1;-2.1;-6.8;-6.8;0.2;;-6.1;;;;;;;;;;;;;;;;;;;;;;;;;-6.7;1.7;;-2.4;3.0;-1.5;1.7;7.8;2.0;1.7;-6.3;-3.9;4.9
2024-03-11;;3.1;2.2;;1.7;;;;1.6;-2.7;-1.3;2.3;-1.6;-1.3;;2.7;;-5.1;;;-1.2;-4.2;-6.3;;;;;;;;;;;;;;-3.0;2.6;;;10.0;;;;;;;;-4.3;;2.9;;;;;;;;6.5;;;;;;;;;;;;;;;;;;;;;;;;;;;;;;;;;;;;;;;;;;-2.8;;;;-0.9;;;;;;;;;;;;;;;;;;;;;;;;;;;;;;;;;;;;2.8;;0.8;7.1;;-1.3;;5.4;;6.1;;;;-0.5;5.6;-4.9;-3.5;;;;;5.1;-7.4;;;;;-2.0;6.4;5.6;;;2.6;7.4;0.0;-0.2;-7.2;2.8;-0.5;2.2;;0.8;-0.8;-1.2;;;;;;;;;;;;;;;;;;-3.9;-1.6;-5.8;;-5.2;-1.0;;;-1.6;2.9;;;;;;;-2.2;;;;;-0.9;;;5.3;1.0;-0.1;-2.9;4.2;5.3;;;;;;1.0;;;;;;;-0.7;-1.1;-2.7;;;-6.5;;-5.2;;;;-2.4;;;-0.7;5.2;-5.2;;-2.1;-2.7;;4.8;;;;;1.2;;;-5.3;;;;-5.8;;;4.6;;;-13.8;;;;;;;;;;;;;;;1.8;;;;;;-3.2;;-0.1;-2.0;-6.8;-6.3;0.6;;-5.8;;;;;;;;;;;;;;;;;;;;;;;;;-6.7;;4.0;-2.3;3.0;-1.5;1.6;7.8;2.0;1.7;-6.4;-4.0;4.9
2024-03-12;;3.1;2.2;;1.8;;;;1.7;-2.6;-1.2;2.3;-1.5;-1.3;;2.6;;-5.0;;;-1.0;-4.2;-6.2;;;;;;;;;;;;;;-3.1;2.7;;;9.9;;;;;;;;-4.1;;3.0;;;;;;;;6.5;;;;;;;;;;;;;;;;;;;;;;;;;;;;;;;;;;;;;;;;;;-2.7;;;;-0.9;;;;;;;;;;;;;;;;;;;;;;;;;;;;;;;;;;;;2.8;;0.7;7.0;;-1.3;;5.5;;6.1;;;;-0.5;5.5;-5.0;-3.4;;;;;5.2;-7.3;;;;;-2.1;6.4;5.3;;;2.5;7.2;0.1;-0.3;-7.3;2.8;-0.7;2.2;;0.8;-0.9;-1.2;;;;;;;;;;;;;;;;;;-3.8;-1.6;-5.9;;-5.1;-0.9;;;-1.6;2.9;;;;;;;-2.4;;;;;-0.8;;;5.3;1.0;-0.2;-2.9;4.1;5.4;2.0;;;;;0.9;;;;;;;-0.5;-1.0;-2.6;;;-6.4;;-5.1;;;;-2.4;;;-0.7;5.2;-5.2;;-1.9;-2.6;;4.8;;;;;1.3;;;-5.4;;;;-5.8;;;4.6;;;-14.5;;;;;;;;;;;;;;;1.7;;;;;;-3.7;;0.1;-1.9;-6.8;-6.3;0.6;;-5.5;;;;;;;;;;;;;;;;;;;;;;;;;-6.7;;3.9;-2.3;3.0;-1.6;1.5;7.8;2.0;1.7;-6.3;-3.9;5.0
2024-03-13;;;;;1.6;;;;1.9;-2.6;-1.2;2.3;-1.6;-1.3;;2.6;;-4.9;;;-0.7;-4.2;-6.3;;;;;;;;;;;;;;-3.0;2.7;;;9.9;;;;;;;;-4.1;;3.1;;;;;;;;6.5;;;;;;;;;;;;;;;;;;;;;;;;;;;;;;;;;;;;;;;;;;-2.7;;;;-1.0;;;;;;;;;;;;;;;;;;;;;;;;;;;;;;;;;;;;2.6;;0.7;6.9;;-1.3;;5.5;;6.1;;;;-0.5;5.6;-4.8;-3.6;;;;;5.3;-7.4;;;;;-2.1;6.4;5.3;;;2.5;7.0;0.1;-0.4;-7.3;2.8;-0.9;2.1;;0.6;-0.9;-1.2;;;;;;;;;;;;;;;;;;-3.8;-1.6;-5.8;;-5.0;-0.9;;;-1.6;2.9;;;;;;;-2.5;;;;;-1.1;;;5.3;1.0;-0.1;-2.9;4.1;5.3;2.0;;;;;0.9;;;;;;;-0.5;-1.0;-2.6;;;-6.3;;-5.0;;;;-2.4;;;-0.7;5.2;-5.3;;-1.9;-2.4;;4.8;;;;;1.2;;;-5.4;;;;-5.8;;;4.7;;;-15.1;;;;;;;;;;;;;;;1.7;;;;;;-3.6;;0.0;-1.9;-6.9;-6.3;0.8;;-5.5;;;;;;;;;;;;;;;;;;;;;;;;;-6.6;;;-2.3;3.0;-1.6;1.5;7.8;2.0;1.7;-6.3;-4.0;5.0
2024-03-14;;3.1;;;1.7;;;;1.7;-2.7;-1.2;2.2;-1.6;-1.3;;2.5;;-4.8;;;-0.3;-4.3;-6.5;;;;;;;;;;;;;;-3.0;2.7;;;9.8;;;;;;;;-3.9;;3.0;;;;;;;;6.5;;;;;;;;;;;;;;;;;;;;;;;;;;;;;;;;;;;;;;;;;;-2.7;;;;-1.0;;;;;;;;;;;;;;;;;;;;;;;;;;;;;;;;;;;;2.6;;0.6;7.0;;-1.2;;5.4;;6.0;;;;-0.5;5.7;-4.9;-3.7;;;;;5.3;-7.3;;;;;-2.1;6.3;5.3;;;2.4;6.9;-0.1;-0.4;-7.5;2.8;-1.0;2.2;;0.5;-1.1;-1.2;;;;;;;;;;;;;;;;;;-4.0;-1.6;-5.8;;-5.0;-1.0;;;-1.7;3.0;;;;;;;-2.6;;;;;-1.3;;;5.3;1.0;-0.1;-2.9;4.1;5.3;2.0;;;;;1.0;;;;;;;-0.5;-1.0;-2.4;;;-6.3;;-5.1;;;;-2.3;;;-0.8;5.1;-5.6;;-2.0;-2.3;;4.8;;;;;1.2;;;-5.5;;;;-5.8;;;4.7;;;-15.0;;;;;;;;;;;;;;;1.7;;;;;;-3.5;;-0.1;-2.0;-6.9;-6.1;0.9;;-5.3;;;;;;;;;;;;;;;;;;;;;;;;;-6.7;;3.9;-2.4;3.0;-1.8;1.5;7.8;2.0;1.7;-6.3;-4.0;5.0
2024-03-15;;3.1;2.2;;1.8;;;;1.7;-2.7;-1.4;2.2;-1.3;-1.3;;2.6;;-5.0;;;0.1;-4.2;-6.8;;;;;;;;;;;;;;-3.1;2.6;;;9.6;;;;;;;;-3.9;;2.9;;;;;;;;6.5;;;;;;;;;;;;;;;;;;;;;;;;;;;;;;;;;;;;;;;;;;-2.7;;;;-1.0;;;;;;;;;;;;;;;;;;;;;;;;;;;;;;;;;;;;2.4;;0.5;6.9;;-1.2;;5.4;;5.9;;;;-0.5;5.7;-4.9;-3.8;;;;;5.3;-7.2;;;;;-2.2;6.1;5.4;;;2.4;6.8;-0.2;-0.6;-7.6;2.8;-1.2;2.1;;0.5;-1.2;-1.3;;;;;;;;;;;;;;;;;;-4.1;-1.6;-5.7;;-5.1;-1.2;;;-1.7;3.2;;;;;;;-2.4;;;;;-1.3;;;5.3;0.9;-0.2;-2.9;4.0;5.3;2.0;;;;;0.9;;;;;;;-0.5;-1.0;-2.6;;;-6.4;;-5.1;;;;-2.3;;;-0.8;5.2;-5.8;;-1.9;-2.2;;4.8;;;;;1.2;;;-5.5;;;;-5.8;;;4.7;;;-15.5;;;;;;;;;;;;;;;1.8;;;;;;-3.4;;0.0;-2.0;-6.9;-5.9;1.3;;-5.4;;;;;;;;;;;;;;;;;;;;;;;;;-6.6;;4.0;-2.4;3.0;-1.9;1.5;7.8;2.0;1.7;-6.4;-4.0;5.0
2024-03-16;;3.0;2.3;;1.7;;;;1.5;-2.7;-1.5;2.1;-1.4;-1.3;;2.6;;-5.0;;;-0.2;-4.2;-7.1;;;;;;;;;;;;;;-3.1;2.7;;;9.6;;;;;;;;-3.9;;2.8;;;;;;;;6.5;;;;;;;;;;;;;;;;;;;;;;;;;;;;;;;;;;;;;;;;;;;;;;-1.1;;;;;;;;;;;;;;;;;;;;;;;;;;;;;;;;;;;;2.4;;0.2;6.7;;-1.3;;5.4;;5.9;;;;-0.6;5.7;-5.1;-4.0;;;;;5.3;-7.3;;;;;-2.2;5.9;5.4;;;2.4;6.7;-0.4;-0.7;-7.7;2.7;-1.2;1.9;;0.3;-1.3;-1.5;;;;;;;;;;;;;;;;;;-4.1;-1.5;-5.7;;-5.1;-1.3;;;-1.7;3.2;;;;;;;-2.5;;;;;-1.5;;;5.3;1.0;-0.2;-2.9;3.9;5.4;2.0;;;;;0.8;;;;;;;-0.3;-1.0;-2.5;;;-6.5;;-5.1;;;;-2.5;;;-0.8;5.0;-5.9;;-1.9;-2.2;;4.8;;;;;1.2;;;-5.5;;;;-5.8;;;4.7;;;-15.5;;;;;;;;;;;;;;;;;;;;;;;0.1;-2.0;-7.0;-5.9;1.8;;-5.2;;;;;;;;;;;;;;;;;;;;;;;;;-6.2;;4.1;-2.4;3.0;-2.0;1.5;7.8;2.0;1.7;-6.4;-3.9;5.0
2024-03-17;;3.0;2.2;;1.6;;;;1.4;-2.8;-1.6;2.0;-1.3;-1.4;;2.5;;-5.0;;;0.0;-4.2;-7.4;;;;;;;;;;;;;;-3.1;2.5;;;9.7;;;;;;;;-3.7;;2.8;;;;;;;;6.5;;;;;;;;;;;;;;;;;;;;;;;;;;;;;;;;;;;;;;;;;;;;;;-1.2;;;;;;;;;;;;;;;;;;;;;;;;;;;;;;;;;;;;2.4;;0.3;6.9;;-1.3;;5.3;;5.8;;;;-0.8;5.8;-5.2;-4.1;;;;;5.3;-7.4;;;;;-2.2;5.7;5.3;;;2.4;6.6;-0.5;-0.7;-7.9;2.7;-1.2;2.0;;0.3;-1.3;-1.7;;;;;;;;;;;;;;;;;;-4.3;-1.5;-5.6;;-5.2;-1.4;;;-1.7;3.4;;;;;;;-2.5;;;;;-1.4;;;5.3;1.0;-0.2;-3.0;4.0;5.4;2.0;;;;;0.7;;;;;;;-0.4;-0.9;-2.4;;;-6.5;;-5.0;;;;-2.5;;;-0.8;5.1;-6.1;;-1.9;-2.2;;4.8;;;;;1.2;;;-5.4;;;;-5.8;;;4.7;;;-15.4;;;;;;;;;;;;;;;;;;;;;;;0.2;-2.0;-7.1;-5.7;1.7;;-5.0;;;;;;;;;;;;;;;;;;;;;;;;;-6.1;;4.2;-2.4;3.0;-2.0;1.5;7.8;2.0;1.7;-6.4;-3.9;5.0
2024-03-18;;3.0;2.2;;1.3;;;;1.4;-2.8;-1.7;2.0;-1.4;-1.5;;2.4;;-5.1;;;0.2;-4.3;-7.6;;;;;;;;;;;;;;-3.1;2.7;;;9.7;;;;;;;;-3.7;;2.7;;;;;;;;6.6;;;;;;;;;;;;;;;;;;;;;;;;;;;;;;;;;;;;;;;;;;-2.6;;;;-1.2;;;;;;;;;;;;;;;;;;;;;;;;;;;;;;;;;;;;2.4;;0.5;6.9;;-1.4;;5.3;;5.9;;;;-0.9;5.7;-5.2;-4.1;;;;;5.3;-7.3;;;;;-2.1;5.7;5.4;;;2.5;6.6;-0.5;-0.7;-7.9;2.8;-1.4;1.9;;0.0;-1.3;-1.7;;;;;;;;;;;;;;;;;;-4.3;-1.4;-5.5;;-5.2;-1.4;;;-1.7;3.6;;;;;;;-2.5;;;;;-1.4;;;5.4;0.9;-0.2;-3.0;4.0;5.4;2.0;;;;;0.7;;;;;;;-0.5;-0.9;-2.4;;;-6.5;;-5.1;;;;-2.6;;;-0.8;5.1;-6.1;;-2.0;-2.2;;4.8;;;;;1.2;;;-5.4;;;;-5.8;;;4.7;;;-15.0;;;;;;;;;;;;;;;;;;;;;;;0.2;-2.0;-7.1;-5.8;1.9;;-5.0;;;;;;;;;;;;;;;;;;;;;;;;;-5.9;;4.3;-2.4;3.0;-2.0;1.4;7.9;2.0;1.7;-6.3;-3.8;5.0
2024-03-19;;3.0;2.2;;1.2;;;;1.4;-2.8;-1.7;1.9;-1.3;-1.6;;2.4;;-5.3;;;0.2;-4.3;-7.8;;;;;;;;;;;;;;-3.0;2.8;;;9.8;;;;;;;;-3.4;;2.7;;;;;;;;6.5;;;;;;;;;;;;;;;;;;;;;;;;;;;;;;;;;;;;;;;;;;-2.6;;;;-1.3;;;;;;;;;;;;;;;;;;;;;;;;;;;;;;;;;;;;2.4;;0.3;7.0;;-1.3;;5.4;;5.9;;;;-1.1;5.7;-5.2;-4.1;;;;;5.3;-7.4;;;;;-2.3;5.6;5.2;;;2.4;6.4;-0.7;-0.8;-7.9;3.0;-1.5;1.8;;0.0;-1.4;-1.8;;;;;;;;;;;;;;;;;;-4.1;-1.4;-5.5;;-5.3;-1.5;;;-1.7;3.6;;;;;;;-2.5;;;;;-1.4;;;5.5;1.0;-0.2;-3.0;4.0;5.5;;;;;;0.7;;;;;;;-0.8;-1.0;-2.4;;;-6.6;;-5.2;;;;-2.6;;;-0.8;4.9;-6.1;;-2.1;-2.2;;4.7;;;;;1.2;;;-5.4;;;;-5.8;;;4.7;;;-14.8;;;;;;;;;;;;;;;;;;;;;;;0.1;-2.0;-7.1;-5.7;2.0;;-4.9;;;;;;;;;;;;;;;;;;;;;;;;;-5.5;;4.3;-2.4;3.0;-2.0;1.4;8.0;2.0;1.8;-6.3;-3.7;5.0
2024-03-20;;3.0;2.2;;1.2;;;;1.1;;-1.7;2.0;-1.2;-1.6;;2.5;;-5.3;;;;-4.1;;;;;;;;;;;;;;;-3.0;2.8;;;9.8;;;;;;;;-3.4;;2.8;;;;;;;;6.6;;;;;;;;;;;;;;;;;;;;;;;;;;;;;;;;;;;;;;;;;;-2.7;;;;-1.6;;;;;;;;;;;;;;;;;;;;;;;;;;;;;;;;;;;;2.3;;0.2;7.0;;-1.3;;5.4;;5.8;;;;-1.1;5.7;-5.1;-4.1;;;;;5.2;-7.5;;;;;-2.5;5.6;5.0;;;2.3;6.5;-0.8;-0.8;-7.9;3.0;-1.7;1.8;;-0.1;-1.4;-2.1;;;;;;;;;;;;;;;;;;-4.2;-1.3;-5.5;;-5.1;-1.6;;;-1.7;3.7;;;;;;;-2.6;;;;;-1.4;;;5.7;1.0;-0.1;-2.9;4.0;5.5;2.1;;;;;0.8;;;;;;;-0.8;-1.0;-2.5;;;;;-5.3;;;;-2.7;;;-0.9;4.8;-6.4;;-2.2;-2.3;;4.8;;;;;1.2;;;-5.5;;;;-5.8;;;4.7;;;-14.3;;;;;;;;;;;;;;;;;;;;;;;0.0;-2.0;-7.1;-5.7;2.0;;-5.0;;;;;;;;;;;;;;;;;;;;;;;;;-5.3;;4.4;-2.4;3.1;-2.0;1.3;8.0;2.0;1.8;-6.3;-3.7;5.0
2024-03-21;;3.1;2.2;;1.2;;;;1.0;-2.8;-1.7;1.9;-1.2;-1.5;;2.5;;-5.3;;;0.0;-4.2;-8.0;;;;;;;;;;;;;;-3.0;3.0;;;9.7;;;;;;;;-2.7;;2.8;;;;;;;;6.6;;;;;;;;;;;;;;;;;;;;;;;;;;;;;;;;;;;;;;;;;;-2.7;;;;-1.7;;;;;;;;;;;;;;;;;;;;;;;;;;;;;;;;;;;;2.3;;0.2;7.0;;-1.3;;5.5;;5.7;;;;-1.1;5.8;-5.0;-4.0;;;;;5.4;-7.5;;;;;-2.5;5.6;5.2;;;2.3;6.6;-0.7;-0.8;-7.9;3.0;-1.5;1.9;;-0.1;-1.4;-1.9;;;;;;;;;;;;;;;;;;-4.2;-1.3;-5.5;;-5.0;-1.5;;;-1.7;3.8;;;;;;;-2.7;;;;;-1.6;;;5.7;1.0;-0.2;-3.0;4.0;5.5;2.1;;;;;0.7;;;;;;;-0.8;-1.0;-2.4;;;;;-5.2;;;;-2.6;;;-0.9;4.8;-6.4;;-2.2;-2.3;;4.8;;;;;1.2;;;-5.5;;;;-5.7;;;4.8;;;-14.6;;;;;;;;;;;;;;;;;;;;;;;0.0;-1.9;-7.1;-5.2;2.3;;-4.7;;;;;;;;;;;;;;;;;;;;;;;;;-5.3;;4.3;-2.5;3.0;-2.0;1.3;8.0;2.0;1.8;-6.3;-3.8;5.0
2024-03-22;;3.1;2.1;;1.0;;;;1.0;-2.8;-1.7;1.8;-1.3;-1.6;;2.4;;-5.3;;;-0.1;-4.3;-8.1;;;;;;;;;;;;;;-2.9;3.1;;;9.8;;;;;;;;-1.9;;2.8;;;;;;;;6.7;;;;;;;;;;;;;;;;;;;;;;;;;;;;;;;;;;;;;;;;;;-2.7;;;;-1.8;;;;;;;;;;;;;;;;;;;;;;;;;;;;;;;;;;;;2.2;;0.2;6.9;;-1.3;;5.4;;5.6;;;;-1.0;5.8;-4.9;-4.0;;;;;5.5;-7.4;;;;;-2.5;5.6;5.3;;;2.3;6.6;-0.5;-0.8;-7.9;3.1;-1.6;1.9;;-0.1;-1.4;-2.1;;;;;;;;;;;;;;;;;;-4.2;-1.2;-5.4;;-5.0;-1.4;;;-1.7;4.0;;;;;;;-2.6;;;;;-1.5;;;5.7;1.0;-0.2;-3.0;3.9;5.4;2.0;;;;;0.6;;;;;;;-0.5;-1.1;-2.4;;0.6;-6.6;;-5.2;;;;-2.6;;;-1.0;4.7;-6.3;;-2.3;-2.4;;4.7;;;;;1.2;;;-5.5;;;;-5.7;;;4.8;;;-14.8;;;;;;;;;;;;;;;;;;;;;;;0.0;-1.9;-7.2;-5.3;2.1;;-4.7;;;;;;;;;;;;;;;;;;;;;;;;;-5.2;;4.3;-2.5;3.0;-2.1;1.3;7.9;2.0;1.8;-6.3;-3.9;4.9
2024-03-23;;3.1;2.0;;1.0;;;;1.0;-2.8;-1.8;1.7;-1.4;-1.7;;2.4;;-5.0;;;-0.6;-4.3;-8.2;;;;;;;;;;;;;;-2.8;3.4;;;9.8;;;;;;;;-1.5;;2.9;;;;;;;;6.7;;;;;;;;;;;;;;;;;;;;;;;;;;;;;;;;;;;;;;;;;;-2.7;;;;-1.8;;;;;;;;;;;;;;;;;;;;;;;;;;;;;;;;;;;;2.1;;0.2;6.9;;-1.3;;5.4;;5.6;;;;-0.9;5.7;-4.8;-4.0;;;;;5.5;-7.4;;;;;-2.6;5.6;5.4;;;2.3;6.6;-0.4;-0.6;-7.9;3.2;-1.5;1.9;;0.0;-1.4;-2.0;;;;;;;;;;;;;;;;;;-4.3;-1.3;-5.3;;-4.8;-1.4;;;-1.7;;;;;;;;-2.7;;;;;-1.4;;;5.6;1.1;-0.2;-3.0;3.9;;1.9;;;;;0.4;;;;;;;-0.5;-1.2;-2.3;;0.6;-6.7;;-5.2;;;;-2.9;;;-1.1;4.7;-6.5;;-2.3;-2.6;;4.7;;;;;1.1;;;-5.5;;;;-5.8;;;4.8;;;-14.8;;;;;;;;;;;;;;;;;;;;;;;0.0;-1.8;-7.3;-5.3;2.6;;-4.8;;;;;;;;;;;;;;;;;;;;;;;;;-5.2;;4.3;-2.5;3.0;-2.0;1.5;;2.0;;-6.3;-3.9;5.0
2024-03-24;;3.1;2.0;;1.2;;;;1.1;-2.8;-1.8;1.7;-1.2;-1.6;;2.5;;-4.8;;;-0.5;-4.2;-8.4;;;;;;;;;;;;;;-2.8;3.4;;;9.7;;;;;;;;-1.5;;3.0;;;;;;;;6.8;;;;;;;;;;;;;;;;;;;;;;;;;;;;;;;;;;;;;;;;;;-2.7;;;;-1.9;;;;;;;;;;;;;;;;;;;;;;;;;;;;;;;;;;;;2.2;;0.2;6.9;;-1.3;;5.4;;5.6;;;;-0.9;5.7;-4.8;-4.0;;;;;5.5;-7.3;;;;;-2.6;5.7;5.4;;;2.2;6.7;-0.4;-0.6;-7.8;3.2;-1.5;1.9;;0.2;-1.3;-1.9;;;;;;;;;;;;;;;;;;-4.4;-1.3;-5.3;;-4.7;-1.4;;;-1.7;4.0;;;;;;;-2.7;;;;;-1.4;;;5.6;1.2;-0.3;-3.1;3.9;5.4;1.9;;;;;0.2;;;;;;;-0.5;-1.2;-2.3;;0.6;-6.7;;-5.2;;;;-3.0;;;-1.1;4.8;-6.5;;-2.4;-2.6;;4.7;;;;;1.1;;;-5.5;;;;-5.7;;;4.8;;;-15.0;;;;;;;;;;;;;;;;;;;;;;;0.0;-1.8;-7.3;-5.2;2.5;;-4.9;;;;;;;;;;;;;;;;;;;;;;;;;-5.2;;4.4;-2.5;3.1;-1.9;1.5;8.0;2.1;1.7;-6.3;-3.9;5.0
2024-03-25;;3.1;2.0;;1.3;;;;1.1;-2.8;-1.8;1.7;-1.2;-1.7;;2.6;;-4.7;;;-0.3;-4.2;-8.5;;;;;;;;;;;;;;-2.8;3.4;;;9.7;;;;;;;;-1.3;;3.1;;;;;;;;6.8;;;;;;;;;;;;;;;;;;;;;;;;;;;;;;;;;;;;;;;;;;-2.7;;;;-1.8;;;;;;;;;;;;;;;;;;;;;;;;;;;;;;;;;;;;2.1;;0.2;6.9;;-1.3;;5.4;;5.6;;;;-1.1;5.7;-4.7;-4.1;;;;;5.6;-7.2;;;;;-2.5;5.8;5.5;;;2.3;6.8;-0.2;-0.6;-7.7;3.2;-1.2;1.9;;0.2;-1.2;-1.8;;;;;;;;;;;;;;;;;;-4.2;-1.4;-5.2;;-4.7;-1.3;;;-1.7;4.1;;;;;;;-2.7;;;;;-1.4;;;5.7;1.1;-0.3;-3.1;3.9;5.4;1.8;;;;;0.3;;;;;;;-0.5;-1.2;-2.2;;0.7;-6.7;;-5.1;;;;-3.0;;;-1.1;4.8;-6.7;;-2.4;-2.6;;4.7;;;;;1.1;;;-5.5;;;;-5.7;;;4.9;;;-15.0;;;;;;;;;;;;;;;;;;;;;;;0.1;-1.8;-7.3;-4.9;2.3;;-4.7;;;;;;;;;;;;;;;;;;;;;;;;;-5.2;;4.5;-2.4;3.1;-1.9;1.5;7.9;1.9;1.8;-6.3;-3.9;5.0
2024-03-26;;3.1;2.1;;1.3;;;;1.1;-2.7;-1.7;1.7;-1.2;-1.7;;2.6;;-4.8;;;-0.4;-4.1;-8.5;;;;;;;;;;;;;;-2.9;3.5;;;9.8;;;;;;;;-1.3;;3.2;;;;;;;;6.8;;;;;;;;;;;;;;;;;;;;;;;;;;;;;;;;;;;;;;;;;;-2.7;;;;-1.8;;;;;;;;;;;;;;;;;;;;;;;;;;;;;;;;;;;;1.9;;0.2;7.0;;-1.3;;5.5;;5.6;;;;-1.1;5.7;-4.7;-4.1;;;;;5.6;-7.2;;;;;-2.3;6.0;5.7;;;2.3;6.8;-0.3;-0.4;-7.6;3.3;-1.1;2.0;;0.3;-1.0;-1.7;;;;;;;;;;;;;;;;;;-4.2;-1.4;-5.2;;-4.7;-1.3;;;-1.6;4.1;;;;;;;-2.7;;;;;-1.4;;;5.8;1.0;-0.3;-3.1;3.9;5.3;;;;;;0.1;;;;;;;-0.5;-1.2;-2.2;;0.9;-6.8;;-5.1;;;;-3.0;;;-1.1;4.8;-6.7;;-2.4;-2.6;;4.7;;;;;1.2;;;-5.5;;;;-5.7;;;4.8;;;-14.6;;;;;;;;;;;;;;;;;;;;;;;0.1;-1.8;-7.2;-5.0;2.1;;-4.9;;;;;;;;;;;;;;;;;;;;;;;;;-5.4;;4.4;-2.4;3.1;-1.9;1.6;8.1;2.1;1.8;-6.3;-3.9;5.0
2024-03-27;;3.1;2.1;;1.1;;;;1.1;-2.7;-1.7;1.8;-1.0;-1.7;;2.6;;-5.1;;;-0.5;-4.1;-8.8;;;;;;;;;;;;;;-2.9;3.5;;;9.8;;;;;;;;-1.3;;3.3;;;;;;;;6.7;;;;;;;;;;;;;;;;;;;;;;;;;;;;;;;;;;;;;;;;;;;;;;;;;;;;;;;;;;;;;;;;;;;;;;;;;;;;;;;;;;2.0;;0.2;7.1;;-1.3;;5.5;;5.6;;;;-1.3;5.7;-4.6;-4.0;;;;;5.6;-7.2;;;;;-2.3;6.1;5.8;;;2.4;6.9;-0.4;-0.5;-7.6;3.3;-1.0;2.0;;0.4;-1.0;-1.7;;;;;;;;;;;;;;;;;;-4.2;-1.3;-5.1;;-4.8;-1.3;;;-1.7;4.1;;;;;;;-2.6;;;;;-1.3;;;5.8;1.0;-0.3;-3.1;3.8;5.4;;;;;;0.0;;;;;;;;;;;;;;;;;;;;;;;;;;;;;;;;;;;;;;;;;;;;;;;;;;;;;;;;;;;;;;;;;;;;;0.2;-1.8;-7.1;-5.1;2.1;;-4.9;;;;;;;;;;;;;;;;;;;;;;;;;-5.7;;4.5;-2.4;3.0;-1.8;1.6;8.1;2.1;1.8;-6.3;-3.8;5.0
2024-03-28;;3.1;2.1;;1.0;;;;1.1;-2.6;-1.8;1.8;-1.0;-1.7;;2.7;;-5.0;;;-0.6;-4.1;-8.8;;;;;;;;;;;;;;-2.9;3.5;;;;;;;;;;;-1.1;;3.3;;;;;;;;6.7;;;;;;;;;;;;;;;;;;;;;;;;;;;;;;;;;;;;;;;;;;-2.7;;;;-1.9;;;;;;;;;;;;;;;;;;;;;;;;;;;;;;;;;;;;2.1;;0.2;7.2;;;;5.6;;5.6;;;;-1.3;5.7;-4.6;-3.9;;;;;5.6;-7.2;;;;;-2.2;6.2;5.9;;;2.5;6.9;-0.4;-0.6;-7.5;3.4;-1.0;2.0;;0.3;-0.9;-1.7;;;;;;;;;;;;;;;;;;;-1.3;-5.1;;-4.8;;;;-1.7;;;;;;;;-2.4;;;;;-1.2;;;;0.9;-0.4;-3.1;3.8;5.3;1.8;;;;;0.0;;;;;;;-0.4;-1.3;-2.1;;0.9;-6.8;;-5.2;;;;-3.0;;;-1.1;4.7;-7.1;;-2.5;-2.6;;4.7;;;;;1.1;;;-5.5;;;;-5.7;;;4.8;;;-14.5;;;;;;;;;;;;;;;;;;;;;;;0.2;-1.8;-7.1;-5.0;1.9;;-4.9;;;;;;;;;;;;;;;;;;;;;;;;;-5.7;;4.5;-2.4;3.0;-1.8;1.6;8.1;2.1;1.8;-6.3;-3.7;5.0
2024-03-29;;;2.1;;1.0;;;;1.0;-2.5;-1.7;1.8;-0.9;-1.6;;2.6;;-5.1;;;-0.8;-4.0;-8.7;;;;;;;;;;;;;;-2.9;3.6;;;;;;;;;;;-1.1;;3.4;;;;;;;;6.6;;;;;;;;;;;;;;;;;;;;;;;;;;;;;;;;;;;;;;;;;;-2.8;;;;-2.0;;;;;;;;;;;;;;;;;;;;;;;;;;;;;;;;;;;;2.1;;0.2;7.1;;;;5.6;;5.6;;;;-1.4;5.7;-4.7;-4.0;;;;;5.7;-7.2;;;;;-2.3;6.3;5.9;;;2.5;6.7;-0.5;-0.4;-7.6;3.2;-1.1;2.0;;0.4;-1.0;-1.7;;;;;;;;;;;;;;;;;;-4.1;-1.3;-5.1;;-4.9;-1.4;;;-1.8;4.4;;;;;;;-2.3;;;;;-1.2;;;6.0;1.0;-0.3;-3.2;3.8;5.3;1.8;;;;;0.1;;;;;;;-0.5;-1.6;-2.2;;1.2;-6.9;;-5.2;;;;-3.1;;;-1.1;4.7;-7.6;;-2.7;-2.7;;4.7;;;;;1.1;;;-5.5;;;;-5.7;;;4.8;;;-14.3;;;;;;;;;;;;;;;;;;;;;;;0.2;-1.8;-7.1;-5.2;1.9;;-4.9;;;;;;;;;;;;;;;;;;;;;;;;;-5.3;;4.5;-2.5;3.0;-1.8;1.5;8.1;2.2;1.9;-6.3;-3.6;4.9
2024-03-30;;;2.1;;0.8;;;;1.0;-2.5;-1.7;1.8;-0.9;-1.6;;2.7;;-5.2;;;-1.0;-4.1;-8.7;;;;;;;;;;;;;;-3.0;3.5;;;9.9;;;;;;;;-1.4;;3.3;;;;;;;;6.6;;;;;;;;;;;;;;;;;;;;;;;;;;;;;;;;;;;;;;;;;;-2.8;;;;-2.0;;;;;;;;;;;;;;;;;;;;;;;;;;;;;;;;;;;;2.1;;0.2;7.1;;;;5.5;;5.7;;;;-1.6;5.7;-4.8;-4.0;;;;;5.7;-7.1;;;;;-2.3;6.4;6.0;;;2.5;6.6;-0.5;-0.4;-7.4;3.2;-0.9;2.1;;0.3;-1.0;-1.7;;;;;;;;;;;;;;;;;;-4.1;-1.3;-5.1;;-4.9;-1.6;;;-1.8;4.3;;;;;;;-2.3;;;;;-1.2;;;6.1;1.0;-0.3;-3.3;3.8;5.2;1.8;;;;;0.2;;;;;;;-0.4;-1.6;-2.2;;1.4;-6.9;;-5.1;;;;-3.3;;;-1.1;4.6;-7.4;;-2.7;-2.6;;4.7;;;;;1.1;;;-5.6;;;;-5.7;;;4.7;;;-14.3;;;;;;;;;;;;;;;;;;;;;;;;;-7.1;-5.1;1.6;;-4.9;;;;;;;;;;;;;;;;;;;;;;;;;-5.3;;4.5;-2.6;3.0;-1.8;1.6;8.1;2.2;1.9;-6.3;-3.6;4.9
2024-03-31;;3.1;2.1;;0.8;;;;0.9;-2.5;-1.7;1.8;-0.9;-1.6;;2.5;;-5.3;;;-1.3;-4.1;-8.7;;;;;;;;;;;;;;-3.0;3.5;;;9.9;;;;;;;;-1.6;;3.5;;;;;;;;6.5;;;;;;;;;;;;;;;;;;;;;;;;;;;;;;;;;;;;;;;;;;-2.8;;;;-2.0;;;;;;;;;;;;;;;;;;;;;;;;;;;;;;;;;;;;2.1;;0.2;7.1;;;;5.5;;5.8;;;;-1.7;5.6;-4.7;-3.9;;;;;5.7;-7.1;;;;;-2.4;6.4;5.9;;;2.4;6.7;-0.4;-0.4;-7.3;3.2;-0.8;1.9;;0.2;-1.1;-1.6;;;;;;;;;;;;;;;;;;-4.1;-1.3;-5.2;;-4.9;-1.7;;;-1.9;4.3;;;;;;;-2.3;;;;;-1.0;;;6.1;1.0;-0.3;-3.3;3.7;5.2;2.0;;;;;0.1;;;;;;;-0.4;-1.7;-2.4;;1.5;-6.9;;-5.1;;;;-3.4;;;-1.0;4.6;-7.7;;-2.9;-2.7;;4.7;;;;;1.1;;;-5.6;;;;-5.7;;;4.7;;;-15.1;;;;;;;;;;;;;;;;;;;;;;;0.2;-1.8;-7.1;-5.1;1.4;;-5.0;;;;;;;;;;;;;;;;;;;;;;;;;-5.2;;4.4;-2.6;3.0;-1.8;1.5;8.1;2.2;1.8;-6.3;-3.5;4.9
2024-04-01;;3.1;2.1;;0.8;;;;0.9;-2.5;-1.7;1.9;-0.8;-1.7;;2.6;;-5.2;;;-1.6;-4.1;-8.6;;;;;;;;;;;;;;-3.0;3.5;;;10.1;;;;;;;;-1.4;;3.5;;;;;;;;6.6;;;;;;;;;;;;;;;;;;;;;;;;;;;;;;;;;;;;;;;;;;-2.8;;;;-1.9;;;;;;;;;;;;;;;;;;;;;;;;;;;;;;;;;;;;2.1;;0.3;7.1;;;;5.5;;5.9;;;;-1.7;5.6;-4.8;-3.8;;;;;5.7;-7.0;;;;;-2.3;6.6;6.0;;;2.4;6.7;-0.4;-0.4;-7.3;3.2;-0.7;2.0;;0.4;-1.0;-1.5;;;;;;;;;;;;;;;;;;-4.1;-1.3;-5.2;;-4.9;-1.5;;;-1.8;;;;;;;;-2.3;;;;;-1.0;;;6.1;1.0;-0.3;-3.3;3.7;5.2;1.9;;;;;0.2;;;;;;;-0.4;-1.8;-2.5;;1.4;-6.8;;-5.1;;;;-3.5;;;-1.1;4.4;-7.8;;-2.8;-2.8;;4.7;;;;;1.1;;;-5.6;;;;-5.8;;;4.7;;;-14.8;;;;;;;;;;;;;;;;;;;;;;;0.2;-1.7;-7.1;-5.1;1.4;;-5.2;;;;;;;;;;;;;;;;;;;;;;;;;-5.2;;4.4;-2.6;3.0;-1.8;1.5;8.1;2.2;1.8;-6.3;-3.5;4.9
2024-04-02;;3.2;2.0;;0.7;;;;0.8;-2.4;-1.6;2.0;-0.8;-1.6;;2.6;;-5.1;;;-1.5;-4.1;-8.6;;;;;;;;;;;;;;-3.1;3.5;;;10.1;;;;;;;;-1.4;;3.4;;;;;;;;6.5;;;;;;;;;;;;;;;;;;;;;;;;;;;;;;;;;;;;;;;;;;-2.8;;;;-1.8;;;;;;;;;;;;;;;;;;;;;;;;;;;;;;;;;;;;2.2;;0.5;7.1;;;;5.5;;5.9;;;;-1.8;5.6;-4.8;-3.8;;;;;5.7;-7.0;;;;;-2.3;6.6;6.0;;;2.5;6.7;-0.3;-0.4;-7.2;3.3;-0.6;2.0;;0.4;-1.0;-1.4;;;;;;;;;;;;;;;;;;-4.1;-1.3;-5.3;;-4.9;-1.3;;;-1.9;4.3;;;;;;;-2.1;;;;;-1.0;;;6.3;1.0;-0.3;-3.3;3.6;5.3;;;;;;0.3;;;;;;;-0.3;-1.8;-2.4;;1.4;-6.9;;-5.1;;;;-3.5;;;-1.1;4.4;-7.8;;-2.8;-2.9;;4.7;;;;;1.1;;;-5.6;;;;-5.7;;;4.7;;;-14.9;;;;;;;;;;;;;;;;;;;;;;;0.2;-1.6;-7.2;-5.1;1.3;;-5.2;;;;;;;;;;;;;;;;;;;;;;;;;-5.2;;4.3;-2.5;3.1;-1.8;1.4;8.2;2.2;1.8;-6.3;-3.6;4.8
2024-04-03;;3.2;2.1;;0.8;;;;0.8;-2.4;-1.6;1.9;-0.8;-1.7;;2.5;;-5.1;;;-1.8;-4.1;-8.6;;;;;;;;;;;;;;-3.1;3.6;;;10.1;;;;;;;;-1.7;;3.5;;;;;;;;6.4;;;;;;;;;;;;;;;;;;;;;;;;;;;;;;;;;;;;;;;;;;-2.7;;;;-1.8;;;;;;;;;;;;;;;;;;;;;;;;;;;;;;;;;;;;2.2;;0.6;7.2;;-1.1;;5.4;;5.9;;;;-1.8;5.6;-4.7;-3.8;;;;;5.7;-6.9;;;;;-2.3;6.7;5.9;;;2.6;6.9;0.0;-0.3;-7.1;3.2;-0.4;2.2;;0.6;-0.9;-1.2;;;;;;;;;;;;;;;;;;-4.0;-1.4;-5.3;;-4.9;-1.0;;;-1.8;4.3;;;;;;;-1.9;;;;;-0.9;;;6.3;1.0;-0.4;-3.3;3.6;5.2;;;;;;0.3;;;;;;;;;;;;;;;;;;;;;;;;;;;;4.7;;;;;1.0;;;-5.6;;;;-5.8;;;4.6;;;-14.5;;;;;;;;;;;;;;;;;;;;;;;0.2;-1.5;-7.1;-5.2;1.3;;-5.1;;;;;;;;;;;;;;;;;;;;;;;;;-5.1;;4.4;-2.6;3.1;-1.8;1.3;8.1;2.2;1.8;-6.3;-3.6;4.9
2024-04-04;;3.1;2.1;;0.8;;;;0.8;-2.4;-1.7;1.9;-0.8;-1.7;;2.5;;-5.1;;;-1.8;-4.2;-8.5;;;;;;;;;;;;;;-3.1;3.5;;;10.1;;;;;;;;-1.9;;3.5;;;;;;;;6.5;;;;;;;;;;;;;;;;;;;;;;;;;;;;;;;;;;;;;;;;;;-2.7;;;;-1.8;;;;;;;;;;;;;;;;;;;;;;;;;;;;;;;;;;;;2.2;;0.7;7.3;;-1.2;;5.4;;5.7;;;;-1.8;5.7;-4.7;-3.7;;;;;5.7;-7.0;;;;;-2.2;6.9;6.1;;;2.5;6.9;0.0;-0.2;-6.9;3.2;-0.4;2.1;;0.5;-0.7;-1.2;;;;;;;;;;;;;;;;;;-4.0;-1.4;-5.5;;-4.9;-0.9;;;-1.8;4.4;;;;;;;-1.8;;;;;-0.9;;;6.3;1.0;-0.4;-3.4;3.6;5.2;1.9;;;;;0.3;;;;;;;-0.3;-1.9;;;1.4;-7.0;;;;;;-3.5;;;;4.3;;;-2.8;-2.9;;4.7;;;;;1.0;;;-5.5;;;;-5.8;;;4.6;;;-14.4;;;;;;;;;;;;;;;;;;;;;;;0.3;-1.5;-7.0;-5.2;1.3;;-5.0;;;;;;;;;;;;;;;;;;;;;;;;;-5.0;;4.4;-2.6;3.1;-1.7;1.3;8.1;2.2;1.8;-6.3;-3.6;4.9
2024-04-05;;3.0;2.0;;0.8;;;;1.0;;-1.6;1.9;-0.8;-1.7;;2.6;;-5.1;;;-2.1;-4.1;-8.5;;;;;;;;;;;;;;-3.1;3.6;;;10.3;;;;;;;;-1.6;;3.5;;;;;;;;6.6;;;;;;;;;;;;;;;;;;;;;;;;;;;;;;;;;;;;;;;;;;-2.7;;;;-1.8;;;;;;;;;;;;;;;;;;;;;;;;;;;;;;;;;;;;2.3;;0.8;7.3;;-1.2;;5.4;;5.7;;;;-1.8;5.7;-4.6;-3.7;;;;;5.7;-7.1;;;;;-2.0;7.0;6.1;;;2.6;7.0;0.2;-0.2;-6.9;3.2;-0.2;2.3;;0.7;-0.7;-1.1;;;;;;;;;;;;;;;;;;-3.8;-1.4;-5.5;;-4.9;-0.7;;;-1.8;4.5;;;;;;;-1.7;;;;;-0.8;;;6.4;1.0;-0.4;-3.3;3.5;5.2;;;;;;0.3;;;;;;;-0.3;-1.9;-2.4;;1.4;-6.8;;-5.0;;;;-3.5;;;-1.2;1.6;-7.7;;-2.6;-2.9;;4.7;;;;;1.0;;;-5.5;;;;-5.8;;;4.6;;;-13.8;;;;;;;;;;;;;;;;;;;;;;;0.3;-1.4;-7.0;-5.1;1.6;;-5.0;;;;;;;;;;;;;;;;;;;;;;;;;-5.1;;4.3;-2.6;3.1;-1.7;1.2;8.2;2.3;1.8;-6.3;-3.6;4.9
2024-04-06;;3.0;2.0;;0.9;;;;1.0;;;;;;;;;;;;;-4.1;;;;;;;;;;;;;;;-3.1;3.5;;;10.3;;;;;;;;-1.1;;3.5;;;;;;;;6.5;;;;;;;;;;;;;;;;;;;;;;;;;;;;;;;;;;;;;;;;;;-2.7;;;;-1.8;;;;;;;;;;;;;;;;;;;;;;;;;;;;;;;;;;;;2.3;;0.7;7.4;;-1.3;;5.4;;;;;;-1.8;5.7;-4.6;-3.7;;;;;5.7;-7.0;;;;;-2.1;7.1;6.4;;;2.6;7.0;0.1;-0.1;-6.9;3.2;-0.4;2.3;;0.7;-0.7;-1.0;;;;;;;;;;;;;;;;;;-3.8;-1.4;-5.5;;-4.8;-0.8;;;-1.8;4.5;;;;;;;-1.6;;;;;-0.9;;;6.4;1.0;-0.5;-3.3;3.4;5.2;1.8;;;;;0.2;;;;;;;-0.2;-1.9;-2.4;;1.2;-6.8;;-4.9;;;;-3.4;;;-1.2;1.8;-7.3;;-2.4;-2.9;;4.7;;;;;1.0;;;-5.5;;;;-5.8;;;4.6;;;-13.9;;;;;;;;;;;;;;;;;;;;;;;0.3;-1.4;-6.9;-5.0;1.6;;-5.1;;;;;;;;;;;;;;;;;;;;;;;;;-5.0;;4.4;-2.6;3.1;-1.7;1.2;8.2;2.3;1.8;-6.3;-3.6;5.0
2024-04-07;;3.0;1.9;;0.9;;;;1.0;-2.3;-1.5;2.0;-0.9;-1.6;;2.7;;-5.1;;;-2.2;-4.1;-8.6;;;;;;;;;;;;;;-3.2;3.3;;;10.2;;;;;;;;-0.7;;3.5;;;;;;;;6.4;;;;;;;;;;;;;;;;;;;;;;;;;;;;;;;;;;;;;;;;;;-2.6;;;;-1.8;;;;;;;;;;;;;;;;;;;;;;;;;;;;;;;;;;;;2.2;;0.8;7.4;;-1.5;;5.5;;5.6;;;;-1.8;5.6;-4.6;-3.7;;;;;5.7;-7.1;;;;;-2.3;7.0;6.3;;;2.6;6.8;-0.2;0.1;-6.9;3.2;-0.6;2.2;;0.7;-0.8;-1.2;;;;;;;;;;;;;;;;;;-3.8;-1.4;-5.6;;-4.9;-0.7;;;-1.9;4.5;;;;;;;-1.6;;;;;-0.9;;;6.2;1.0;-0.5;-3.3;3.4;5.2;1.8;;;;;0.3;;;;;;;-0.1;-1.9;-2.3;;1.1;-6.8;;-4.9;;;;-3.4;;;-1.2;1.7;-7.2;;-2.4;-2.8;;4.7;;;;;1.0;;;-5.5;;;;-5.8;;;4.7;;;-14.2;;;;;;;;;;;;;;;;;;;;;;;0.4;-1.4;-6.9;-4.9;1.8;;-5.2;;;;;;;;;;;;;;;;;;;;;;;;;-4.9;;4.4;-2.6;;-1.7;1.1;8.2;2.2;1.8;-6.3;-3.5;4.9
2024-04-08;;3.1;1.9;;0.9;;;;1.0;-2.3;-1.6;1.9;-0.9;-1.7;;2.6;;-5.2;;;-2.2;-4.1;-8.6;;;;;;;;;;;;;;-3.3;3.2;;;10.1;;;;;;;;-1.3;;3.4;;;;;;;;6.4;;;;;;;;;;;;;;;;;;;;;;;;;;;;;;;;;;;;;;;;;;-2.6;;;;-1.8;;;;;;;;;;;;;;;;;;;;;;;;;;;;;;;;;;;;2.2;;0.7;7.3;;-1.5;;5.5;;5.5;;;;-1.8;5.6;-4.6;-3.7;;;;;5.5;-7.0;;;;;-2.3;6.9;6.2;;;2.5;6.8;-0.1;0.1;-6.8;3.1;-0.4;2.2;;0.7;-0.8;-1.1;;;;;;;;;;;;;;;;;;-3.7;-1.5;-5.6;;-4.9;-0.6;;;-1.7;4.5;;;;;;;-1.5;;;;;-0.9;;;6.2;1.0;-0.5;-3.3;3.5;5.1;1.8;;;;;0.4;;;;;;;-0.1;-1.8;-2.3;;1.1;-6.8;;-4.9;;;;-3.4;;;-1.1;1.6;-7.5;;-2.5;-2.9;;4.7;;;;;1.0;;;-5.5;;;;-5.8;;;4.7;;;-14.2;;;;;;;;;;;;;;;;;;;;;;;0.4;-1.3;-6.9;-5.1;1.5;;-5.0;;;;;;;;;;;;;;;;;;;;;;;;;-4.9;;4.5;-2.6;3.1;-1.7;1.1;8.2;2.2;1.8;-6.3;-3.5;4.9
2024-04-09;;3.1;1.9;;0.9;;;;1.0;-2.3;-1.6;2.0;;-1.7;;;;-5.2;;;-2.2;-4.0;-8.5;;;;;;;;;;;;;;-3.2;3.3;;;10.1;;;;;;;;-2.1;;3.4;;;;;;;;6.3;;;;;;;;;;;;;;;;;;;;;;;;;;;;;;;;;;;;;;;;;;-2.6;;;;-1.7;;;;;;;;;;;;;;;;;;;;;;;;;;;;;;;;;;;;2.4;;0.7;7.2;;-1.5;;5.4;;5.5;;;;-1.9;5.6;-4.7;-3.7;;;;;5.5;-7.0;;;;;-2.3;6.8;6.3;;;2.5;6.7;-0.2;0.1;-7.0;3.1;-0.3;2.2;;0.7;-0.8;-1.2;;;;;;;;;;;;;;;;;;-3.7;-1.5;-5.6;;-4.8;-0.7;;;-1.6;4.3;;;;;;;-1.5;;;;;-0.9;;;6.2;0.9;-0.5;-3.4;3.5;5.1;1.9;;;;;0.4;;;;;;;0.0;-1.8;-2.3;;1.2;-6.7;;-4.9;;;;-3.4;;;-1.0;1.7;-7.4;;-2.3;-2.7;;4.7;;;;;1.0;;;-5.5;;;;-5.8;;;4.7;;;-14.6;;;;;;;;;;;;;;;;;;;;;;;0.3;-1.4;-6.8;-5.4;1.5;;-5.3;;;;;;;;;;;;;;;;;;;;;;;;;-4.7;;4.6;-2.5;3.1;-1.8;1.0;8.2;2.2;1.8;-6.3;-3.5;4.8
2024-04-10;;3.2;1.9;;0.9;;;;1.0;-2.2;-1.5;2.1;-0.9;-1.7;;2.8;;-5.1;;;-2.2;-3.9;-8.5;;;;;;;;;;;;;;-3.2;3.3;;;9.9;;;;;;;;-2.6;;3.5;;;;;;;;6.3;;;;;;;;;;;;;;;;;;;;;;;;;;;;;;;;;;;;;;;;;;-2.6;;;;-1.7;;;;;;;;;;;;;;;;;;;;;;;;;;;;;;;;;;;;2.4;;0.6;7.1;;-1.5;;5.4;;5.4;;;;-1.9;5.6;-4.7;-3.8;;;;;5.4;-7.0;;;;;-2.2;6.8;6.1;;;2.4;6.5;-0.3;0.1;-6.9;3.1;-0.4;2.1;;0.8;-0.8;-1.1;;;;;;;;;;;;;;;;;;-3.6;-1.5;-5.7;;-4.9;-0.6;;;-1.5;4.3;;;;;;;-1.6;;;;;-0.9;;;6.2;0.9;-0.5;-3.3;3.6;5.1;2.0;;;;;0.3;;;;;;;0.1;-1.6;-2.2;;1.2;-6.7;;-4.9;;;;-3.4;;;-0.9;1.7;-7.4;;-2.3;-2.6;;4.7;;;;;1.0;;;-5.6;;;;-5.8;;;;;;-14.7;;;;;;;;;;;;;;;;;;;;;;;0.4;-1.4;-6.7;-5.4;1.5;;-5.3;;;;;;;;;;;;;;;;;;;;;;;;;-4.7;;4.6;-2.5;3.1;-1.8;1.0;8.2;2.2;1.8;-6.3;-3.5;4.8
2024-04-11;;3.2;1.9;;0.9;;;;1.0;-2.2;-1.5;2.0;-0.9;-1.7;;2.9;;-5.1;;;-2.3;-3.9;-8.5;;;;;;;;;;;;;;-3.1;3.5;;;9.7;;;;;;;;-2.7;;3.4;;;;;;;;6.4;;;;;;;;;;;;;;;;;;;;;;;;;;;;;;;;;;;;;;;;;;-2.6;;;;-1.7;;;;;;;;;;;;;;;;;;;;;;;;;;;;;;;;;;;;2.3;;0.5;7.0;;-1.5;;5.4;;5.4;;;;-1.8;5.5;-4.7;-3.8;;;;;5.4;-7.0;;;;;-2.4;6.7;6.0;;;2.3;6.5;-0.5;0.0;-7.0;3.1;-0.4;2.2;;0.6;-1.0;-1.3;;;;;;;;;;;;;;;;;;-3.5;-1.6;-5.8;;-5.0;-0.5;;;-1.5;4.0;;;;;;;-1.6;;;;;-1.0;;;6.1;0.9;-0.5;-3.3;3.6;5.1;1.8;;;;;0.1;;;;;;;0.3;-1.5;-2.1;;1.4;-6.7;;-4.9;;;;-3.1;;;-0.7;1.8;-7.3;;-2.3;-2.6;;4.7;;;;;1.1;;;-5.6;;;;-5.8;;;4.7;;;-14.9;;;;;;;;;;;;;;;;;;;;;;;0.4;-1.2;-6.7;-5.2;1.6;;-5.3;;;;;;;;;;;;;;;;;;;;;;;;;-4.6;;4.5;-2.5;3.1;-1.7;0.9;8.2;2.1;1.7;-6.3;-3.5;4.8
2024-04-12;;3.1;1.9;;0.9;;;;1.0;-2.2;-1.6;1.9;-0.9;-1.7;;2.9;;-5.2;;;-2.4;-3.9;-8.5;;;;;;;;;;;;;;-3.1;3.4;;;9.7;;;;;;;;-2.6;;3.3;;;;;;;;6.4;;;;;;;;;;;;;;;;;;;;;;;;;;;;;;;;;;;;;;;;;;-2.6;;;;-1.7;;;;;;;;;;;;;;;;;;;;;;;;;;;;;;;;;;;;2.3;;0.5;7.0;;-1.7;;5.5;;5.2;;;;-1.9;5.4;-4.7;-3.9;;;;;5.3;-7.0;;;;;-2.4;6.5;6.0;;;2.3;6.5;-0.5;0.0;-7.1;3.0;-0.4;2.0;;0.5;-1.1;-1.4;;;;;;;;;;;;;;;;;;-3.5;-1.6;-5.9;;-5.2;-0.5;;;-1.5;4.1;;;;;;;-1.6;;;;;-1.0;;;5.9;0.9;-0.4;-3.3;3.6;5.0;1.9;;;;;-0.1;;;;;;;0.2;-1.5;-2.1;;1.4;-6.6;;-4.9;;;;-3.3;;;-0.9;1.6;-7.6;;-2.4;-2.6;;4.6;;;;;1.1;;;-5.6;;;;-5.8;;;4.6;;;-14.8;;;;;;;;;;;;;;;;;;;;;;;0.4;-1.1;-6.7;-5.2;1.2;;-5.2;;;;;;;;;;;;;;;;;;;;;;;;;-4.5;;4.6;-2.5;3.1;-1.7;1.0;8.2;;1.8;-6.3;-3.5;4.8
2024-04-13;;3.1;1.8;;0.8;;;;1.0;-2.3;-1.7;1.9;-0.9;-1.7;;2.7;;-5.2;;;-2.4;-4.0;-8.5;;;;;;;;;;;;;;-3.1;3.3;;;9.8;;;;;;;;-2.1;;3.4;;;;;;;;6.5;;;;;;;;;;;;;;;;;;;;;;;;;;;;;;;;;;;;;;;;;;-2.6;;;;-1.6;;;;;;;;;;;;;;;;;;;;;;;;;;;;;;;;;;;;2.5;;0.4;7.1;;-1.7;;5.4;;5.1;;;;-1.9;;-4.7;-3.9;;;;;5.3;-7.1;;;;;-2.5;6.6;6.0;;;2.2;6.5;-0.3;0.0;-7.0;3.1;-0.5;2.2;;0.5;-1.2;-1.5;;;;;;;;;;;;;;;;;;-3.4;-1.6;-5.9;;-5.4;-0.4;;;-1.3;4.1;;;;;;;-1.6;;;;;-1.0;;;6.0;1.0;-0.5;-3.3;3.7;5.0;2.0;;;;;-0.2;;;;;;;0.0;-1.6;-2.2;;1.4;-6.8;;-5.0;;;;-3.3;;;-0.9;1.3;-7.7;;-2.6;-2.8;;4.6;;;;;1.1;;;-5.6;;;;-5.8;;;;;;;;;;;;;;;;;;;;;;;;;;;;;0.5;-1.2;-6.7;-5.3;0.7;;-5.0;;;;;;;;;;;;;;;;;;;;;;;;;-4.4;;4.5;-2.5;3.1;-1.7;1.0;8.2;;1.7;-6.3;-3.5;4.8
2024-04-14;;3.4;1.8;;0.7;;;;0.8;-2.3;-1.8;1.9;-0.8;-1.7;;2.5;;-5.1;;;-2.4;-4.1;-8.5;;;;;;;;;;;;;;-3.1;3.4;;;9.7;;;;;;;;-2.1;;3.5;;;;;;;;6.6;;;;;;;;;;;;;;;;;;;;;;;;;;;;;;;;;;;;;;;;;;-2.7;;;;-1.5;;;;;;;;;;;;;;;;;;;;;;;;;;;;;;;;;;;;2.6;;0.4;7.2;;-1.6;;5.4;;4.9;;;;-1.9;;-4.6;-3.9;;;;;5.3;-6.9;;;;;-2.4;6.6;6.2;;;2.2;6.5;-0.2;0.0;-6.9;3.1;-0.7;2.3;;0.6;-1.2;-1.6;;;;;;;;;;;;;;;;;;-3.4;-1.6;-5.8;;-5.4;-0.3;;;-1.2;4.1;;;;;;;-1.8;;;;;-1.0;;;6.0;1.0;-0.5;-3.3;3.7;5.1;2.0;;;;;-0.3;;;;;;;0.1;-1.8;-1.9;;1.3;-6.7;;-5.0;;;;-3.5;;;-1.0;1.4;-7.6;;-2.6;-2.8;;4.6;;;;;1.0;;;-5.6;;;;-5.8;;;;;;;;;;;;;;;;;;;;;;;;;;;;;0.5;-1.1;-6.8;-5.5;0.5;;-4.5;;;;;;;;;;;;;;;;;;;;;;;;;-4.2;;4.5;-2.6;3.1;-1.7;1.1;8.1;;1.8;-6.4;-3.6;4.7
2024-04-15;;3.2;1.8;;0.7;;;;0.9;-2.3;-1.7;1.8;-0.8;-1.8;;2.5;;-4.8;;;-2.5;-4.1;-8.5;;;;;;;;;;;;;;-3.1;3.5;;;9.6;;;;;;;;-1.9;;3.4;;;;;;;;6.6;;;;;;;;;;;;;;;;;;;;;;;;;;;;;;;;;;;;;;;;;;-2.6;;;;-1.5;;;;;;;;;;;;;;;;;;;;;;;;;;;;;;;;;;;;2.4;;0.4;7.1;;-1.6;;5.3;;4.7;;;;-1.9;;-4.5;-3.9;;;;;5.4;-6.9;;;;;-2.3;6.7;6.3;;;2.3;6.5;-0.3;0.1;-7.0;3.2;-0.8;2.1;;0.5;-1.2;-1.6;;;;;;;;;;;;;;;;;;-3.4;-1.6;-6.0;;-5.3;-0.3;;;-1.1;4.0;;;;;;;-1.8;;;;;-1.1;;;5.8;1.1;-0.4;-3.3;3.7;5.1;2.0;;;;;-0.7;;;;;;;0.1;-1.7;-1.9;;1.3;-6.7;;-4.9;;;;-3.3;;;-1.0;1.4;-7.7;;-2.5;-2.8;;4.6;;;;;1.0;;;-5.5;;;;-5.8;;;4.6;;;-14.8;;;;;;;;;;;;;;;;;;;;;;;0.5;-1.0;-6.8;-5.5;0.3;;-4.2;;;;;;;;;;;;;;;;;;;;;;;;;-3.8;;4.5;-2.6;3.1;-1.7;1.2;8.1;2.0;1.8;-6.4;-3.6;4.7
2024-04-16;;3.2;1.8;;;;;;;;;;;;;;;-4.8;;;;;;;;;;;;;;;;;;;-3.0;3.5;;;9.5;;;;;;;;-2.0;;3.4;;;;;;;;6.7;;;;;;;;;;;;;;;;;;;;;;;;;;;;;;;;;;;;;;;;;;-2.6;;;;-1.5;;;;;;;;;;;;;;;;;;;;;;;;;;;;;;;;;;;;2.5;;0.4;7.1;;-1.6;;5.4;;4.6;;;;-1.7;5.4;-4.5;-3.8;;;;;5.3;-7.0;;;;;-2.3;6.8;6.4;;;2.2;6.6;-0.4;0.1;-6.8;3.3;-0.7;2.3;;0.4;-1.2;-1.5;;;;;;;;;;;;;;;;;;-3.3;-1.6;-6.0;;-5.2;-0.4;;;-1.1;4.0;;;;;;;-1.9;;;;;-1.2;;;5.7;1.0;-0.5;-3.4;3.5;5.0;2.1;;;;;-1.0;;;;;;;0.2;-1.6;-1.9;;1.2;-6.6;;-4.8;;;;-3.2;;;-1.0;1.5;-7.6;;-2.3;-2.6;;4.6;;;;;;;;-5.5;;;;-5.8;;;4.6;;;-14.5;;;;;;;;;;;;;;;;;;;;;;;0.4;-0.9;-6.7;-5.5;0.2;;-4.1;;;;;;;;;;;;;;;;;;;;;;;;;-4.0;;4.5;-2.6;3.0;-1.6;1.1;8.1;2.1;1.7;-6.4;-3.6;4.7
2024-04-17;;3.7;1.8;;1.0;;;;0.9;;-1.7;1.8;-0.9;-1.8;;2.5;;-4.7;;;-2.5;;;;;;;;;;;;;;;;-2.8;3.6;;;9.4;;;;;;;;-2.0;;3.5;;;;;;;;6.7;;;;;;;;;;;;;;;;;;;;;;;;;;;;;;;;;;;;;;;;;;-2.6;;;;-1.5;;;;;;;;;;;;;;;;;;;;;;;;;;;;;;;;;;;;2.4;;0.4;7.3;;-1.5;;5.4;;4.5;;;;-1.7;5.5;-4.3;-3.8;;;;;5.4;-6.9;;;;;-2.3;6.9;6.4;;;2.2;6.6;-0.3;0.1;-6.8;3.2;-0.6;2.2;;0.6;-1.2;-1.4;;;;;;;;;;;;;;;;;;-3.3;-1.7;-5.9;;-5.1;-0.3;;;-1.0;3.9;;;;;;;-2.0;;;;;-1.3;;;5.6;1.0;-0.5;-3.4;3.5;5.1;2.0;;;;;-1.4;;;;;;;0.3;-1.5;-1.8;;;-6.5;;-4.7;;;;-3.0;;;-0.7;1.6;-7.1;;-2.0;-2.4;;4.6;;;;;;;;-5.5;;;;-5.8;;;4.6;;;-14.1;;;;;;;;;;;;;;;;;;;;;;;0.5;-0.8;-6.7;-5.3;0.3;;-4.0;;;;;;;;;;;;;;;;;;;;;;;;;-4.0;;4.5;-2.6;3.0;-1.6;1.2;8.1;2.2;1.6;-6.5;-3.6;4.8
2024-04-18;;3.9;1.8;;1.0;;;;0.9;-2.3;-1.6;1.8;-0.8;-1.8;;2.5;;-4.4;;;-2.5;-4.1;-8.5;;;;;;;;;;;;;;-2.6;3.6;;;9.2;;;;;;;;-2.1;;3.6;;;;;;;;6.9;;;;;;;;;;;;;;;;;;;;;;;;;;;;;;;;;;;;;;;;;;-2.6;;;;-1.5;;;;;;;;;;;;;;;;;;;;;;;;;;;;;;;;;;;;2.3;;0.4;7.3;;-1.5;;5.5;;4.5;;;;-1.5;5.5;-4.3;-3.8;;;;;5.4;-6.9;;;;;-2.3;6.8;6.4;;;2.2;6.6;-0.2;0.0;-6.9;3.0;-0.5;2.2;;0.7;-1.2;-1.5;;;;;;;;;;;;;;;;;;-3.2;-1.7;-6.0;;-5.0;-0.4;;;-1.0;3.9;;;;;;;-1.9;;;;;-1.4;;;;1.0;-0.5;-3.5;3.5;5.0;1.8;;;;;-1.7;;;;;;;0.4;-1.4;-1.6;;;-6.3;;-4.6;;;;-2.9;;;-0.7;1.9;-7.0;;-1.8;-2.3;;4.6;;;;;;;;-5.5;;;;-5.8;;;4.6;;;-14.4;;;;;;;;;;;;;;;;;;;;;;;0.4;-0.8;-6.8;-5.2;;;-3.8;;;;;;;;;;;;;;;;;;;;;;;;;;;;-2.5;3.0;-1.7;1.2;8.1;2.2;1.5;;-3.6;4.8
2024-04-19;;4.1;1.8;;1.1;;;;0.9;-2.4;-1.8;1.8;-0.8;-1.9;;2.4;;-4.5;;;-2.6;-4.1;-8.5;;;;;;;;;;;;;;-2.5;3.7;;;9.1;;;;;;;;-2.0;;3.5;;;;;;;;6.9;;;;;;;;;;;;;;;;;;;;;;;;;;;;;;;;;;;;;;;;;;-2.6;;;;-1.5;;;;;;;;;;;;;;;;;;;;;;;;;;;;;;;;;;;;2.4;;0.4;7.4;;-1.4;;5.6;;4.3;;;;-1.5;5.5;-4.3;-3.8;;;;;5.3;-6.6;;;;;-2.3;6.8;6.4;;;2.2;6.6;-0.3;0.1;-6.8;3.1;-0.5;2.3;;0.7;-1.1;-1.5;;;;;;;;;;;;;;;;;;-3.2;-1.8;-6.0;;-5.0;-0.3;;;-1.0;3.9;;;;;;;-2.1;;;;;-1.5;;;;1.0;-0.5;-3.4;3.6;5.0;;;;;;-2.0;;;;;;;0.4;-1.4;-1.6;;;-6.3;;-4.6;;;;-2.9;;;-0.7;1.9;-7.0;;-1.7;-2.3;;4.6;;;;;;;;-5.5;;;;-5.8;;;4.6;;;-14.5;;;;;;;;;;;;;;;;;;;;;;;0.4;-0.8;-6.8;-5.2;;;-4.1;;;;;;;;;;;;;;;;;;;;;;;;;;;;-2.5;3.0;-1.6;1.1;8.1;2.2;1.6;;-3.6;4.8
2024-04-20;;4.2;1.9;;1.1;;;;0.8;-2.4;-1.8;1.8;-0.8;-1.8;;2.4;;-4.5;;;-2.7;-4.1;-8.5;;;;;;;;;;;;;;-2.3;3.6;;;8.9;;;;;;;;-1.6;;3.5;;;;;;;;6.9;;;;;;;;;;;;;;;;;;;;;;;;;;;;;;;;;;;;;;;;;;-2.6;;;;-1.6;;;;;;;;;;;;;;;;;;;;;;;;;;;;;;;;;;;;2.4;;0.4;7.5;;-1.5;;5.6;;4.2;;;;-1.6;5.5;-4.3;-3.8;;;;;5.4;-6.7;;;;;-2.3;6.8;6.4;;;2.2;6.6;-0.3;0.1;-6.8;3.2;-0.4;2.4;;0.7;-1.1;-1.4;;;;;;;;;;;;;;;;;;-3.2;-1.8;-6.0;;-4.9;-0.3;;;-0.9;3.9;;;;;;;-2.2;;;;;-1.6;;;;0.9;-0.5;-3.4;3.7;5.0;;;;;;-4.0;;;;;;;0.5;-1.4;-1.6;;;-6.1;;-4.6;;;;-2.7;;;-0.7;2.0;-6.9;;-1.7;-2.2;;4.6;;;;;;;;-5.6;;;;-5.7;;;4.7;;;-14.1;;;;;;;;;;;;;;;;;;;;;;;0.3;-0.9;-6.7;-5.1;;;-4.2;;;;;;;;;;;;;;;;;;;;;;;;;;;;-2.5;3.0;-1.6;1.1;8.1;2.2;1.5;-6.6;-3.5;4.8
2024-04-21;;4.4;1.9;;1.4;;;;0.9;-2.4;-2.0;1.8;-0.9;-1.9;;2.5;;-4.3;;;-2.8;-4.0;-8.7;;;;;;;;;;;;;;-2.2;3.6;;;8.8;;;;;;;;;;3.5;;;;;;;;6.9;;;;;;;;;;;;;;;;;;;;;;;;;;;;;;;;;;;;;;;;;;-2.6;;;;-1.5;;;;;;;;;;;;;;;;;;;;;;;;;;;;;;;;;;;;2.3;;0.4;7.7;;-1.3;;5.6;;4.2;;;;-1.6;5.5;-4.3;-3.8;;;;;5.4;-6.7;;;;;-2.2;6.8;6.5;;;2.2;6.7;-0.4;0.1;-6.9;3.3;-0.4;2.4;;0.7;-1.1;-1.4;;;;;;;;;;;;;;;;;;-3.1;-1.8;-6.0;;-4.9;-0.3;;;-0.8;3.9;;;;;;;-2.3;;;;;-1.7;;;;0.9;-0.5;-3.5;3.7;5.0;;;;;;-4.2;;;;;;;0.5;-1.4;-1.5;-6.0;;-6.1;;-4.5;;;;-2.8;;;-0.7;2.0;-6.8;;-1.6;-2.2;;4.6;;;;;;;;-5.6;;;;-5.7;;;4.7;;;-14.4;;;;;;;;;;;;;;;;;;;;;;;0.2;-0.9;-6.7;-5.0;;;-4.1;;;;;;;;;;;;;;;;;;;;;;;;;;;;;;;;8.2;2.2;1.5;;-3.5;4.7
2024-04-22;;4.5;2.0;;1.4;;;;1.1;-2.4;-1.9;1.7;-1.0;-1.7;;2.6;;-3.9;;;-2.7;-3.9;-8.6;;;;;;;;;;;;;;-2.1;3.6;;;8.8;;;;;;;;-1.4;;3.5;;;;;;;;6.9;;;;;;;;;;;;;;;;;;;;;;;;;;;;;;;;;;;;;;;;;;-2.6;;;;-1.4;;;;;;;;;;;;;;;;;;;;;;;;;;;;;;;;;;;;2.4;;0.4;7.8;;-1.5;;5.5;;4.2;;;;-1.6;5.6;-4.3;-3.8;;;;;5.4;-6.7;;;;;-2.2;7.0;6.5;;;2.2;6.7;-0.3;0.1;-6.9;3.4;-0.4;2.4;;0.7;-1.0;-1.4;;;;;;;;;;;;;;;;;;-3.1;-1.8;-5.8;;-4.9;-0.2;;;-0.7;3.8;;;;;;;-2.4;;;;;-1.9;;;;0.8;-0.4;-3.5;3.8;5.0;;;;;;-4.2;;;;;;;0.4;-1.3;-1.5;-6.1;;-6.1;;-4.6;;;;-2.7;;;-0.8;2.0;-6.7;;-1.7;-2.2;;4.6;;;;;;;;-5.7;;;;-5.7;;;4.7;;;-14.8;;;;;;;;;;;;;;;;;;;;;;;0.2;-0.9;-6.7;-4.9;;;-3.9;;;;;;;;;;;;;;;;;;;;;;;;;;;;-2.6;3.0;-1.6;1.2;8.2;2.2;1.6;;-3.5;4.8
2024-04-23;;4.5;2.0;;1.6;;;;1.3;-2.4;-1.9;1.7;-0.9;-1.7;;2.8;;-3.6;;;-2.7;-3.9;-8.6;;;;;;;;;;;;;;-2.0;3.6;;;9.0;;;;;;;;-1.3;;3.5;;;;;;;;7.0;;;;;;;;;;;;;;;;;;;;;;;;;;;;;;;;;;;;;;;;;;-2.6;;;;-1.5;;;;;;;;;;;;;;;;;;;;;;;;;;;;;;;;;;;;2.3;;0.4;7.9;;-1.6;;5.5;;4.1;;;;-1.6;5.5;-4.3;-3.8;;;;;5.3;-6.7;;;;;-2.2;6.9;6.5;;;2.1;6.7;-0.4;0.2;-6.9;3.3;-0.4;2.3;;0.7;-1.0;-1.5;;;;;;;;;;;;;;;;;;-3.1;-1.8;-5.8;;-4.6;-0.1;;;-0.6;3.6;;;;;;;-2.5;;;;;-2.0;;;;0.9;-0.4;-3.5;3.9;5.0;;;;;;-4.2;;;;;;;0.4;-1.3;-1.4;-6.2;;-6.0;;-4.7;;;;-2.7;;;-0.8;1.9;-6.8;;-1.7;-2.2;;4.6;;;;;;;;-5.7;;;;-5.6;;;4.8;;;-14.5;;;;;;;;;;;;;;;;;;;;;;;0.4;-0.9;-6.7;-4.9;;;-3.6;;;;;;;;;;;;;;;;;;;;;;;;;;;;-2.6;2.9;-1.6;1.0;8.3;2.4;1.6;;-3.5;4.8
2024-04-24;;4.7;2.0;;1.9;;;;1.5;-2.4;-1.7;1.9;-0.9;-1.6;;3.1;;-3.4;;;-2.5;-3.8;-8.5;;;;;;;;;;;;;;-1.9;3.6;;;8.8;;;;;;;;-1.7;;3.6;;;;;;;;7.0;;;;;;;;;;;;;;;;;;;;;;;;;;;;;;;;;;;;;;;;;;-2.6;;;;-1.5;;;;;;;;;;;;;;;;;;;;;;;;;;;;;;;;;;;;2.2;;0.4;7.9;;-1.7;;5.7;;4.1;;;;-1.5;5.4;-4.3;-3.8;;;;;5.4;-6.7;;;;;-2.2;7.0;6.5;;;2.1;6.7;-0.5;0.1;-6.8;3.4;-0.3;2.3;;0.8;-0.9;-1.4;;;;;;;;;;;;;;;;;;-3.2;-1.8;-5.9;;-4.5;-0.3;;;-0.7;3.5;;;;;;;-2.6;;;;;-2.1;;;;0.9;-0.4;-3.4;3.9;5.0;2.0;;;;;-4.1;;;;;;;0.4;-1.3;-1.5;-6.4;;-6.1;;-4.6;;;;-2.7;;;-0.8;1.9;-6.9;;-1.6;-2.2;;4.6;;;;;;;;-5.7;;;;-5.6;;;4.8;;;-14.8;;;;;;;;;;;;;;;;;;;;;;;0.3;-1.0;-6.8;-4.9;;;-3.9;;;;;;;;;;;;;;;;;;;;;;;;;;;;-2.6;2.9;-1.6;1.0;8.3;2.4;1.6;;-3.5;4.8
2024-04-25;;4.6;2.0;;2.0;;;;1.5;-2.3;-1.7;1.9;-1.0;-1.5;;3.2;;-3.2;;;-2.3;-3.7;-8.5;;;;;;;;;;;;;;-1.7;3.7;;;8.8;;;;;;;;-2.2;;3.7;;;;;;;;7.1;;;;;;;;;;;;;;;;;;;;;;;;;;;;;;;;;;;;;;;;;;-2.6;;;;-1.5;;;;;;;;;;;;;;;;;;;;;;;;;;;;;;;;;;;;2.1;;0.3;7.9;;-1.6;;5.7;;4.0;;;;-1.3;5.4;-4.2;-3.8;;;;;5.4;-6.6;;;;;-2.2;7.0;6.4;;;2.1;6.7;-0.6;0.1;-6.9;3.3;-0.3;2.4;;0.8;-0.9;-1.7;;;;;;;;;;;;;;;;;;-3.2;-1.9;-6.0;;-4.7;-0.3;;;-0.6;3.5;;;;;;;-2.6;;;;;-2.2;;;;0.9;-0.3;-3.3;3.9;5.0;2.4;;;;;-4.0;;;;;;;0.4;-1.3;-1.5;-6.5;;-6.1;;-4.7;;;;-2.7;;;-0.7;2.0;-6.9;;-1.6;-2.2;;4.6;;;;;;;;-5.7;;;;-5.6;;;4.7;;;-15.4;;;;;;;;;;;;;;;;;;;;;;;0.3;-1.0;-6.8;-4.8;;;-3.7;;;;;;;;;;;;;;;;;;;;;;;;;;;;-2.6;2.9;-1.5;1.0;8.4;2.4;1.5;;-3.4;4.8
2024-04-26;;4.5;2.1;;1.9;;;;1.5;-2.3;-1.7;1.9;-1.0;-1.5;;3.2;;-3.3;;;-2.3;-3.7;-8.5;;;;;;;;;;;;;;-1.6;3.7;;;8.8;;;;;;;;-2.2;;3.7;;;;;;;;7.1;;;;;;;;;;;;;;;;;;;;;;;;;;;;;;;;;;;;;;;;;;-2.5;;;;-1.6;;;;;;;;;;;;;;;;;;;;;;;;;;;;;;;;;;;;1.9;;0.4;7.9;;-1.5;;5.7;;3.9;;;;-1.4;5.4;-4.2;-3.9;;;;;5.4;-6.6;;;;;-2.2;7.0;6.4;;;2.0;6.6;-0.7;0.1;-6.9;3.2;-0.2;2.3;;0.7;-0.9;-1.7;;;;;;;;;;;;;;;;;;-3.0;-1.8;-6.0;;-4.7;-0.3;;;-0.6;3.5;;;;;;;-2.7;;;;;-2.3;;;;0.9;-0.3;-3.3;4.0;4.9;2.3;;;;;-3.7;;;;;;;0.3;-1.5;-1.5;-6.6;;-6.1;;-4.8;;;;-2.7;;;-0.7;1.9;-6.9;;-1.6;-2.2;;4.6;;;;;;;;-5.8;;;;-5.6;;;4.8;;;-15.5;;;;;;;;;;;;;;;;;;;;;;;0.3;-1.0;-6.8;-4.8;-0.5;;-3.7;;;;;;;;;;;;;;;;;;;;;;;;;;;;-2.5;2.9;-1.4;1.0;8.4;2.3;1.6;-6.7;-3.4;4.8
2024-04-27;;4.6;2.1;;1.9;;;;1.5;-2.3;-1.7;1.9;-1.0;-1.5;;3.1;;-3.5;;;-2.3;-3.7;-8.5;;;;;;;;;;;;;;-1.7;3.7;;;8.9;;;;;;;;-2.3;;3.7;;;;;;;;7.1;;;;;;;;;;;;;;;;;;;;;;;;;;;;;;;;;;;;;;;;;;-2.6;;;;-1.6;;;;;;;;;;;;;;;;;;;;;;;;;;;;;;;;;;;;2.0;;0.4;7.9;;-1.5;;5.7;;3.9;;;;-1.4;5.5;-4.2;-3.9;;;;;5.5;-6.6;;;;;-2.2;7.0;6.5;;;2.0;6.6;-0.7;0.1;-6.8;3.2;-0.2;2.2;;0.6;-0.8;-1.6;;;;;;;;;;;;;;;;;;-3.0;-1.8;-6.0;;-4.7;-0.3;;;-0.6;3.5;;;;;;;-2.7;;;;;-2.1;;;;0.9;-0.3;-3.2;4.0;5.0;2.4;;;;;-3.5;;;;;;;0.2;-1.5;-1.6;-6.7;;-6.2;;-4.8;;;;-2.6;;;-0.8;1.9;-6.9;;-1.7;-2.2;;4.5;;;;;;;;-5.8;;;;-5.6;;;4.7;;;-15.4;;;;;;;;;;;;;;;;;;;;;;;0.2;-1.0;-6.8;-4.8;-0.8;;-3.8;;;;;;;;;;;;;;;;;;;;;;;;;;;;-2.5;3.0;-1.4;1.0;8.4;2.2;1.5;-6.8;-3.4;4.8
2024-04-28;;4.7;2.1;;1.7;;;;1.4;-2.3;-1.8;1.8;-1.1;-1.5;;2.9;;-3.5;;;-2.2;-3.7;-8.6;;;;;;;;;;;;;;-1.7;3.8;;;9.0;;;;;;;;-2.3;;3.7;;;;;;;;7.1;;;;;;;;;;;;;;;;;;;;;;;;;;;;;;;;;;;;;;;;;;-2.5;;;;-1.7;;;;;;;;;;;;;;;;;;;;;;;;;;;;;;;;;;;;2.0;;0.3;7.9;;-1.5;;5.8;;4.0;;;;-1.5;5.4;-4.2;-3.9;;;;;5.5;-6.8;;;;;-2.1;7.1;6.4;;;2.0;6.6;-0.7;0.1;-6.9;3.1;-0.2;2.2;;0.6;-0.9;-1.6;;;;;;;;;;;;;;;;;;-2.9;-1.9;-6.0;;-4.7;-0.3;;;-0.6;3.6;;;;;;;-2.8;;;;;-2.1;;;;0.8;-0.3;-3.3;4.0;5.0;2.3;;;;;-3.4;;;;;;;0.3;-1.5;-1.5;-6.6;;-6.1;;-4.7;;;;-2.6;;;-0.9;1.9;-6.8;;-1.5;-2.2;;4.5;;;;;;;;-5.8;;;;-5.6;;;4.7;;;-15.2;;;;;;2.2;;;;;;;;;;;;;;-2.8;;;;;-6.8;-4.8;-0.8;;;;;;;;;;;;;;;;;;;;;;;;;;;;;;-2.6;2.9;-1.3;0.9;8.4;2.2;1.6;-6.9;-3.4;4.8
2024-04-29;;4.8;2.1;;1.5;;;;1.3;-2.3;-1.9;1.7;-1.1;-1.6;;2.8;;-3.7;;;-2.4;-3.7;-8.6;;;;;;;;;;;;;;-1.7;3.9;;;8.8;;;;;;;;-2.6;;3.8;;;;;;;;7.1;;;;;;;;;;;;;;;;;;;;;;;;;;;;;;;;;;;;;;;;;;-2.5;;;;-1.6;;;;;;;;;;;;;;;;;;;;;;;;;;;;;;;;;;;;2.0;;0.3;7.9;;-1.5;;5.8;;3.9;;;;-1.4;5.5;-4.2;-3.9;;;;;5.5;-6.8;;;;;-2.2;6.9;6.4;;;2.0;6.6;-0.7;0.1;-6.8;3.1;-0.3;2.2;;0.8;-0.8;-1.8;;;;;;;;;;;;;;;;;;-2.8;-1.8;-5.9;;-4.7;-0.4;;;-0.6;3.5;;;;;;;-2.9;;;;;-2.3;;;;0.9;-0.3;-3.3;4.0;5.0;;;;;;-3.3;;;;;;;0.4;-1.5;-1.4;-6.6;;-6.1;;-4.7;;;;-2.6;;;-0.8;1.9;-6.6;;-1.6;-2.2;;4.5;;;;;;;;-5.8;;;;-5.6;;;4.6;;;-15.5;;;;;;1.9;;;;;;;;;;;;;;-2.4;;;;;-6.8;;-0.9;;;;;;;;;;;;;;;;;;;;;;;;;;;;;;-2.6;2.9;-1.3;0.9;8.4;2.3;1.6;-6.8;-3.4;4.8
2024-04-30;;4.9;2.1;;1.4;;;;1.1;-2.4;-1.9;1.6;-1.3;-1.7;;2.6;;-3.7;;;-2.4;-3.7;-8.6;;;;;;;;;;;;;;-1.7;3.9;;;8.9;;;;;;;;-2.4;;3.7;;;;;;;;7.1;;;;;;;;;;;;;;;;;;;;;;;;;;;;;;;;;;;;;;;;;;-2.6;;;;-1.6;;;;;;;;;;;;;;;;;;;;;;;;;;;;;;;;;;;;1.9;;0.2;8.0;;-1.4;;5.8;;3.9;;;;-1.4;5.5;-4.1;-3.8;;;;;5.5;-6.8;;;;;-2.2;7.0;6.4;;;2.0;6.6;-0.7;0.1;-6.9;3.1;-0.3;2.2;;0.7;-0.7;-1.7;;;;;;;;;;;;;;;;;;-2.7;-1.8;-5.9;;-4.8;-0.5;;;-0.6;3.5;;;;;;;-2.9;;;;;-2.2;;;;0.9;-0.4;-3.3;4.0;5.0;2.4;;;;;-3.2;;;;;;;0.3;-1.5;-1.4;-6.6;;-6.1;;-4.7;;;;-2.7;;;-0.8;1.9;-6.7;;-1.7;-2.2;;4.5;;;;;;;;-5.8;;;;-5.6;;;4.6;;;-15.1;;;;;;1.6;;;;;;;;;;;;;;-2.3;;;0.2;-0.8;-6.8;-5.1;-1.1;;-3.6;;;;;;;;;;;;;;;;;;;;;;;;;;;;-2.6;2.9;-1.2;1.0;8.4;2.4;1.6;-6.7;-3.4;4.8
2024-05-01;;5.1;2.2;;1.5;;;;1.3;-2.4;-1.8;1.7;-1.3;-1.6;;2.7;;-3.5;;;-2.3;-3.6;-8.6;;;;;;;;;;;;;;-1.7;3.8;;;9.0;;;;;;;;-3.1;;3.7;;;;;;;;7.2;;;;;;;;;;;;;;;;;;;;;;;;;;;;;;;;;;;;;;;;;;-2.6;;;;-1.5;;;;;;;;;;;;;;;;;;;;;;;;;;;;;;;;;;;;1.7;;0.2;7.9;;-1.4;;5.9;;4.0;;;;-1.3;5.4;-4.2;-3.7;;;;;5.6;-6.8;;;;;-2.2;7.0;6.4;;;2.0;6.6;-0.7;0.1;-6.9;3.1;-0.3;2.2;;0.7;-0.7;-1.6;;;;;;;;;;;;;;;;;;-2.7;-1.8;-5.9;;-4.7;-0.5;;;-0.6;3.5;;;;;;;-2.8;;;;;-2.2;;;;0.8;-0.4;-3.3;4.0;5.0;2.3;;;;;-3.0;;;;;;;0.3;-1.5;-1.4;-6.6;;-6.1;;-4.7;;;;-2.7;;;-0.8;2.0;-6.7;;-1.7;-2.2;;4.5;;;;;;;;;;;;;;;;;;;;;;;;1.4;;;;;;;;;;;;;;-2.4;;;0.1;-0.8;-6.8;-5.1;-0.7;;-3.6;;;;;;;;;;;;;;;;;;;;;;;;;;;;-2.6;2.9;-1.1;1.1;8.4;2.3;1.6;-6.7;-3.4;4.8
2024-05-02;;5.2;2.3;;1.6;;;;1.3;-2.4;-1.8;1.8;-1.2;-1.6;;2.8;;-3.4;;;-2.3;-3.5;-8.5;;;;;;;;;;;;;;-1.8;3.7;;;9.1;;;;;;;;-3.6;;3.7;;;;;;;;7.1;;;;;;;;;;;;;;;;;;;;;;;;;;;;;;;;;;;;;;;;;;-2.6;;;;-1.5;;;;;;;;;;;;;;;;;;;;;;;;;;;;;;;;;;;;1.9;;0.3;7.8;;-1.4;;6.0;;4.0;;;;-1.4;5.3;-4.1;-3.8;;;;;5.5;-6.7;;;;;-2.3;7.1;6.4;;;2.0;6.6;-0.7;0.1;-6.9;3.1;-0.2;2.3;;0.8;-0.6;-1.6;;;;;;;;;;;;;;;;;;-2.7;-1.8;-5.9;;-4.7;-0.7;;;-0.6;3.4;;;;;;;-2.7;;;;;-2.1;;;;0.8;-0.5;-3.4;4.0;4.9;2.3;;;;;-2.8;;;;;;;0.2;-1.4;-1.5;-6.7;;-6.2;;-4.7;;;;-2.9;;;-0.8;1.9;-6.7;;-1.7;-2.2;;4.6;;;;;;;;;;;;-5.5;;;4.6;;;-15.4;;;;;;0.9;;;;;;;;;;;;;;-2.3;;;0.2;-0.8;-6.8;-5.0;-0.1;;-3.8;;;;;;;;;;;;;;;;;;;;;;;;;;;;-2.7;2.9;-1.0;1.0;8.5;2.3;1.7;-6.8;-3.4;4.9
2024-05-03;;5.1;2.3;;1.7;;;;1.4;-2.4;-2.0;1.6;-1.2;-1.6;;2.7;;-3.4;;;-2.3;-3.5;-8.6;;;;;;;;;;;;;;-1.8;3.7;;;9.1;;;;;;;;-3.5;;3.7;;;;;;;;7.1;;;;;;;;;;;;;;;;;;;;;;;;;;;;;;;;;;;;;;;;;;-2.5;;;;-1.5;;;;;;;;;;;;;;;;;;;;;;;;;;;;;;;;;;;;1.9;;0.3;7.8;;-1.3;;5.9;;4.1;;;;-1.5;5.3;-4.1;-3.7;;;;;5.6;-6.8;;;;;-2.2;7.0;6.5;;;2.0;6.6;-0.8;0.1;-6.8;3.0;-0.2;2.3;;0.8;-0.7;-1.6;;;;;;;;;;;;;;;;;;-2.7;-1.7;-5.8;;-4.8;-0.8;;;-0.5;3.4;;;;;;;-2.6;;;;;-2.1;;;;0.6;-0.6;-3.4;3.9;4.9;2.2;;;;;-2.8;;;;;;;0.2;-1.5;-1.5;-6.8;;-6.2;;-4.8;;;;-2.9;;;-0.7;1.9;-6.6;;-1.7;-2.3;;4.6;;;;;;;;;;;;-5.4;;;4.6;;;-15.8;;;;;;0.6;;;;;;;;;;;;;;-2.3;;;0.2;-0.8;-6.8;-4.6;0.8;;-3.9;;;;;;;;;;;;;;;;;;;;;;;;;;;;-2.7;2.9;-0.9;0.9;8.5;2.4;1.7;-6.7;-3.4;5.0
2024-05-04;;5.0;2.3;;1.7;;;;1.2;-2.5;-2.0;1.6;-1.2;-1.7;;2.7;;-3.5;;;-2.4;-3.6;-8.7;;;;;;;;;;;;;;-1.8;3.7;;;9.2;;;;;;;;-3.3;;3.7;;;;;;;;7.1;;;;;;;;;;;;;;;;;;;;;;;;;;;;;;;;;;;;;;;;;;-2.5;;;;-1.5;;;;;;;;;;;;;;;;;;;;;;;;;;;;;;;;;;;;1.9;;0.4;7.8;;-1.3;;5.8;;4.2;;;;-1.3;5.3;-4.2;-3.7;;;;;5.6;-6.8;;;;;-2.2;7.0;6.5;;;1.9;6.6;-0.7;0.1;-6.8;3.0;-0.1;2.2;;0.7;-0.7;-1.5;;;;;;;;;;;;;;;;;;-2.7;-1.7;-5.8;;-4.9;-1.0;;;-0.5;3.4;;;;;;;-2.6;;;;;-2.1;;;;0.5;-0.6;-3.5;3.9;4.9;2.2;;;;;-2.8;;;;;;;0.2;-1.5;-1.5;-6.9;;-6.3;;-4.9;;;;-2.9;;;-0.8;1.9;-6.8;;-1.8;-2.4;;4.6;;;;;;;;;;;;-5.4;;;4.5;;;-15.6;;;;;;0.4;;;;;;;;;;;;;;-2.4;;;0.3;-0.7;-6.8;-4.4;1.6;;-4.0;;;;;;;;;;;;;;;;;;;;;;;;;;;;-2.7;2.9;-0.8;0.9;8.5;2.4;1.7;-6.7;-3.3;5.0
2024-05-05;;5.0;2.3;;1.6;;;;1.2;-2.5;-2.0;;-1.3;-1.7;;2.6;;-3.6;;;-2.5;-3.7;-8.7;;;;;;;;;;;;;;-1.8;3.7;;;9.2;;;;;;;;-3.3;;3.7;;;;;;;;7.1;;;;;;;;;;;;;;;;;;;;;;;;;;;;;;;;;;;;;;;;;;-2.6;;;;-1.5;;;;;;;;;;;;;;;;;;;;;;;;;;;;;;;;;;;;2.0;;0.4;7.8;;-1.4;;5.8;;4.3;;;;-1.3;5.4;-4.3;-3.7;;;;;5.6;-6.8;;;;;-2.1;7.0;6.6;;;1.9;6.6;-0.5;0.1;-6.9;3.0;-0.1;2.2;;0.7;-0.6;-1.3;;;;;;;;;;;;;;;;;;-2.8;-1.7;-5.9;;-5.1;-1.2;;;-0.5;3.5;;;;;;;-2.6;;;;;-2.1;;;;0.4;-0.6;-3.5;4.0;4.9;2.1;;;;;-2.5;;;;;;;0.2;-1.5;-1.7;-7.0;;-6.4;;-5.0;;;;-2.9;;;-0.8;1.9;-6.8;;-1.8;-2.4;;;;;;;;;;;;;;-5.5;;;4.5;;;-15.5;;;;;;0.2;;;;;;;;;;;;;;-2.6;;;0.3;-0.8;-6.8;-4.4;1.7;;-4.2;;;;;;;;;;;;;;;;;;;;;;;;;;;;-2.7;2.9;-0.6;0.8;8.6;2.5;1.7;-6.8;-3.4;5.0
2024-05-06;;;2.3;;1.8;;;;1.1;-2.6;-2.0;;-1.3;-1.7;;2.6;;-3.6;;;-2.4;-3.7;-8.7;;;;;;;;;;;;;;-1.7;3.7;;;9.2;;;;;;;;-3.3;;3.7;;;;;;;;7.0;;;;;;;;;;;;;;;;;;;;;;;;;;;;;;;;;;;;;;;;;;-2.6;;;;-1.5;;;;;;;;;;;;;;;;;;;;;;;;;;;;;;;;;;;;2.0;;0.5;7.8;;-1.4;;5.8;;4.4;;;;-1.4;5.4;-4.4;-3.7;;;;;5.6;-6.8;;;;;-2.1;7.1;6.7;;;2.0;6.7;-0.4;0.1;-6.8;2.9;-0.2;2.2;;0.6;-0.5;-1.3;;;;;;;;;;;;;;;;;;-2.7;-1.7;-5.9;;-5.2;-1.3;;;-0.5;3.5;;;;;;;-2.6;;;;;-2.1;;;;0.4;-0.7;-3.5;4.1;5.0;2.1;;;;;-2.7;;;;;;;0.2;-1.5;-1.7;-6.9;;-6.5;;-5.1;;;;-2.9;;;-0.7;1.9;-6.9;;-1.9;-2.4;;;;;;;;;;;;;;-5.5;;;4.6;;;-15.5;;;;;;0.1;;;;;;;;;;;;;;-2.6;;;0.3;-0.9;-6.8;-4.4;2.3;;-4.6;;;;;;;;;;;;;;;;;;;;;;;;;;;;-2.8;2.9;-0.4;0.8;8.7;2.5;1.8;-6.9;-3.3;4.9
2024-05-07;;5.1;2.3;;1.8;;;;1.4;;-2.0;;-1.3;-1.7;;2.7;;-3.6;;;-2.4;-3.6;;;;;;;;;;;;;;;-1.7;3.6;;;9.2;;;;;;;;-3.3;;3.6;;;;;;;;7.1;;;;;;;;;;;;;;;;;;;;;;;;;;;;;;;;;;;;;;;;;;-2.6;;;;-1.4;;;;;;;;;;;;;;;;;;;;;;;;;;;;;;;;;;;;2.0;;0.6;7.8;;-1.4;;5.8;;4.4;;;;-1.4;5.4;-4.4;-3.7;;;;;5.6;-6.9;;;;;-2.1;7.1;6.7;;;2.0;6.6;-0.4;0.1;-6.8;3.0;-0.2;2.4;;0.5;-0.5;-1.3;;;;;;;;;;;;;;;;;;-2.8;-1.7;-5.9;;-5.2;-1.3;;;-0.6;3.3;;;;;;;-2.7;;;;;-2.1;;;;0.4;-0.7;-3.5;4.0;5.0;2.1;;;;;-2.6;;;;;;;0.2;-1.5;-1.7;-6.8;;-6.4;;-5.0;;;;-2.8;;;-0.7;1.9;-6.9;;-2.0;-2.5;;;;;;;;;;;;;;-5.4;;;4.6;;;-15.0;;;;;;0.2;;;;;;;;;;;;;;-2.6;;;0.2;-1.0;-6.9;-4.3;2.2;;-4.3;;;;;;;;;;;;;;;;;;;;;;;;;;;;-2.8;3.0;-0.2;0.7;8.7;2.5;1.8;-6.9;-3.3;4.9
2024-05-08;;5.1;2.3;;1.8;;;;1.6;-2.6;-1.9;1.4;-1.4;-1.7;;2.7;;-3.3;;;-2.4;-3.6;-8.7;;;;;;;;;;;;;;-1.8;3.6;;;9.2;;;;;;;;-3.0;;3.5;;;;;;;;7.1;;;;;;;;;;;;;;;;;;;;;;;;;;;;;;;;;;;;;;;;;;-2.6;;;;-1.4;;;;;;;;;;;;;;;;;;;;;;;;;;;;;;;;;;;;2.0;;0.7;7.8;;-1.4;;5.8;;4.4;;;;-1.4;5.4;-4.4;-3.7;;;;;5.6;-6.8;;;;;-2.1;7.1;7.0;;;2.0;6.5;-0.5;0.1;-6.8;3.0;-0.3;2.4;;0.6;-0.6;-1.2;;;;;;;;;;;;;;;;;;-2.8;-1.7;-5.9;;-5.3;-1.3;;;-0.6;3.2;;;;;;;-2.7;;;;;-2.1;;;;0.4;-0.7;-3.5;4.1;5.0;2.1;;;;;-2.5;;;;;;;0.3;-1.5;-1.7;-6.8;;-6.3;;-5.0;;;;-2.8;;;-0.8;1.9;-6.9;;-1.9;-2.4;;4.5;;;;;;;;;;;;-5.4;;;4.6;;;-15.4;;;;;;0.2;;;;;;;;;;;;;;-2.6;;;0.3;-1.1;-6.9;-4.7;1.2;;-4.3;;;;;;;;;;;;;;;;;;;;;;;;;;;;-2.9;3.0;0.0;0.8;8.8;2.5;1.8;-6.9;-3.2;4.8
2024-05-09;;5.1;2.3;;1.7;;;;1.6;-2.5;-1.9;1.3;-1.4;-1.8;;;;-3.3;;;-2.5;-3.5;-8.6;;;;;;;;;;;;;;-1.7;3.5;;;9.3;;;;;;;;-2.8;;3.5;;;;;;;;7.1;;;;;;;;;;;;;;;;;;;;;;;;;;;;;;;;;;;;;;;;;;-2.7;;;;-1.5;;;;;;;;;;;;;;;;;;;;;;;;;;;;;;;;;;;;2.1;;0.6;7.8;;-1.4;;5.8;;4.4;;;;-1.5;5.5;-4.5;-3.7;;;;;5.6;-6.8;;;;;-2.1;7.2;7.0;;;2.0;6.6;-0.4;0.2;-6.9;2.9;-0.3;2.4;;0.6;-0.6;-1.3;;;;;;;;;;;;;;;;;;-2.8;-1.7;-5.9;;-5.3;-1.3;;;-0.6;3.3;;;;;;;-2.6;;;;;-2.0;;;;0.3;-0.8;-3.5;4.1;5.0;2.2;;;;;-2.6;;;;;;;0.2;-1.5;-1.6;-6.6;;-6.3;;-5.0;;;;-2.8;;;-0.8;1.9;-7.0;;-1.9;-2.4;;4.5;;;;;;;;;;;;-5.4;;;4.6;;;-15.1;;;;;;0.0;;;;;;;;;;;;;;-2.8;;;0.3;-0.9;-6.9;-4.7;1.2;;-4.0;;;;;;;;;;;;;;;;;;;;;;;;;;;;-2.9;3.0;0.2;0.8;8.8;2.4;1.9;-6.7;-3.2;4.7
2024-05-10;;5.2;2.3;;1.7;;;;1.4;-2.5;-2.0;1.3;-1.4;-1.6;;2.7;;-3.4;;;-2.3;-3.5;;;;;;;;;;;;;;;-1.7;3.5;;;9.4;;;;;;;;-2.8;;3.6;;;;;;;;7.0;;;;;;;;;;;;;;;;;;;;;;;;;;;;;;;;;;;;;;;;;;-2.7;;;;-1.5;;;;;;;;;;;;;;;;;;;;;;;;;;;;;;;;;;;;2.1;;0.7;7.8;;-1.4;;5.8;;4.4;;;;-1.7;5.5;-4.4;-3.8;;;;;5.5;-6.7;;;;;-2.2;7.2;7.1;;;2.0;6.6;-0.3;0.2;-6.9;2.9;-0.3;2.4;;0.5;-0.6;-1.3;;;;;;;;;;;;;;;;;;-2.8;-1.7;-5.9;;-5.2;-1.4;;;-0.6;3.4;;;;;;;-2.6;;;;;-2.0;;;;0.2;-0.8;-3.4;4.1;5.0;2.1;;;;;-2.6;;;;;;;0.3;-1.5;-1.6;-6.5;;-6.3;;-5.1;;;;-2.8;;;-0.8;2.0;-7.1;;-2.0;-2.3;;4.5;;;;;;;;;;;;-5.4;;;4.7;;;-14.9;;;;;;0.0;;;;;;;;;;;;;;-2.7;;;0.3;-0.9;-7.0;-4.6;1.4;;-3.9;;;;;;;;;;;;;;;;;;;;;;;;;;;;-3.0;3.0;0.3;0.8;8.8;2.5;1.9;-6.8;-3.2;4.6
2024-05-11;;5.2;2.3;;1.4;;;;1.5;-2.5;-1.9;1.5;-1.3;-1.7;;2.6;;-3.7;;;-2.4;-3.5;;;;;;;;;;;;;;;-1.7;3.6;;;9.2;;;;;;;;-2.8;;3.6;;;;;;;;7.0;;;;;;;;;;;;;;;;;;;;;;;;;;;;;;;;;;;;;;;;;;-2.7;;;;-1.6;;;;;;;;;;;;;;;;;;;;;;;;;;;;;;;;;;;;2.1;;0.7;7.8;;-1.4;;5.9;;4.4;;;;-1.6;5.5;-4.3;-3.7;;;;;5.4;-6.7;;;;;-2.1;7.3;6.9;;;2.0;6.7;-0.3;0.2;-6.9;3.0;-0.4;2.4;;0.6;-0.6;-1.4;;;;;;;;;;;;;;;;;;-2.8;-1.7;-5.9;;-5.1;-1.4;;;-0.6;3.5;;;;;;;-2.6;;;;;-2.1;;;;0.2;-0.8;-3.4;4.1;5.0;2.1;;;;;-2.6;;;;;;;0.4;-1.6;-1.7;-6.5;;-6.3;;-5.0;;;;-2.8;;;-0.8;1.9;-7.1;;-1.9;-2.3;;4.6;;;;;;;;;;;;-5.5;;;4.7;;;-14.8;;;;;;0.0;;;;;;;;;;;;;;-2.8;;;0.4;-0.8;-7.0;-4.7;1.1;;-4.1;;;;;;;;;;;;;;;;;;;;;;;;;;;;-2.9;3.0;0.5;0.7;8.8;2.4;1.9;-6.8;-3.2;4.5
2024-05-12;;5.1;2.3;;1.4;;;;1.4;-2.5;-1.9;1.5;-1.3;-1.7;;2.7;;-3.9;;;-2.5;-3.4;;;;;;;;;;;;;;;-1.6;3.6;;;9.2;;;;;;;;-2.8;;3.6;;;;;;;;7.1;;;;;;;;;;;;;;;;;;;;;;;;;;;;;;;;;;;;;;;;;;-2.7;;;;-1.6;;;;;;;;;;;;;;;;;;;;;;;;;;;;;;;;;;;;2.3;;0.7;7.8;;-1.4;;5.8;;4.5;;;;-1.6;5.5;-4.2;-3.8;;;;;5.4;-6.6;;;;;-2.1;7.3;6.8;;;2.0;6.7;-0.4;0.3;-6.8;3.0;-0.3;2.3;;0.6;-0.7;-1.4;;;;;;;;;;;;;;;;;;-2.8;-1.6;-5.9;;-5.2;-1.4;;;-0.6;3.4;;;;;;;-2.6;;;;;-2.1;;;;0.4;-0.8;-3.4;4.1;5.1;2.1;;;;;-2.5;;;;;;;0.4;-1.6;-1.7;-6.4;;-6.2;;-4.9;;;;-2.7;;;-0.8;2.0;-7.1;;-1.9;-2.3;;4.6;;;;;;;;;;;;-5.4;;;4.7;;;-14.7;;;;;;-0.1;;;;;;;;;;;;;;-2.7;;;0.5;-0.9;-7.1;-4.9;0.6;;-4.6;;;;;;;;;;;;;;;;;;;;;;;;;;;;-2.9;3.1;0.6;0.8;8.7;2.4;1.8;-6.8;-3.2;4.4
2024-05-13;;5.2;2.3;;1.2;;;;1.3;-2.5;-1.9;1.5;-1.3;-1.7;;2.6;;-4.2;;;-2.5;;;;;;;;;;;;;;;;-1.6;3.7;;;9.3;;;;;;;;-1.9;;3.6;;;;;;;;7.0;;;;;;;;;;;;;;;;;;;;;;;;;;;;;;;;;;;;;;;;;;-2.7;;;;-1.6;;;;;;;;;;;;;;;;;;;;;;;;;;;;;;;;;;;;2.3;;0.7;7.8;;-1.4;;5.8;;4.6;;;;-1.7;5.5;-4.2;-3.8;;;;;5.3;-6.7;;;;;-2.1;7.2;6.9;;;1.9;6.7;-0.4;0.3;-6.9;2.9;-0.4;2.3;;0.7;-0.8;-1.3;;;;;;;;;;;;;;;;;;-2.9;-1.6;-5.9;;-5.2;-1.4;;;-0.6;3.6;;;;;;;-2.6;;;;;-1.9;;;;0.4;-0.8;-3.3;4.1;5.2;2.1;;;;;-2.5;;;;;;;0.4;-1.6;-1.7;-6.5;;-6.2;;-5.1;;;;-2.7;;;-0.8;1.9;-7.1;;-1.9;-2.3;;4.7;;;;;;;;;;;;-5.4;;;4.7;;;-14.7;;;;;;0.0;;;;;;;;;;;;;;-2.5;;;0.3;-1.0;-7.1;-5.1;0.6;;-4.6;;;;;;;;;;;;;;;;;;;;;;;;;;;;-2.9;3.1;0.7;0.6;8.7;2.4;1.8;-6.8;-3.2;4.4
2024-05-14;;5.1;2.2;;1.3;;;;1.5;-2.5;-1.8;1.5;-1.3;-1.7;;2.7;;-4.2;;;-2.5;-3.4;-8.8;;;;;;;;;;;;;;-1.7;3.7;;;9.3;;;;;;;;-1.8;;3.5;;;;;;;;7.0;;;;;;;;;;;;;;;;;;;;;;;;;;;;;;;;;;;;;;;;;;-2.7;;;;-1.6;;;;;;;;;;;;;;;;;;;;;;;;;;;;;;;;;;;;2.3;;0.8;7.7;;-1.3;;5.8;;4.7;;;;-1.7;5.4;-4.3;-3.8;;2.4;;;;-6.7;;;;;-2.0;7.2;6.9;;;1.9;6.7;-0.4;0.3;-6.9;3.0;-0.3;2.4;;0.7;-0.7;-1.2;;;;;;;;;;;;;;;;;;-2.8;-1.6;-5.9;;-5.2;-1.4;;;-0.6;3.5;;;;;;;-2.5;;;;;-1.8;;;;0.4;-0.9;-3.3;4.1;5.3;2.1;;;;;-2.6;;;;;;;0.4;-1.5;-1.6;-6.5;;-6.1;;-5.0;;;;-2.7;;;-0.8;1.9;-7.1;;-1.9;-2.3;;4.7;;;;;;;;;;;;-5.3;;;4.8;;;-14.4;;;;;;0.1;;;;;;;;;;;;;;-2.7;;;0.1;-1.0;-7.2;-5.5;0.6;;-4.6;;;;;;;;;;;;;;;;;;;;;;;;;;;;-2.9;3.1;0.8;0.6;8.7;2.4;1.8;-6.8;-3.2;4.3
2024-05-15;;5.0;2.1;;1.4;;;;1.4;-2.5;-2.0;1.4;-1.4;-1.8;;2.7;;-4.3;;;-2.6;-3.5;-8.7;;;;;;;;;;;;;;-1.9;3.7;;;9.4;;;;;;;;-1.8;;3.5;;;;;;;;7.1;;;;;;;;;;;;;;;;;;;;;;;;;;;;;;;;;;;;;;;;;;-2.7;;;;-1.5;;;;;;;;;;;;;;;;;;;;;;;;;;;;;;;;;;;;2.3;;0.8;7.7;;-1.4;;5.8;;4.7;;;;-1.9;5.4;-4.2;-3.8;;2.4;;-0.1;5.3;-6.7;;;;;-2.0;7.2;7.0;;;;6.7;-0.3;0.3;-6.8;3.0;-0.3;2.5;;0.7;-0.7;-1.1;;;;;;;;;;;;;;;;;;-2.8;-1.7;-5.9;;-5.2;-1.4;;;-0.6;3.5;;;;;;;-2.5;;;;;-1.9;;;;0.5;-1.0;-3.2;4.1;5.3;2.2;;;;;-2.6;;;;;;;;-1.6;-1.8;-6.6;;-6.2;;-5.1;;;;-2.7;;;-0.8;2.0;-7.1;;-1.9;-2.2;;4.7;;;;;;;;;;;;-5.3;;;4.8;;;-14.4;;;;;;0.1;;;;;;;;;;;;;;-2.7;;;0.1;-1.0;-7.1;-5.8;-0.2;;-4.6;;;;;;;;;;;;;;;;;;;;;;;;;;;;-3.0;3.1;0.8;0.5;8.7;2.5;1.8;-6.7;-3.3;4.3
2024-05-16;;5.0;2.1;;1.4;;;;1.3;-2.6;-2.1;1.2;-1.3;-1.9;;2.6;;-4.4;;;-2.7;-3.7;-8.4;;;;;;;;;;;;;;-1.9;3.7;;;9.3;;;;;;;;-2.0;;3.6;;;;;;;;7.0;;;;;;;;;;;;;;;;;;;;;;;;;;;;;;;;;;;;;;;;;;-2.7;;;;-1.5;;;;;;;;;;;;;;;;;;;;;;;;;;;;;;;;;;;;2.3;;0.8;7.7;;-1.4;;5.8;;4.8;;;;-1.9;5.4;-4.3;-3.9;;2.5;;-0.2;5.2;-6.7;;;;;-2.0;7.2;7.2;;;;6.7;-0.3;0.3;-6.8;3.1;-0.3;2.5;;0.7;-0.7;-1.1;;;;;;;;;;;;;;;;;;-2.9;-1.7;-5.9;;-5.2;-1.4;;;-0.5;3.4;;;;;;;-2.4;;;;;-1.9;;;;0.4;-1.0;-3.2;4.1;5.3;2.2;;;;;-2.5;;;;;;;;-1.7;-1.8;-6.6;;-6.3;;-5.1;;;;-2.7;;;-0.8;2.0;-7.1;;-1.9;-2.2;;4.7;;;;;;;;;;;;-5.3;;;4.8;;;-14.3;;;;;;-0.2;;;;;;;;;;;;;;-2.8;;;0.2;-1.0;-7.0;-5.8;0.0;;-4.6;;;;;;;;;;;;;;;;;;;;;;;;;;;;-3.1;3.1;0.8;0.4;8.6;2.5;1.8;-6.8;-3.3;4.4
2024-05-17;;5.0;2.1;;1.3;;;;1.3;-2.6;-2.1;1.1;-1.3;-1.9;;2.6;;-4.4;;;-2.8;-3.7;-8.0;;;;;;;;;;;;;;-1.9;3.8;;;9.4;;;;;;;;-1.8;;3.6;;;;;;;;7.0;;;;;;;;;;;;;;;;;;;;;;;;;;;;;;;;;;;;;;;;;;-2.7;;;;-1.5;;;;;;;;;;;;;;;;;;;;;;;;;;;;;;;;;;;;2.2;;0.8;7.6;;-1.4;;5.7;;4.8;;;;-1.9;5.4;-4.4;-4.0;;2.6;;-0.3;5.2;-6.8;;;;;-2.1;7.2;7.1;;;;6.8;-0.3;0.3;-7.0;3.1;-0.3;2.5;;0.7;-0.8;-1.1;;;;;;;;;;;;;;;;;;-2.9;-1.7;-6.0;;-5.2;-1.5;;;-0.6;3.4;;;;;;;-2.4;;;;;-1.8;;;;0.3;-1.0;-3.2;4.1;5.3;2.2;;;;;-2.4;;;;;;;0.4;-1.7;-1.8;-6.8;;-6.4;;-5.0;;;;-2.7;;;-0.8;2.0;-7.1;;-2.0;-2.2;;4.8;;;;;;;;;;;;-5.3;;;4.8;;;-14.3;;;;;;-0.5;;;;;;;;;;;;;;-2.6;;;0.2;-1.1;-7.0;-6.0;0.1;;-4.9;;;;;;;;;;;;;;;;;;;;;;;;;;;;-3.1;3.1;0.7;0.3;8.7;2.5;1.8;-6.9;-3.2;4.4
2024-05-18;;4.9;2.1;;1.4;;;;1.4;-2.6;-2.0;1.2;-1.2;-1.8;;2.5;;-4.6;;;-2.8;-3.7;-7.7;;;;;;;;;;;;;;-1.9;3.9;;;9.5;;;;;;;;-1.7;;3.7;;;;;;;;7.1;;;;;;;;;;;;;;;;;;;;;;;;;;;;;;;;;;;;;;;;;;-2.7;;;;-1.5;;;;;;;;;;;;;;;;;;;;;;;;;;;;;;;;;;;;2.3;;0.8;7.6;;-1.4;;5.6;;5.0;;;;-2.0;5.4;-4.4;-4.0;;2.6;;-0.4;5.1;-6.7;;;;;-2.0;7.1;7.2;;;;6.7;-0.3;0.3;-7.0;3.0;-0.4;2.5;;0.6;-0.8;-1.1;;;;;;;;;;;;;;;;;;-2.9;-1.7;-5.9;;-5.2;-1.4;;;-0.6;3.3;;;;;;;-2.4;;;;;-1.8;;;;0.3;-1.1;-3.3;4.1;5.3;2.2;;;;;-2.5;;;;;;;0.3;-1.7;-1.9;-6.8;;-6.4;;-5.0;;;;-2.6;;;-0.8;1.9;-7.0;;-1.9;-2.2;;4.7;;;;;1.1;;;;;;;-5.3;;;4.8;;;-14.4;;;;;;-0.6;;;;;;;;;;;;;;-2.8;;;0.1;-1.1;-7.0;-6.1;0.1;;-4.9;;;;;;;;;;;;;;;;;;;;;;;;;;;;-3.1;3.2;0.7;0.3;8.6;2.5;1.8;-6.9;-3.2;4.4
2024-05-19;;4.8;2.1;;1.1;;;;1.2;-2.6;-2.0;1.2;;-1.8;;2.5;;-4.8;;;-2.9;-3.7;-7.5;;;;;;;;;;;;;;-1.9;3.9;;;9.5;;;;;;;;-1.7;;3.8;;;;;;;;7.0;;;;;;;;;;;;;;;;;;;;;;;;;;;;;;;;;;;;;;;;;;-2.7;;;;-1.5;;;;;;;;;;;;;;;;;;;;;;;;;;;;;;;;;;;;2.2;;0.8;7.5;;-1.4;;5.6;;5.0;;;;-2.0;5.4;-4.5;-4.1;;2.6;;-0.4;5.2;-6.7;;;;;-2.1;7.1;7.1;;;;6.6;-0.3;0.2;-7.0;2.9;-0.5;2.4;;0.6;-0.8;-1.2;;;;;;;;;;;;;;;;;;-3.0;-1.7;-5.9;;-5.3;-1.6;;;-0.5;3.2;;;;;;;-2.4;;;;;-1.9;;;;0.3;-1.1;-3.3;4.1;5.4;2.2;;;;;-2.3;;;;;;;0.3;-1.7;-2.0;-6.9;;-6.5;;-5.2;;;;-2.6;;;-0.9;2.0;-7.2;;-2.0;-2.3;;4.8;;;;;1.1;;;;;;;-5.3;;;4.8;;;-14.1;;;;;;-0.6;;;;;;;;;;;;;;-2.8;;;0.1;-1.2;-7.0;-6.3;-0.2;;-4.9;;;;;;;;;;;;;;;;;;;;;;;;;;;;-3.1;3.1;0.8;0.2;8.5;2.5;1.7;-6.9;-3.2;4.4
2024-05-20;;4.8;2.1;;1.2;;;;1.1;-2.6;-2.1;1.3;;-1.8;;2.6;;-4.6;;;-2.9;-3.9;-7.7;;;;;;;;;;;;;;-1.8;3.9;;;9.4;;;;;;;;-1.7;;3.8;;;;;;;;7.1;;;;;;;;;;;;;;;;;;;;;;;;;;;;;;;;;;;;;;;;;;-2.7;;;;-1.6;;;;;;;;;;;;;;;;;;;;;;;;;;;;;;;;;;;;2.3;;0.9;7.6;;-1.4;;5.6;;4.9;;;;-1.9;5.3;-4.5;-4.1;;2.6;;-0.2;5.2;-6.7;;;;;-2.1;7.1;7.1;;;;6.6;-0.5;0.1;-6.9;3.0;-0.6;2.3;;0.4;-0.9;-1.3;;;;;;;;;;;;;;;;;;-2.9;-1.6;-6.0;;-5.3;-1.6;;;-0.5;3.1;;;;;;;-2.5;;;;;-2.0;;;;0.3;-1.1;-3.2;4.1;5.4;2.3;;;;;-2.2;;;;;;;0.3;-1.8;-2.1;-7.0;;-6.5;;-5.2;;;;-2.5;;;-0.9;2.0;-7.2;;-1.9;-2.3;;4.8;;;;;1.1;;;;;;;-5.3;;;4.8;;;-14.0;;;;;;-0.9;;;;;;;;;;;;;;-2.5;;;0.1;-1.3;-7.0;-6.5;-0.3;;-5.1;;;;;;;;;;;;;;;;;;;;;;;;;;;;-3.1;3.1;0.8;0.1;8.6;2.5;1.7;-7.0;-3.3;4.4
2024-05-21;;4.7;2.0;;1.3;;;;1.1;-2.6;-2.1;1.3;;-1.7;;2.8;;-4.7;;;-2.9;-4.0;-7.8;;;;;;;;;;;;;;-1.7;4.0;;;9.3;;;;;;;;-1.4;;3.9;;;;;;;;7.0;;;;;;;;;;;;;;;;;;;;;;;;;;;;;;;;;;;;;;;;;;-2.7;;;;-1.6;;;;;;;;;;;;;;;;;;;;;;;;;;;;;;;;;;;;2.4;;1.0;7.5;;-1.4;;5.6;;4.9;;;;-1.9;5.3;-4.5;-4.1;;2.7;;;5.2;-6.7;;;;;-2.1;7.1;7.3;;;;6.6;-0.4;0.1;-6.9;3.0;-0.6;2.3;;0.4;-0.9;-1.3;;;;;;;;;;;;;;;;;;-2.9;-1.6;-6.0;;-5.3;-1.4;;;-0.5;3.1;;;;;;;-2.6;;;;;-2.0;;;;0.3;-1.1;-3.2;4.2;5.4;2.4;;;;;-2.1;;;;;;;0.2;-1.9;-2.1;-7.0;;-6.6;;-5.2;;;;-2.6;;;-0.9;2.0;-7.2;;-2.0;-2.3;;4.7;;;;;1.0;;;;;;;-5.3;;;4.7;;;-14.0;;;;;;-1.0;;;;;;;;;;;;;;-2.5;;;0.0;-1.3;-7.0;-6.2;-0.3;;-5.0;;;;;;;;;;;;;;;;;;;;;;;;;;;;-3.2;3.1;0.9;-0.1;8.5;2.4;1.6;-7.0;-3.3;4.3
2024-05-22;;4.6;2.1;;1.1;;;;0.9;-2.6;-2.0;1.4;;-1.7;;2.7;;-4.7;;;-2.8;-4.0;-8.1;;;;;;;;;;;;;;-1.6;4.0;;;9.3;;;;;;;;-1.4;;3.8;;;;;;;;7.0;;;;;;;;;;;;;;;;;;;;;;;;;;;;;;;;;;;;;;;;;;;;;;-1.6;;;;;;;;;;;;;;;;;;;;;;;;;;;;;;;;;;;;2.4;;1.0;7.5;;-1.4;;5.5;;4.9;;;;-1.9;5.3;-4.4;-4.0;;2.6;;;5.1;-6.7;;;;;-2.1;7.1;7.2;;;;6.6;-0.5;0.2;-7.0;2.8;-0.6;2.1;;0.4;-0.9;-1.3;;;;;;;;;;;;;;;;;;-2.9;-1.5;-5.9;;-5.4;-1.3;;;-0.4;3.0;;;;;;;-2.7;;;;;-1.9;;;;0.3;-1.0;-3.1;4.1;5.4;2.5;;;;;-2.1;;;;;;;0.2;-1.9;-2.1;-7.0;;-6.5;;-5.2;;;;-2.5;;;-0.9;2.0;-7.2;;-2.0;-2.3;;4.7;;;;;1.0;;;;;;;-5.4;;;4.8;;;-14.1;;;;;;-1.2;;;;;;;;;;;;;;-2.6;;;0.1;-1.2;-7.0;-6.1;-0.1;;-4.8;;;;;;;;;;;;;;;;;;;;;;;;;;;;-3.3;3.0;1.0;-0.2;8.5;2.4;1.6;-7.0;-3.3;4.3
2024-05-23;;4.6;2.1;;1.1;;;;0.9;-2.5;-2.0;1.4;;-1.7;;2.8;;-4.6;;;-2.8;-4.0;-8.3;;;;;;;;;;;;;;-1.6;4.3;;;9.3;;;;;;;;-1.9;;3.9;;;;;;;;7.1;;;;;;;;;;;;;;;;;;;;;;;;;;;;;;;;;;;;;;;;;;;;;;-1.7;;;;;;;;;;;;;;;;;;;;;;;;;;;;;;;;;;;;2.4;;1.0;7.4;;-1.4;;5.5;;4.9;;;;-2.0;5.3;-4.4;-4.0;;2.6;;;5.0;-6.7;;;;;-2.1;7.1;7.1;;;;6.6;-0.6;0.2;-7.1;2.9;-0.6;2.1;;0.3;-1.0;-1.5;;;;;;;;;;;;;;;;;;-3.0;-1.6;-5.9;;-5.4;-1.4;;;-0.4;3.0;;;;;;;-2.7;;;;;-2.0;;;;0.4;-1.1;-3.2;4.1;5.5;;;;;;-2.3;;;;;;;0.2;-1.9;-2.0;-7.0;;-6.5;;-5.1;;;;-2.4;;;-0.8;2.0;-7.2;;-2.0;-2.3;;4.7;;;;;1.0;;;;;;;-5.4;;;4.7;;;-14.1;;;;;;-1.0;;;;;;;;;;;;;;-2.4;;;0.1;-1.1;-7.1;-6.0;0.0;;-4.7;;;;;;;;;;;;;;;;;;;;;;;;;;;;-3.3;2.9;1.0;-0.3;8.4;2.4;1.6;-7.0;-3.3;4.4
2024-05-24;;4.5;2.1;;1.1;;;;1.0;-2.5;-2.1;1.5;;-1.7;;2.7;;-4.8;;;-2.9;-4.0;-8.3;;;;;;;;;;;;;;-1.6;4.2;;;9.2;;;;;;;;-1.8;;3.9;;;;;;;;7.1;;;;;;;;;;;;;;;;;;;;;;;;;;;;;;;;;;;;;;;;;;-2.7;;;;-1.6;;;;;;;;;;;;;;;;;;;;;;;;;;;;;;;;;;;;2.4;;1.0;7.4;;-1.5;;5.4;;4.9;;;;-1.9;5.3;-4.3;-3.9;;2.7;;;5.0;-6.6;;;;;-2.2;7.1;7.3;;;;6.7;-0.4;0.2;-7.0;2.8;-0.6;2.1;;0.5;-1.0;-1.6;;;;;;;;;;;;;;;;;;-3.0;-1.6;-5.9;;-5.5;-1.4;;;-0.4;2.9;;;;;;;-2.8;;;;;-2.1;;;;0.4;-1.2;-3.2;4.0;5.5;2.7;;;;;-2.3;;;;;;;0.4;-1.9;-2.0;-6.9;;-6.4;;-5.1;;;;-2.5;;;-0.8;2.0;-7.1;;-2.0;-2.2;;4.7;;;;;1.1;;;;;;;-5.4;;;4.7;;;-14.0;;;;;;-0.6;;;;;;;;;;;;;;-2.4;;;0.0;-1.2;-7.1;-6.0;0.2;;-4.9;;;;;;;;;;;;;;;;;;;;;;;;;;;;-3.4;2.9;1.0;-0.3;8.4;2.4;1.6;-7.1;-3.3;4.4
2024-05-25;;4.5;2.1;;1.0;;;;1.0;-2.5;-2.0;1.5;;-1.7;;2.5;;-5.0;;;-2.8;-3.9;-8.3;;;;;;;;;;;;;;-1.6;4.2;;;-3.5;;;;;;;;-1.0;;3.9;;;;;;;;7.1;;;;;;;;;;;;;;;;;;;;;;;;;;;;;;;;;;;;;;;;;;-2.7;;;;-1.6;;;;;;;;;;;;;;;;;;;;;;;;;;;;;;;;;;;;2.6;;0.9;7.4;;-1.5;;5.4;;4.9;;;;-2.0;5.3;-4.4;-3.9;;2.7;;;5.0;-6.5;;;;;-2.1;7.0;7.2;;;;6.7;-0.4;0.2;-6.9;3.0;-0.7;2.1;;0.5;-1.0;-1.6;;;;;;;;;;;;;;;;;;-3.1;-1.6;-5.9;;-5.4;-1.5;;;-0.4;3.0;;;;;;;-2.9;;;;;-2.1;;;;0.5;-1.2;-3.1;4.1;5.6;2.7;;;;;-2.3;;;;;;;0.3;-1.8;-1.9;-6.8;;-6.3;;-5.0;;;;-2.4;;;-0.8;2.1;-7.1;;-1.9;-2.2;;4.7;;;;;1.1;;;;;;;-5.4;;;4.7;;;-14.0;;;;;;-0.3;;;;;;;;;;;;;;-2.1;;;0.0;-1.1;-7.1;-6.0;0.3;;-4.9;;;;;;;;;;;;;;;;;;;;;;;;;;;;-3.4;2.9;1.0;-0.2;8.5;2.4;1.7;-7.0;-3.3;4.4
2024-05-26;;4.4;2.1;;1.0;;;;1.0;-2.5;-2.0;1.5;;-1.7;;2.5;;-4.9;;;-2.8;-3.9;-8.3;;;;;;;;;;;;;;-1.5;4.3;;;-3.5;;;;;;;;-0.2;;4.0;;;;;;;;7.0;;;;;;;;;;;;;;;;;;;;;;;;;;;;;;;;;;;;;;;;;;-2.7;;;;-1.6;;;;;;;;;;;;;;;;;;;;;;;;;;;;;;;;;;;;2.4;;0.8;7.4;;-1.5;;5.3;;4.9;;;;-2.0;5.3;-4.3;-3.9;;2.6;;;5.0;-6.5;;;;;-2.2;6.9;7.1;;;;6.7;-0.4;0.2;-7.0;2.9;-0.7;2.1;;0.4;-1.0;-1.6;;;;;;;;;;;;;;;;;;-3.0;-1.6;-5.9;;-5.3;-1.5;;;-0.4;3.0;;;;;;;-2.9;;;;;-2.1;;;;0.6;-1.2;-3.0;4.1;5.6;2.7;;;;;-2.3;;;;;;;0.3;-1.8;-1.9;-6.9;;-6.4;;-5.0;;;;-2.4;;;-0.8;2.1;-7.1;;-2.0;-2.3;;4.7;;;;;1.0;;;;;;;-5.4;;;4.8;;;-14.0;;;;;;-0.2;;;;;;;;;;;;;;-2.1;;;0.1;-1.0;-7.1;-6.0;0.4;;-4.7;;;;;;;;;;;;;;;;;;;;;;;;;;;;-3.4;3.0;1.0;-0.1;8.4;2.3;1.7;-6.9;-3.3;4.5
2024-05-27;;4.3;2.1;;0.9;;;;1.0;-2.6;-2.1;1.5;;-1.7;;2.5;;-4.9;;;-2.8;-3.9;-8.3;;;;;;;;;;;;;;-1.5;4.4;;;-3.5;;;;;;;;0.0;;4.0;;;;;;;;7.1;;;;;;;;;;;;;;;;;;;;;;;;;;;;;;;;;;;;;;;;;;-2.7;;;;-1.6;;;;;;;;;;;;;;;;;;;;;;;;;;;;;;;;;;;;2.4;;0.9;7.4;;-1.5;;5.2;;5.0;;;;-2.0;5.4;-4.3;-3.8;;2.6;;;5.0;-6.5;;;;;-2.2;7.0;7.3;;;;6.7;-0.5;0.3;-7.0;3.0;-0.6;2.2;;0.4;-1.1;-1.6;;;;;;;;;;;;;;;;;;-3.0;-1.6;-5.8;;-5.3;-1.4;;;-0.4;3.0;;;;;;;-2.8;;;;;-2.2;;;;0.6;-1.2;-3.0;4.0;5.6;2.7;;;;;-2.3;;;;;;;0.3;-1.8;-1.8;-6.8;;-6.4;;-5.0;;;;-2.5;;;-0.8;2.1;-7.0;;-2.0;-2.3;;4.6;;;;;1.1;;;;;;;-5.4;;;4.8;;;-13.4;;;;;;0.0;;;;;;;;;;;;;;-2.2;;;0.1;-1.0;-7.2;-5.9;0.6;;-4.7;;;;;;;;;;;;;;;;;;;;;;;;;;;;-3.4;3.0;1.1;-0.1;8.4;2.4;1.7;-7.0;-3.3;4.5
2024-05-28;;4.3;2.1;;0.9;;;;1.0;-2.6;-2.1;1.5;;-1.7;;2.5;;-4.7;;;-2.8;-3.9;-8.3;;;;;;;;;;;;;;-1.5;4.4;;;-3.6;;;;;;;;0.0;;3.9;;;;;;;;7.0;;;;;;;;;;;;;;;;;;;;;;;;;;;;;;;;;;;;;;;;;;-2.6;;;;-1.6;;;;;;;;;;;;;;;;;;;;;;;;;;;;;;;;;;;;2.4;;0.8;7.4;;-1.6;;5.1;;5.0;;;;-2.1;5.4;-4.3;-3.9;;2.6;;;5.0;-6.5;;;;;-2.2;7.0;7.3;;;;6.7;-0.4;0.4;-7.0;3.1;-0.6;2.1;;0.5;-1.1;-1.7;;;;;;;;;;;;;;;;;;-3.1;-1.6;-5.8;;-5.3;-1.5;;;-0.4;3.0;;;;;;;-2.8;;;;;-2.2;;;;0.6;-1.2;-3.1;4.0;5.6;2.8;;;;;-2.3;;;;;;;0.2;-1.9;-1.8;-6.7;;-6.4;;-5.0;;;;-2.5;;;-0.7;2.0;-7.0;;-2.0;-2.3;;4.6;;;;;1.0;;;;;;;-5.3;;;4.8;;;-12.8;;;;;;-0.1;;;;;;;;;;;;;;-2.4;;;0.0;-1.1;-7.3;-6.0;0.6;;-4.8;;;;;;;;;;;;;;;;;;;;;;;;;;;;-3.4;2.9;1.1;-0.2;8.3;2.4;1.7;-7.0;-3.4;4.5
2024-05-29;;4.1;2.0;;0.9;;;;0.9;-2.6;-2.2;1.4;;-1.8;;2.4;;-4.6;;;-2.9;-4.0;-8.5;;;;;;;;;;;;;;-1.4;4.5;;;-3.6;;;;;;;;0.2;;3.9;;;;;;;;7.0;;;;;;;;;;;;;;;;;;;;;;;;;;;;;;;;;;;;;;;;;;-2.6;;;;-1.6;;;;;;;;;;;;;;;;;;;;;;;;;;;;;;;;;;;;2.5;;0.8;7.3;;-1.5;;5.1;;5.0;;;;-2.1;5.4;-4.3;-3.8;;2.5;;;5.1;-6.5;;;;;-2.1;7.0;7.2;;;;6.7;-0.4;0.3;-7.0;3.1;-0.7;2.0;;0.3;-1.1;-1.7;;;;;;;;;;;;;;;;;;-3.1;-1.7;-5.9;;-5.4;-1.4;;;-0.4;3.0;;;;;;;-2.8;;;;;-2.1;;;;0.7;-1.2;-3.1;4.1;5.6;2.8;;;;;-2.4;;;;;;;0.2;-1.8;-1.8;-5.8;;-6.4;;-5.0;;;;-2.4;;;-0.7;2.1;-7.0;;-1.9;-2.3;;4.5;;;;;1.0;;;;;;;-5.4;;;4.8;;;-12.3;;;;;;0.0;;;;;;;;;;;;;;-2.5;;;0.1;-1.2;-7.2;-5.9;0.5;;-5.0;;;;;;;;;;;;;;;;;;;;;;;;;;;;-3.5;2.8;1.0;-0.3;8.3;2.4;1.8;-7.0;-3.4;4.6
2024-05-30;;4.2;2.0;;0.9;;;;0.9;-2.6;-2.2;1.5;;-1.8;;;;-4.6;;;-2.9;-3.9;-8.7;;;;;;;;;;;;;;-1.3;4.3;;;-3.7;;;;;;;;1.2;;3.9;;;;;;;;7.0;;;;;;;;;;;;;;;;;;;;;;;;;;;;;;;;;;;;;;;;;;-2.6;;;;-1.7;;;;;;;;;;;;;;;;;;;;;;;;;;;;;;;;;;;;2.5;;0.8;7.4;;-1.5;;5.0;;5.0;;;;-2.0;5.3;-4.4;-3.8;;2.6;;;5.2;-6.5;;;;;-2.0;7.1;7.3;;;;6.7;-0.3;0.4;-6.9;3.1;-0.6;2.0;;0.4;-1.1;-1.6;;;;;;;;;;;;;;;;;;-3.1;-1.7;-5.9;;-5.4;-1.4;;;-0.4;3.0;;;;;;;-2.8;;;;;-2.1;;;;0.7;-1.2;-3.1;4.1;5.6;2.8;;;;;-2.5;;;;;;;0.3;-1.7;-1.8;-5.7;;-6.3;;-4.9;;;;-2.4;;;-0.6;2.1;-7.0;;-1.9;-2.3;;4.5;;;;;1.1;;;;;;;-5.4;;;4.8;;;-10.9;;;;;;0.1;;;;;;;;;;;;;;-2.7;;;0.3;-1.4;-7.3;-6.0;0.3;;;;;;;;;;;;;;;;;;;;;;;;;;;-1.4;;;-3.5;2.8;1.0;-0.4;8.4;2.5;1.8;-7.1;-3.4;4.6
2024-05-31;;4.2;2.0;;1.1;;;;1.0;-2.7;-2.2;1.5;;-1.7;;;;-4.4;;;-2.8;-3.9;-8.7;;;;;;;;;;;;;;-1.2;4.2;;;-3.7;;;;;;;;0.6;;3.9;;;;;;;;7.1;;;;;;;;;;;;;;;;;;;;;;;;;;;;;;;;;;;;;;;;;;-2.6;;;;-1.7;;;;;;;;;;;;;;;;;;;;;;;;;;;;;;;;;;;;2.6;;0.9;7.4;;-1.4;;4.9;;5.1;;;;-1.9;5.3;-4.4;-3.7;;2.7;;;5.2;-6.5;;;;;-2.1;7.1;7.3;;;;6.7;-0.3;0.5;-6.8;3.2;-0.6;2.1;;0.5;-1.0;-1.5;;;;;;;;;;;;;;;;;;-3.1;-1.7;-5.9;;-5.4;-1.3;;;-0.4;3.0;;;;;;;-2.7;;;;;-2.1;;;;0.7;-1.2;-3.1;4.1;5.6;2.8;;;;;-2.7;;;;;;;0.2;-1.7;-1.8;-5.7;;-6.3;;-4.9;;;;-2.5;;;-0.7;2.1;-7.0;;-1.9;-2.4;;4.5;;;;;1.0;;;;;;;-5.4;;;4.8;;;-10.4;;;;;;0.1;;;;;;;;;;;;;;-2.7;;;0.3;-1.6;-7.3;-6.3;0.2;;;;;;;;;;;;;;;;;;;;;;;;;;;-1.5;;4.6;-3.5;2.8;1.1;-0.5;8.4;2.5;1.8;;-3.4;4.6
2024-06-01;;4.2;2.0;;1.1;;;;1.0;-2.7;-2.2;1.5;;-1.7;;;;-4.2;;;-2.8;-3.8;-8.7;;;;;;;;;;;;;;-1.1;4.3;;;-3.7;;;;;;;;1.0;;3.9;;;;;;;;7.2;;;;;;;;;;;;;;;;;;;;;;;;;;;;;;;;;;;;;;;;;;-2.6;;;;-1.8;;;;;;;;;;;;;;;;;;;;;;;;;;;;;;;;;;;;2.6;;0.9;7.5;;-1.4;;4.9;;5.1;;;;-1.9;5.4;-4.4;-3.7;;2.7;;;5.3;-6.4;;;;;-2.1;7.1;7.3;;;;6.7;-0.3;0.6;-6.8;3.2;-0.5;2.2;;0.4;-1.0;-1.5;;;;;;;;;;;;;;;;;;-3.1;-1.7;-5.8;;-5.3;-1.2;;;-0.3;3.0;;;;;;;-2.7;;;;;-2.1;;;;0.8;-1.1;-3.1;4.2;5.6;2.8;;;;;-2.8;;;;;;;0.2;-1.8;-1.7;-5.5;;-6.3;;-4.9;;;;-2.5;;;-0.7;2.0;-7.1;;-1.9;-2.4;;4.5;;;;;1.1;;;;;;;-5.4;;;4.9;;;-9.5;;;;;;0.1;;;;;;;;;;;;;;-2.7;;;0.2;-1.6;-7.3;-6.5;-0.2;;;;;;;;;;;;;;;;;;;;;;;;;;;-1.5;2.0;4.6;-3.4;2.8;1.2;-0.3;8.3;2.6;1.7;;-3.3;4.7
2024-06-02;;4.1;2.0;;1.1;;;;1.1;-2.6;-2.1;1.5;;-1.7;;;;-4.2;;;-2.7;-3.8;-8.7;;;;;;;;;;;;;;-1.0;4.3;;;-3.7;;;;;;;;1.2;;3.8;;;;;;;;7.3;;;;;;;;;;;;;;;;;;;;;;;;;;;;;;;;;;;;;;;;;;-2.6;;;;-1.9;;;;;;;;;;;;;;;;;;;;;;;;;;;;;;;;;;;;2.6;;1.0;7.5;;-1.4;;4.7;;5.1;;;;-1.7;5.5;-4.3;-3.6;;2.7;;;5.3;-6.3;;;;;-2.0;7.2;7.3;;;;6.7;-0.3;0.6;-6.7;3.2;-0.4;2.2;;0.4;-0.9;-1.5;2.5;;;;;;;;;;;;;;;;;-2.9;-1.7;-5.8;;-5.1;-1.1;;;-0.3;2.9;;;;;;;-2.7;;;;;-2.1;;;5.5;0.7;-1.1;-3.1;4.2;5.7;2.8;;;;;-3.0;;;;;;;0.1;-1.7;-1.7;-5.3;;-6.3;;-4.9;;;;-2.5;;;-0.7;2.0;-7.0;;-1.9;-2.4;;4.5;;;;;1.1;;;;;;;-5.4;;;4.9;;;6.9;;;;;;0.3;;;;;;;;;;;;;;-2.8;;;0.3;-1.6;-7.2;-6.3;-0.2;;;;;;;;;;;;;;;;;;;;;;;;;;;-1.4;2.0;4.6;-3.3;2.8;1.1;-0.3;8.3;2.5;1.6;;-3.3;4.6
2024-06-03;;4.1;2.0;;1.1;;;;1.0;-2.6;-2.1;1.5;;-1.7;;;;-4.4;;;-2.7;-3.8;-8.7;;;;;;;;;;;;;;-0.8;4.3;;;-3.6;;;;;;;;1.6;;3.7;;;;;;;;7.3;;;;;;;;;;;;;;;;;;;;;;;;;;;;;;;;;;;;;;;;;;-2.6;;;;-2.0;;;;;;;;;;;;;;;;;;;;;;;;;;;;;;;;;;;;2.5;;1.0;7.6;;-1.4;;4.6;;5.1;;;;-1.4;5.5;-4.2;-3.4;;2.6;;;5.3;-6.2;;;;;-2.0;7.3;7.4;;;;6.8;-0.3;0.5;-6.7;3.3;-0.4;2.1;;0.4;-1.0;-1.5;2.5;;;;;;;;;;;;;;;;;-2.9;-1.7;-5.5;;-4.9;-0.8;;;-0.2;2.8;;;;;;;-2.7;;;;;-2.1;;;5.4;0.7;-1.1;-3.2;4.2;5.6;2.8;;;;;-3.1;;;;;;;0.2;-1.7;-1.7;-5.1;;-6.3;;-4.9;;;;-2.5;;;-0.8;2.0;-7.0;;-1.9;-2.4;;4.5;;;;;1.0;;;;;;;-5.4;;;4.8;;;7.0;;;;;;0.5;;;;;;;;;;;;;;-3.0;;;0.3;-1.4;-7.2;-6.1;0.1;;;;;;;;;;;;;;;;;;;;;;;;;;;-1.3;1.9;4.5;-3.2;2.8;1.2;-0.1;8.4;2.5;1.6;;-3.3;4.6
2024-06-04;;4.1;2.0;;1.0;;;;0.9;-2.7;-2.1;1.5;;-1.7;;2.4;;-4.4;;;-2.7;-3.9;-8.7;;;;;;;;;;;;;;-0.7;4.3;;;-3.6;;;;;;;;2.1;;3.7;;;;;;;;7.3;;;;;;;;;;;;;;;;;;;;;;;;;;;;;;;;;;;;;;;;;;-2.6;;;;-2.0;;;;;;;;;;;;;;;;;;;;;;;;;;;;;;;;;;;;2.5;;1.0;7.7;;-1.4;;4.6;;5.1;;;;-1.3;5.5;-4.1;-3.3;;2.6;;;5.3;-6.2;;;;;-2.0;7.2;7.5;;;;6.8;-0.3;0.6;-6.6;3.3;-0.5;2.1;;0.4;-1.0;-1.7;2.5;;;;;;;;;;;;;;;;;-2.8;-1.6;-5.4;;-4.9;-0.7;;;0.0;2.8;;;;;;;-2.6;;;;;-2.0;;;5.4;0.8;-1.1;-3.1;4.1;5.6;2.8;;;;;-3.2;;;;;;;0.2;-1.7;-1.5;-4.9;;-6.3;;-4.9;;;;-2.5;;;-0.8;2.0;-7.1;;-2.0;-2.4;;4.5;;;;;1.0;;;;;;;-5.4;;;4.8;;;7.2;;;;;;0.8;;;;;;;;;;;;;;-2.8;;;0.3;-1.4;-7.3;-6.1;;;;;;;;;;;;;;;;;;;;;;;;;;;;-1.3;1.8;4.5;-3.3;2.8;1.1;0.0;8.4;2.4;1.7;;-3.4;4.5
2024-06-05;;4.0;2.0;;1.0;;;;1.1;-2.6;-2.1;1.5;;-1.7;;2.3;;-4.4;;;-2.7;-3.9;-8.6;;;;;;;;;;;;;;-0.5;4.2;;;-3.6;;;;;;;;2.1;;3.6;;;;;;;;7.3;;;;;;;;;;;;;;;;;;;;;;;;;;;;;;;;;;;;;;;;;;-2.6;;;;-2.1;;;;;;;;;;;;;;;;;;;;;;;;;;;;;;;;;;;;2.7;;1.1;7.7;;-1.2;;4.5;;5.1;;;;-1.1;5.6;-3.9;-3.2;;2.5;;;5.3;-6.2;;;;;;7.3;7.4;;;;6.8;-0.3;0.7;-6.5;3.3;-0.5;2.2;;0.4;-1.0;-1.7;2.5;;;;;;;;;;;;;;;;;-2.8;-1.6;-5.1;;-4.7;-0.7;;;0.1;2.8;;;;;;;-2.5;;;;;-2.0;;;5.3;0.9;-1.0;-3.1;4.1;5.6;2.7;;;;;-3.3;;;;;;;0.4;-1.7;-1.5;-4.6;;-6.4;;-4.8;;;;-2.5;;;-0.8;2.0;-7.0;;-2.0;-2.4;;4.5;;;;;1.0;;;;;;;-5.4;;;4.8;;;7.3;;;;;;0.9;;;;;;;;;;;;;;-2.9;;;0.3;-1.3;-7.5;-5.9;;;;;;;;;;;;;;;;;;;;;;;;;;;;;1.9;4.4;-3.2;2.9;1.1;0.0;8.4;2.4;1.7;;-3.4;4.5
2024-06-06;;4.0;2.0;;1.1;;;;1.1;;-2.1;1.6;;-1.7;;2.3;;-4.3;;;-2.7;-3.8;;;;;;;;;;;;;;;-0.4;4.2;;;-3.6;;;;;;;;2.7;;3.5;;;;;;;;7.3;;;;;;;;;;;;;;;;;;;;;;;;;;;;;;;;;;;;;;;;;;-2.6;;;;-2.1;;;;;;;;;;;;;;;;;;;;;;;;;;;;;;;;;;;;2.6;;1.1;7.8;;-1.1;;4.4;;5.2;;;;-1.0;5.6;-3.7;-3.2;;2.5;;;5.3;-6.1;;;;;-1.9;7.2;7.4;;;;6.7;-0.4;0.7;-6.5;3.2;-0.6;2.0;;0.4;-1.0;-1.9;2.5;;;;;;;;;;;;;;;;;-2.7;-1.6;-5.0;;-4.6;-0.5;;;0.1;2.7;;;;;;;-2.4;;;;;-1.9;;;5.0;0.9;-1.1;-3.1;4.1;5.5;2.8;;;;;-3.4;;;;;;;0.5;-1.7;-1.4;-4.3;;-6.3;;-4.8;;;;-2.5;;;-0.7;2.1;-7.0;;-2.1;-2.4;;4.5;;;;;1.0;;;;;;;-5.4;;;4.8;;;7.3;;;;;;0.9;;;;;;;;;;;;;;-3.1;;;;;-7.4;-5.7;;;;;;;;;;;;;;;;;;;;;;;;;;;;-1.4;1.8;4.4;-3.2;2.9;1.1;0.2;8.3;2.4;1.7;;-3.3;4.4
2024-06-07;;4.0;2.0;;1.1;;;;1.1;-2.7;-2.1;1.6;;-1.8;;2.2;;-4.3;;;-2.6;-3.8;-8.5;;;;;;;;;;;;;;-0.2;4.1;;;-3.6;;;;;;;;4.0;;3.4;;;;;;;;7.3;;;;;;;;;;;;;;;;;;;;;;;;;;;;;;;;;;;;;;;;;;-2.6;;;;-2.1;;;;;;;;;;;;;;;;;;;;;;;;;;;;;;;;;;;;2.6;;1.1;7.6;;-1.0;;4.3;;5.2;;;;-0.8;5.6;-3.5;-3.1;;2.4;-1.9;;4.5;-6.3;;;;;-1.9;7.2;7.5;;;;6.7;-0.3;0.7;-6.6;3.3;-0.5;2.0;;0.6;-1.0;-1.8;2.4;;;;;;;;;;;;;;;;;-2.6;-1.6;-4.8;;-4.4;-0.4;;;0.2;2.6;;;;;;;-2.3;;;;;-1.8;;;5.0;0.9;-1.1;-3.2;4.1;5.5;2.7;;;;;-3.5;;;;;;;0.6;-1.7;-1.3;-4.1;;-6.4;;-4.7;;;;-2.7;;;-0.7;2.1;-7.0;;-2.1;-2.4;;4.5;;;;;1.0;;;;;;;-5.5;;;4.8;;;7.4;;;;;;1.2;;;;;;;;;;;;;;-3.1;;;;;-7.5;-5.6;;;;;;;;;;;;;;;;;;;;;;;;;;;;-1.5;1.8;4.4;-3.2;3.0;1.1;0.3;8.3;2.4;1.7;-7.1;-3.3;4.4
2024-06-08;;4.0;2.0;;1.0;;;;1.0;-2.6;-2.1;1.5;;-1.9;;2.1;;-4.2;;;-2.7;-3.8;-8.5;;;;;;;;;;;;;;-0.1;3.9;;;-3.6;;;;;;;;3.8;;3.2;;;;;;;;7.3;;;;;;;;;;;;;;;;;;;;;;;;;;;;;;;;;;;;;;;;;;-2.6;;;;-2.0;;;;;;;;;;;;;;;;;;;;;;;;;;;;;;;;;;;;2.4;;1.1;7.6;;-0.9;;4.2;;5.2;;;;-0.7;5.6;-3.4;-3.1;;2.3;-1.7;;4.1;-6.3;;;;;-1.9;7.2;7.7;;;;6.8;-0.2;0.8;-6.6;3.2;-0.4;2.0;;0.7;-0.9;-1.9;2.4;;;;;;;;;;;;;;;;;-2.5;-1.7;;;-4.2;-0.2;;;0.2;2.6;;;;;;;-2.1;;;;;-1.7;;;4.9;1.0;-1.1;-3.2;4.1;5.5;2.6;;;;;-3.5;;;;;;;0.7;-1.5;-1.2;-3.7;;-6.3;;-4.7;;;;-2.7;;;-0.7;2.1;-7.0;;-2.0;-2.3;;4.5;;;;;1.0;;;;;;;-5.4;;;4.9;;;7.5;;;;;;1.3;;;;;;;;;;;;;;-3.0;;;;;-7.4;-5.6;;;;;;;;;;;;;;;;;;;;;;;;;;;;-1.6;1.8;4.5;-3.1;2.9;1.0;0.3;8.3;2.5;1.7;-7.1;-3.4;4.4
2024-06-09;;;2.0;;1.0;;;;1.1;-2.6;-2.1;1.5;;-1.9;;2.1;;-4.2;;;-2.7;-3.8;-8.5;;;;;;;;;;;;;;-0.1;3.8;;;-3.5;;;;;;;;2.4;;3.0;;;;;;;;7.1;;;;;;;;;;;;;;;;;;;;;;;;;;;;;;;;;;;;;;;;;;-2.6;;;;-2.1;;;;;;;;;;;;;;;;;;;;;;;;;;;;;;;;;;;;2.3;;1.1;7.5;;-0.8;;4.1;;5.2;;;;-0.5;5.6;-3.2;-2.9;;2.3;-1.7;;3.6;-6.3;;;;;-1.9;7.1;7.8;;;;6.9;-0.3;0.8;-6.5;3.2;-0.3;1.9;;0.6;-0.8;-1.8;2.5;;;;;;;;;;;;;;;;;-2.4;-1.7;-4.8;;-4.0;0.0;;;0.2;2.5;;;;;;;-2.0;;;;;-1.6;;;4.7;1.0;-1.1;-3.3;4.1;5.5;;;;;;-3.7;;;;;;;0.7;-1.5;-1.1;-3.4;;-6.2;;-4.7;;;;-2.7;;;-0.7;2.2;-6.9;;-2.1;-2.4;;4.5;;;;;1.0;;;;;;;-5.4;;;4.9;;;7.6;;;;;;1.4;;;;;;;;;;;;;;-3.0;;;;;-7.5;-5.6;;;;;;;;;;;;;;;;;;;;;;;;;;;;-1.6;1.8;4.5;-3.1;3.0;1.1;0.4;8.3;2.5;1.8;-7.1;-3.4;4.4
2024-06-10;;;2.0;;1.0;;;;1.2;-2.6;-2.1;1.4;;-1.9;;2.3;;-4.1;;;-2.7;-3.9;-8.5;;;;;;;;;;;;;;0.0;3.5;;;-3.4;;;;;;;;2.5;;3.0;;;;;;;;7.1;;;;;;;;;;;;;;;;;;;;;;;;;;;;;;;;;;;;;;;;;;-2.6;;;;-2.1;;;;;;;;;;;;;;;;;;;;;;;;;;;;;;;;;;;;2.1;;1.2;7.6;;-0.7;;4.1;;5.3;;;;-0.3;5.7;-3.1;-2.8;;2.3;-2.2;;1.1;-6.3;;;;;-1.9;7.2;7.9;;;;6.9;-0.1;0.8;-6.4;3.3;-0.2;2.1;;0.7;-0.6;-1.8;2.5;;;;;;;;;;;;;;;;;-2.4;-1.7;-4.6;;-3.8;0.1;;;0.3;2.4;;;;;;;-1.8;;;;;-1.5;;;4.7;1.0;-1.0;-3.3;4.1;5.5;2.5;;;;;-3.6;;;;;;;0.9;-1.5;-1.2;-3.4;;-6.3;;-4.8;;;;-2.7;;;-0.8;2.1;-7.0;;-2.0;-2.4;;4.5;;;;;1.0;;;;;;;-5.4;;;4.9;;;7.5;;;;;;1.3;;;;;;;;;;;;;;-3.2;;;;;-7.5;-5.7;;;;;;;;;;;;;;;;;;;;;;;;;;;;-1.6;1.8;4.4;-3.0;3.0;1.1;0.5;8.4;2.5;1.8;-7.0;-3.4;4.4
2024-06-11;;;2.0;;1.0;;;;1.1;-2.7;-2.2;1.4;;-2.0;;2.3;;-3.9;;;-2.7;-3.9;-8.4;;;;;;;;;;;;;;0.1;3.4;;;-3.3;;;;;;;;2.3;;2.8;;;;;;;;7.0;;;;;;;;;;;;;;;;;;;;;;;;;;;;;;;;;;;;;;;;;;-2.6;;;;-2.2;;;;;;;;;;;;;;;;;;;;;;;;;;;;;;;;;;;;2.1;;1.2;7.7;;-0.5;;4.1;;5.2;;;;0.0;5.7;-3.0;-2.7;;2.4;-1.7;;1.0;-6.3;;;;;;7.3;7.9;;;;6.9;-0.1;0.9;-6.4;3.4;-0.2;2.2;;0.6;-0.7;-1.8;2.6;;;;;;;;;;;;;;;;;-2.3;-1.7;-4.5;;-3.7;0.2;;;0.2;2.4;;;;;;;-1.6;;;;;-1.3;;;4.6;1.1;-1.0;-3.2;4.1;5.5;2.5;;;;;-3.7;;;;;;;0.9;-1.6;-1.1;-3.2;;-6.3;;-4.8;;;;-2.7;;;-0.8;2.2;-6.9;;-2.0;-2.4;;4.5;;;;;1.0;;;;;;;-5.4;;;4.8;;;7.6;;;;;;1.4;;;;;;;;;;;;;;-3.2;;;;;-7.5;-5.6;;;;;;;;;;;;;;;;;;;;;;;;;;;;-1.7;1.8;4.4;-2.9;3.1;1.2;0.6;8.4;2.5;1.8;-6.9;-3.3;4.4
2024-06-12;;;2.0;;1.2;;;;1.3;-2.7;-2.1;1.4;;-1.9;;2.5;;-3.7;;;-2.7;-3.9;-8.4;;;;;;;;;;;;;;0.3;3.4;;;-3.1;;;;;;;;1.5;;2.7;;;;;;;;7.0;;;;;;;;;;;;;;;;;;;;;;;;;;;;;;;;;;;;;;;;;;-2.6;;;;-2.2;;;;;;;;;;;;;;;;;;;;;;;;;;;;;;;;;;;;2.1;;1.3;7.9;;-0.3;;4.0;;5.2;;;;0.1;5.7;-2.8;-2.6;;2.5;;;1.0;-6.2;;;;;;7.4;8.1;;;;7.0;-0.2;0.8;-6.3;3.4;-0.1;2.1;;0.6;-0.6;-1.7;2.6;;;;;;;;;;;;;;;;;-2.3;-1.8;-4.4;;-3.5;0.2;;;0.3;2.4;;;;;;;-1.5;;;;;-1.1;;;4.5;1.1;-1.0;-3.3;4.1;5.5;2.4;;;;;-3.7;;;;;;;1.0;-1.5;-1.0;-3.0;;-6.2;;-4.7;;;;-2.7;;;-0.7;2.2;-6.9;;-2.0;-2.4;;4.5;;;;;1.0;;;;;;;-5.4;;;4.9;;;7.7;;;;;;1.4;;;;;;;;;;;;;;-3.2;;;;;-7.4;-5.5;;;;;;;;;;;;;;;;;;;;;;;;;;;;-1.6;1.7;4.4;-3.0;3.1;1.2;0.5;8.4;2.5;1.8;-6.9;-3.2;4.4
2024-06-13;;;1.9;;1.3;;;;1.2;-2.7;-2.1;1.4;;-1.9;;2.5;;-3.7;;;-2.7;-4.0;-8.4;;;;;;;;;;;;;;0.1;3.3;;;-3.0;;;;;;;;2.1;;2.5;;;;;;;;7.1;;;;;;;;;;;;;;;;;;;;;;;;;;;;;;;;;;;;;;;;;;-2.5;;;;-2.2;;;;;;;;;;;;;;;;;;;;;;;;;;;;;;;;;;;;2.1;;1.4;8.0;;-0.1;;4.0;;5.2;;;;0.1;5.7;-2.8;-2.5;;2.4;-1.6;;1.0;-6.3;;;;;;7.5;8.0;;;;7.0;-0.1;0.8;-6.3;3.4;0.0;2.1;;0.8;-0.5;-1.7;2.7;;;;;;;;;;;;;;;;;-2.2;-1.7;-4.2;;-3.4;0.2;;;0.3;2.4;;;;;;;-1.4;;;;;-0.9;;;4.3;1.1;-1.0;-3.3;4.1;5.5;2.5;;;;;-3.7;;;;;;;1.1;-1.5;-1.1;-2.8;;-6.2;;-4.7;;;;-2.5;;;-0.7;2.2;-7.1;;-2.0;-2.3;;4.5;;;;;1.0;;;;;;;-5.4;;;4.9;;;7.8;;;;;;1.6;;;;;;;;;;;;;;-3.4;;;;;-7.5;-5.5;;;;;;;;;;;;;;;;;;;;;;;;;;;;-1.7;1.7;4.3;-3.0;3.0;1.1;0.5;8.4;2.5;1.8;-6.9;-3.3;4.4
2024-06-14;;;1.9;;1.3;;;;1.3;-2.8;-2.1;1.5;;-1.9;;2.5;;-3.7;;;-2.7;-3.9;-8.4;;;;;;;;;;;;;;0.2;3.1;;;-2.7;;;;;;;;2.2;;2.3;;;;;;;;7.1;;;;;;;;;;;;;;;;;;;;;;;;;;;;;;;;;;;;;;;;;;-2.5;;;;-2.2;;;;;;;;;;;;;;;;;;;;;;;;;;;;;;;;;;;;2.1;;1.3;7.9;;0.1;;4.0;;5.2;;;;0.2;5.7;-2.7;-2.4;;2.4;-1.4;;1.1;-6.3;;;;;;7.5;8.0;;;;7.0;-0.1;0.9;-6.3;3.4;0.1;2.2;;0.8;-0.5;-1.6;2.7;;;;;;;;;;;;;;;;;-2.1;-1.7;-3.9;;-3.2;0.0;;;0.4;2.3;;;;;;;-1.2;;;;;-0.8;;;4.3;1.2;-1.0;-3.3;4.1;5.5;2.5;;;;;-3.7;;;;;;;1.2;-1.5;-1.1;-2.8;;-6.1;;-4.7;;;;-2.5;;;-0.6;2.2;-7.2;;-2.0;-2.4;;4.6;;;;;1.0;;;;;;;-5.4;;;4.8;;;8.0;;;;;;1.6;;;;;;;;;;;;;;-3.5;;;;;-7.4;-5.5;;;;;;;;;;;;;;;;;;;;;;;;;;;;-1.7;1.6;4.4;-3.0;3.0;1.1;0.4;8.4;2.6;1.8;-6.9;-3.3;4.4
2024-06-15;;;1.9;;1.4;;;;1.3;-2.7;-2.1;1.5;;-1.9;;2.7;;-3.7;;;-2.7;-3.9;-8.2;;;;;;;;;;;;;;0.2;3.0;;;-2.6;;;;;;;;2.6;;2.2;;;;;;;;7.2;;;;;;;;;;;;;;;;;;;;;;;;;;;;;;;;;;;;;;;;;;-2.5;;;;-2.2;;;;;;;;;;;;;;;;;;;;;;;;;;;;;;;;;;;;1.9;;1.3;8.0;;0.2;;4.0;;5.2;;;;0.2;5.7;-2.5;-2.3;;;;;1.1;-6.3;;;;;;7.5;8.1;;;;6.9;-0.2;0.8;-6.3;3.4;0.2;2.2;;0.8;-0.5;-1.6;2.7;;;;;;;;;;;;;;;;;-1.9;-1.7;-3.7;;-3.0;0.1;;;0.5;2.3;;;;;;;-1.1;;;;;-0.5;;;4.2;1.2;-1.0;-3.3;4.1;5.5;2.5;;;;;-3.7;;;;;;;1.2;-1.6;-1.2;-2.9;;-6.1;;-4.8;;;;-2.5;;;-0.6;2.2;-7.4;;-2.0;-2.4;;4.6;;;;;1.0;;;;;;;-5.4;;;4.8;;;8.0;;;;;;;;;;;;;;;;;;;;-3.5;;;;;-7.5;-5.7;;;;;;;;;;;;;;;;;;;;;;;;;;;;-1.8;1.6;4.3;-3.0;3.1;1.2;0.4;8.4;2.5;1.8;-6.9;-3.2;4.3
2024-06-16;;;1.9;;1.4;;;;1.3;;-2.0;1.5;;-1.8;;2.7;;-3.7;;;-2.7;-3.9;-8.0;;;;;;;;;;;;;;0.1;2.9;;;-2.5;;;;;;;;2.8;;2.1;;;;;;;;7.1;;;;;;;;;;;;;;;;;;;;;;;;;;;;;;;;;;;;;;;;;;-2.5;;;;-2.2;;;;;;;;;;;;;;;;;;;;;;;;;;;;;;;;;;;;1.8;;1.3;8.0;;0.3;;3.9;;5.2;;;;0.2;5.6;-2.5;-2.2;;2.4;-1.3;;;-6.3;;;;;;7.5;8.1;;;;6.8;-0.2;0.7;-6.4;3.4;0.0;2.2;;0.6;-0.5;-1.6;2.7;;;;;;;;;;;;;;;;;-2.0;-1.7;-3.6;;-3.0;0.1;;;0.5;2.2;;;;;;;-1.0;;;;;-0.5;;;4.1;1.3;-1.0;-3.3;4.0;5.5;2.5;;;;;-3.7;;;;;;;1.2;-1.6;-1.2;-3.0;;-6.2;;-4.9;;;;-2.5;;;-0.6;2.2;-7.4;;-2.1;;;4.6;;;;;1.0;;;;;;;-5.4;;;4.8;;;8.1;;;;;;1.8;;;;;;;;;;;;;;-3.4;;;;;-7.5;-5.6;;;;;;;;;;;;;;;;;;;;;;;;;;;;-2.0;1.6;4.4;-2.9;3.1;1.2;0.5;8.4;2.6;1.8;-6.8;-3.2;4.4
2024-06-17;;;1.9;;1.4;;;;1.4;-2.6;-2.0;1.6;;-1.8;;2.7;;-3.8;;;-2.7;-3.9;-7.8;;;;;;;;;;;;;;0.0;2.9;;;-2.4;;;;;;;;2.9;;2.1;;;;;;;;7.1;;;;;;;;;;;;;;;;;;;;;;;;;;;;;;;;;;;;;;;;;;-2.5;;;;-2.1;;;;;;;;;;;;;;;;;;;;;;;;;;;;;;;;;;;;1.7;;1.3;8.0;;0.3;;3.9;;5.3;;;;0.2;5.7;-2.5;-2.2;;2.3;-1.5;;;-6.3;;;;;;7.5;8.1;;;;6.8;-0.3;0.7;-6.4;3.4;-0.1;2.2;;0.7;-0.6;-1.6;2.7;;;;;;;;;;;;;;;;;-2.0;-1.8;-3.4;;-2.9;0.0;;;0.6;2.3;;;;;;;-0.8;;;;;-0.3;;;4.0;1.2;-1.0;-3.4;4.0;5.5;2.5;;;;;-3.7;;;;;;;1.4;-1.6;-1.2;-3.1;;-6.3;;-5.0;;;;-2.5;;;-0.7;2.1;-7.4;;-2.1;;;4.6;;;;;1.0;;;;;;;-5.4;;;4.8;;;8.1;;;;;;1.7;;;;;;;;;;;;;;-3.4;;;;;-7.5;-5.6;;;;;;;;;;;;;;;;;;;;;;;;;;;;-2.0;1.6;4.4;-2.9;3.1;1.2;0.5;8.4;2.6;1.8;-6.9;-3.1;4.4
2024-06-18;;;1.9;;1.5;;;;1.5;;-2.0;1.6;;-1.7;;2.6;;-3.9;;;-2.7;-3.8;-7.5;;;;;;;;;;;;;;-0.1;2.9;;;-2.4;;;;;;;;2.7;;2.1;;;;;;;;7.0;;;;;;;;;;;;;;;;;;;;;;;;;;;;;;;;;;;;;;;;;;-2.5;;;;-2.1;;;;;;;;;;;;;;;;;;;;;;;;;;;;;;;;;;;;1.7;;1.2;8.0;;0.3;;3.8;;5.2;;;;0.1;5.7;-2.6;-2.3;;2.2;-1.1;;;-6.4;;;;;;7.4;8.2;;;;6.8;-0.4;0.6;-6.5;3.3;-0.1;2.0;;0.6;-0.6;-1.6;2.7;;;;;;;;;;;;;;;;;-2.1;-1.7;-3.5;;-3.1;-0.1;;;0.5;2.4;;;;;;;-0.8;;;;;-0.2;;;4.1;1.2;-1.0;-3.4;4.0;5.5;2.5;;;;;-3.6;;;;;;;1.4;-1.5;-1.3;-3.1;;-6.3;;-5.0;;;;-2.6;;;-0.7;2.1;-7.7;;-2.2;;;4.6;;;;;1.0;;;;;;;-5.4;;;4.8;;;8.1;;;;;;1.9;;;;;;;;;;;;;;-3.2;;;;;-7.5;-5.8;;;;;;;;;;;;;;;;;;;;;;;;;;;;-2.1;1.5;4.4;-2.9;3.1;1.2;0.5;8.4;2.6;1.8;-6.8;-3.0;4.4
2024-06-19;;4.1;1.9;;1.5;;;;1.5;-2.6;-2.0;1.5;;-1.8;;2.4;;-4.0;;;-2.7;-3.8;-7.3;;;;;;;;;;;;;;-0.1;2.9;;;-2.4;;;;;;;;2.3;;2.0;;;;;;;;7.0;;;;;;;;;;;;;;;;;;;;;;;;;;;;;;;;;;;;;;;;;;-2.5;;;;-2.2;;;;;;;;;;;;;;;;;;;;;;;;;;;;;;;;;;;;1.6;;1.1;8.0;;0.3;;3.8;;5.3;;;;0.1;5.7;-2.6;-2.3;;2.2;-0.5;;1.1;-6.4;;;;;;7.3;8.2;;;;6.7;;0.5;-6.6;3.3;-0.2;2.0;;0.5;-0.6;-1.8;2.7;;;;;;;;;;;;;;;;;-2.1;-1.7;-3.5;;-3.1;-0.2;;;0.4;2.3;;;;;;;-0.8;;;;;-0.2;;;4.1;1.2;-1.0;-3.4;4.0;5.5;2.5;;;;;-3.6;;;;;;;1.4;-1.5;-1.5;-3.1;;-6.4;;-5.0;;;;-2.6;;;-0.7;2.1;-7.7;;-2.2;;;4.6;;;;;1.0;;;;;;;-5.4;;;4.8;;;8.1;;;;;;1.9;;;;;;;;;;;;;;-2.8;;;;;-7.5;-5.7;;;;;;;;;;;;;;;;;;;;;;;;;;;;-2.2;1.5;4.5;-2.8;3.1;1.2;0.6;8.4;2.6;1.8;-6.9;-3.0;4.4
2024-06-20;;4.0;1.8;;1.3;;;;1.4;-2.5;-2.0;1.4;;-1.8;;2.4;;-3.9;;;-2.7;-3.8;-6.9;;;;;;;;;;;;;;-0.3;3.0;;;-2.4;;;;;;;;2.5;;2.0;;;;;;;;6.9;;;;;;;;;;;;;;;;;;;;;;;;;;;;;;;;;;;;;;;;;;-2.5;;;;-2.1;;;;;;;;;;;;;;;;;;;;;;;;;;;;;;;;;;;;1.7;;1.1;7.9;;0.3;;3.8;;5.3;;;;0.1;5.6;-2.6;-2.3;;2.3;;;0.9;-6.4;;;;;;7.4;8.1;;;;6.8;;0.4;-6.6;3.3;-0.3;2.0;;0.4;-0.5;-1.9;2.6;;;;;;;;;;;;;;;;;-2.0;-1.7;-3.5;;-3.1;-0.2;;;0.4;2.3;;;;;;;-0.9;;;;;-0.3;;;4.1;1.2;-1.1;-3.4;4.0;5.5;2.5;;;;;-3.5;;;;;;;1.4;-1.5;-1.6;-3.2;;-6.5;;-5.1;;;;-2.6;;;-0.7;2.1;-7.7;;-2.2;;;4.6;;;;;1.0;;;;;;;-5.4;;;4.8;;;8.0;;;;;;1.7;;;;;;;;;;;;;;-2.8;;;;;-7.5;-5.5;;;;;;;;;;;;;;;;;;;;;;;;;;;;-2.1;1.6;4.5;-2.8;3.0;1.2;0.6;8.4;2.6;1.9;-6.8;-3.0;4.3
2024-06-21;;4.0;1.8;;1.4;;;;1.4;-2.6;-2.1;1.3;;-1.8;;2.5;;-3.9;;;-2.8;-3.9;-6.6;;;;;;;;;;;;;;-0.3;3.0;;;-2.4;;;;;;;;3.2;;2.1;;;;;;;;7.0;;;;;;;;;;;;;;;;;;;;;;;;;;;;;;;;;;;;;;;;;;-2.5;;;;-2.1;;;;;;;;;;;;;;;;;;;;;;;;;;;;;;;;;;;;1.7;;1.1;7.9;;0.4;;3.8;;5.3;;;;0.0;5.7;-2.7;-2.2;;2.3;;;1.0;-6.6;;;;;;7.3;7.9;;;;6.8;;0.4;-6.7;3.3;-0.3;1.8;;0.3;-0.6;-1.9;2.5;;;;;;;;;;;;;;;;;-2.0;-1.7;-3.6;;-3.1;-0.1;;;0.4;2.4;;;;;;;-0.9;;;;;-0.2;;;4.0;1.2;-1.1;-3.4;4.0;5.4;2.5;;;;;-3.4;;;;;;;1.6;-1.5;-1.7;-3.2;;-6.5;;-5.1;;;;-2.6;;;-0.7;2.1;-7.6;;-2.1;;;4.6;;;;;1.0;;;;;;;-5.4;;;4.8;;;8.1;;;;;;1.9;;;;;;;;;;;;;;-2.8;;;;;-7.5;-5.4;;;;;;;;;;;;;;;;;;;;;;;;;;;;-2.1;1.5;4.5;-2.9;3.0;1.2;0.6;8.4;2.6;1.9;-6.7;-3.0;4.2
2024-06-22;;3.9;1.8;;1.5;;;;1.4;-2.7;-2.1;1.2;;-1.8;;2.6;;-3.9;;;-2.9;-3.9;-6.5;;;;;;;;;;;;;;-0.2;3.1;;;-2.5;;;;;;;;3.5;;2.0;;;;;;;;7.0;;;;;;;;;;;;;;;;;;;;;;;;;;;;;;;;;;;;;;;;;;-2.5;;;;-2.2;;;;;;;;;;;;;;;;;;;;;;;;;;;;;;;;;;;;1.6;;1.0;7.9;;0.3;;3.8;;5.3;;;;0.0;5.6;-2.6;-2.2;;2.3;;;0.9;-6.5;;;;;;7.3;7.8;;;;6.8;;0.5;-6.8;3.3;-0.2;1.8;;0.3;-0.7;-1.9;2.4;;;;;;;;;;;;;;;;;-2.0;-1.8;-3.5;;-3.1;0.1;;;0.4;2.3;;;;;;;-1.0;;;;;-0.3;;;3.9;1.2;-1.1;-3.4;4.0;5.4;2.6;;;;;-3.2;;;;;;;1.6;-1.5;-1.9;-3.1;;-6.5;;-5.1;;;;-2.8;;;-0.7;2.1;-7.7;;-2.2;;;4.7;;;;;1.0;;;;;;;-5.4;;;4.8;;;8.3;;;;;;1.7;;;;;;;;;;;;;;-2.5;;;;;-7.4;-5.2;;;;;;;;;;;;;;;;;;;;;;;;;;;;-2.2;1.6;4.5;-2.9;3.1;1.3;0.6;8.5;2.6;1.9;-6.7;-3.1;4.3
2024-06-23;;3.9;1.8;;1.7;;;;1.4;-2.7;-2.1;1.2;;-1.9;;2.7;;-3.9;;;-2.9;-4.0;-6.3;;;;;;;;;;;;;;-0.1;2.9;;;-2.4;;;;;;;;3.5;;1.9;;;;;;;;7.0;;;;;;;;;;;;;;;;;;;;;;;;;;;;;;;;;;;;;;;;;;-2.4;;;;-2.1;;;;;;;;;;;;;;;;;;;;;;;;;;;;;;;;;;;;1.7;;1.2;7.9;;0.3;;3.7;;5.2;;;;0.1;5.6;-2.6;-2.2;;2.3;;;0.9;-6.5;;;;;;7.3;7.7;;;;6.8;;0.5;-6.9;3.3;-0.2;1.9;;0.4;-0.6;-1.9;2.4;;;;;;;;;;;;;;;;;-2.1;-1.8;-3.6;;-3.2;0.0;;;0.4;2.2;;;;;;;-1.1;;;;;-0.3;;;3.9;1.2;-1.0;-3.4;4.0;5.4;;;;;;-3.2;;;;;;;1.7;-1.5;-1.8;-3.0;;-6.5;;-5.0;;;;-2.7;;;-0.8;2.1;-7.7;;-2.1;;;4.7;;;;;1.0;;;;;;;-5.4;;;4.9;;;8.3;;;;;;2.1;;;;;;;;;;;;;;-2.5;;;;;-7.4;-5.1;;;;;;;;;;;;;;;;;;;;;;;;;;;;-2.2;1.6;4.4;-2.8;3.0;1.3;0.6;8.4;2.7;1.9;-6.8;-3.1;4.2
2024-06-24;;4.0;1.7;;1.6;;;;1.5;-2.6;-2.1;1.2;;-1.9;;2.8;;-3.8;;;-2.9;-4.0;-6.2;;;;;;;;;;;;;;0.0;2.9;;;-2.5;;;;;;;;3.7;;1.8;;;;;;;;7.1;;;;;;;;;;;;;;;;;;;;;;;;;;;;;;;;;;;;;;;;;;-2.4;;;;-2.1;;;;;;;;;;;;;;;;;;;;;;;;;;;;;;;;;;;;1.7;;1.1;7.9;;0.2;;3.7;;5.1;;;;0.2;5.6;-2.6;-2.1;;2.3;;;0.9;-6.5;;;;;;7.3;7.7;;;;6.8;;0.4;-6.8;3.3;-0.2;1.8;;0.3;-0.6;-1.9;2.5;;;;;;;;;;;;;;;;;-2.1;-1.8;-3.6;;-3.1;0.1;;;0.5;2.1;;;;;;;-1.0;;;;;-0.3;;;3.8;1.2;-1.0;-3.4;4.0;5.4;2.4;;;;;-3.3;;;;;;;1.7;-1.6;-1.7;-3.0;;-6.6;;-5.1;;;;-2.8;;;-0.8;2.0;-7.8;;-2.1;;;4.7;;;;;1.0;;;;;;;-5.4;;;4.8;;;8.2;;;;;;2.3;;;;;;;;;;;;;;-2.2;;;;;-7.4;-5.3;;;;;;;;;;;;;;;;;;;;;;;;;;;;-2.2;1.5;4.4;-2.8;3.0;1.3;0.5;8.5;2.6;1.9;-6.8;-3.1;4.2
2024-06-25;;3.9;1.6;;1.7;;;;1.5;-2.6;-2.0;1.3;;-1.8;;2.7;;-3.8;;;-2.9;-3.9;-6.0;;;;;;;;;;;;;;0.0;2.9;;;-2.6;;;;;;;;3.7;;1.8;;;;;;;;7.0;;;;;;;;;;;;;;;;;;;;;;;;;;;;;;;;;;;;;;;;;;-2.4;;;;-2.0;;;;;;;;;;;;;;;;;;;;;;;;;;;;;;;;;;;;1.7;;1.0;7.9;;0.2;;3.6;;5.2;;;;0.2;5.7;-2.5;-2.1;;2.3;;;0.9;-6.5;;;;;;7.2;7.6;;;;6.8;;0.5;-6.7;3.3;-0.2;1.9;;0.3;-0.5;-2.0;2.4;;;;;;;;;;;;;;;;;-2.0;-1.8;-3.5;;-3.2;0.0;;;0.5;2.2;;;;;;;-1.0;;;;;-0.2;;;3.9;1.2;-1.0;-3.4;4.0;5.4;2.5;;;;;-3.3;;;;;;;1.7;-1.6;-1.8;-3.0;;-6.5;;-5.2;;;;-2.8;;;-0.8;2.0;-7.7;;-2.1;;;4.7;;;;;1.0;;;;;;;-5.4;;;4.8;;;8.3;;;;;;2.6;;;;;;;;;;;;;;-2.0;;;;;-7.3;-5.4;;;;;;;;;;;;;;;;;;;;;;;;;;;;-2.1;1.5;4.4;-2.9;3.0;1.4;0.5;8.5;2.6;1.9;-6.8;-3.1;4.2
2024-06-26;;3.8;1.6;;1.7;;;;1.6;-2.6;-2.0;1.2;;-1.8;;2.6;;-3.7;;;-2.9;-4.0;-5.8;;;;;;;;;;;;;;-0.1;2.8;;;-2.5;;;;;;;;3.7;;1.8;;;;;;;;7.0;;;;;;;;;;;;;;;;;;;;;;;;;;;;;;;;;;;;;;;;;;-2.4;;;;-2.0;;;;;;;;;;;;;;;;;;;;;;;;;;;;;;;;;;;;1.7;;1.0;8.0;;0.3;;3.6;;5.2;;;;0.1;5.7;-2.4;-2.0;;2.3;;;1.1;-6.4;;;;;;7.2;7.4;;;;6.8;;0.7;-6.7;3.4;-0.3;2.0;;0.4;-0.5;-2.1;2.5;;;;;;;;;;;;;;;;;-1.9;-1.8;-3.5;;-3.3;0.0;;;0.6;2.0;;;;;;;-1.0;;;;;-0.1;;;3.7;1.2;-1.1;-3.3;4.0;5.4;2.5;;;;;-3.2;;;;;;;1.6;-1.6;-1.8;-3.0;;-6.5;;-5.2;;;;-2.9;;;-0.9;2.0;-7.7;;-2.2;;;4.7;;;;;1.0;;;;;;;-5.4;;;4.9;;;8.3;;;;;;2.5;;;;;;;;;;;;;;-2.1;;;;;-7.3;-5.3;;;;;;;;;;;;;;;;;;;;;;;;;;;;-2.0;1.5;4.4;-2.9;3.1;1.4;0.4;8.6;2.6;1.9;-6.8;-3.1;4.2
2024-06-27;;3.8;1.6;;1.4;;;;1.4;-2.6;-2.1;1.2;;-1.9;;2.6;;-3.8;;;-2.9;-4.0;-5.7;;;;;;;;;;;;;;-0.2;2.8;;;-2.4;;;;;;;;3.8;;1.7;;;;;;;;7.0;;;;;;;;;;;;;;;;;;;;;;;;;;;;;;;;;;;;;;;;;;-2.4;;;;-2.0;;;;;;;;;;;;;;;;;;;;;;;;;;;;;;;;;;;;1.7;;1.0;8.2;;0.4;;3.5;;5.2;;;;0.3;5.7;-2.3;-2.0;;2.3;;;1.0;-6.3;;;;;;7.4;7.5;;;;6.8;;0.7;-6.7;3.4;-0.4;1.9;;0.4;-0.5;-2.0;2.4;;;;;;;;;;;;;;;;;-2.0;-1.7;-3.4;;-3.3;0.0;;;0.7;2.0;;;;;;;-0.9;;;;;-0.1;;;3.7;1.2;-1.1;-3.2;4.0;5.5;2.4;;;;;-3.2;;;;;;;1.6;-1.7;-1.8;;;-6.5;;-5.2;;;;-2.9;;;-0.9;2.0;-7.7;;-2.3;;;4.7;;;;;1.1;;;;;;;-5.4;;;4.9;;;8.3;;;;;;2.5;;;;;;;;;;;;;;-2.1;;;;;-7.4;-5.2;;;;;;;;;;;;;;;;;;;;;;;;;;;;-2.1;1.5;4.4;-2.9;3.1;1.5;0.4;8.6;2.6;1.9;;-3.0;4.2
2024-06-28;;3.8;1.6;;1.4;;;;1.3;-2.6;-2.1;1.2;;-1.9;;2.5;;-3.9;;;-2.9;-3.9;-5.5;;;;;;;;;;;;;;-0.2;2.8;;;-2.5;;;;;;;;4.3;;1.7;;;;;;;;6.8;;;;;;;;;;;;;;;;;;;;;;;;;;;;;;;;;;;;;;;;;;-2.5;;;;-2.0;;;;;;;;;;;;;;;;;;;;;;;;;;;;;;;;;;;;1.7;;0.9;8.1;;0.4;;3.4;;5.1;;;;0.3;5.7;-2.3;-2.0;;2.2;4.4;;1.1;-6.4;;;;;;7.3;7.5;;;;6.8;;0.7;-6.7;3.3;-0.3;1.9;;0.5;-0.6;-2.1;2.4;;;;;;;;;;;;;;;;;-2.1;-1.6;-3.4;;-3.3;0.0;;;0.7;2.0;;;;;;;-0.9;;;;;0.0;;;3.7;1.2;-1.1;-3.2;3.9;5.4;2.4;;;;;-3.0;;;;;;;1.6;-1.6;-1.7;;;-6.6;;-5.2;;;;-2.9;;;-0.9;2.0;-7.6;;-2.4;;;4.7;;;;;1.1;;;;;;;-5.4;;;4.8;;;8.3;;;;;;2.7;;;;;;;;;;;;;;-2.2;;;;;-7.4;-5.1;;;;;;;;;;;;;;;;;;;;;;;;;;;;-2.1;1.5;4.4;-3.0;3.1;1.5;0.5;8.6;2.6;1.9;-6.8;-3.0;4.2
2024-06-29;;3.8;1.6;;1.3;;;;1.3;-2.7;-2.2;1.0;;-1.9;;2.5;;-3.9;;;-3.0;-4.0;-5.6;;;;;;;;;;;;;;-0.2;2.9;;;-2.5;;;;;;;;4.2;;1.6;;;;;;;;6.8;;;;;;;;;;;;;;;;;;;;;;;;;;;;;;;;;;;;;;;;;;-2.5;;;;-2.0;;;;;;;;;;;;;;;;;;;;;;;;;;;;;;;;;;;;1.7;;0.8;8.0;;0.4;;3.3;;5.0;;;;0.2;5.7;-2.4;-2.0;;2.2;3.9;;1.0;-6.5;;;;;;7.2;7.4;;;;6.8;;0.7;-6.7;3.2;-0.3;1.9;;0.4;-0.6;-2.2;2.4;;;;;;;;;;;;;;;;;-2.1;-1.6;-3.5;;-3.4;-0.1;;;0.7;2.0;;;;;;;-1.0;;;;;0.0;;;3.7;1.2;-1.1;-3.2;3.9;5.4;2.4;;;;;-2.9;;;;;;;1.6;-1.7;-1.8;;;-6.7;;-5.2;;;;-3.0;;;-1.0;1.9;-7.4;;-2.5;;;4.7;;;;;1.0;;;-5.7;;;;-5.4;;;4.9;;;8.3;;;;;;2.7;;;;;;;;;;;;;;-1.8;;;;;-7.3;-5.2;;;;;;;;;;;;;;;;;;;;;;;;;;;;-2.1;1.5;4.3;-3.0;3.1;1.5;0.5;8.6;2.6;1.9;-6.8;-3.0;4.1
2024-06-30;;3.9;1.6;;1.2;;;;1.2;-2.6;-2.2;0.9;;-2.0;;2.4;;-4.1;;;-3.0;-4.0;-5.6;;;;;;;;;;;;;;-0.2;2.9;;;-2.6;;;;;;;;3.9;;1.6;;;;;;;;6.8;;;;;;;;;;;;;;;;;;;;;;;;;;;;;;;;;;;;;;;;;;-2.5;;;;-2.0;;;;;;;;;;;;;;;;;;;;;;;;;;;;;;;;;;;;1.7;;0.8;8.0;;0.3;;3.2;;5.1;;;;0.1;5.7;-2.5;-2.1;;2.1;3.3;;;-6.6;;;;;;7.2;7.5;;;;6.8;;0.6;-6.7;3.2;-0.4;1.8;;0.4;-0.6;-2.2;2.3;1.5;;;;;;;;;;;;;;;;-2.1;-1.6;-3.4;;-3.4;-0.1;;;0.6;2.1;;;;;;;-1.0;;;;;0.0;;;3.7;1.2;-1.1;-3.2;4.0;5.4;;;;;;-3.0;;;;;;;1.7;-1.6;-2.0;;;-6.6;;-5.2;;;;-2.9;;;-1.0;1.9;-7.5;;-2.5;;;4.7;;;;;1.0;;;-5.7;;;;-5.4;;;4.9;;;8.3;;;;;;2.6;;;;;;;;;;;;;;-1.6;;;;;-7.4;-5.2;;;;;;;;;;;;;;;;;;;;;;;;;;;;-2.1;1.4;4.3;-3.0;3.1;1.4;0.4;8.6;2.6;2.0;-6.8;-2.9;4.1
2024-07-01;;3.9;1.6;;1.2;;;;1.3;-2.5;-2.2;0.9;;-2.0;;2.5;;-4.1;;;-3.0;-4.0;-5.5;;;;;;;;;;;;;;-0.1;2.9;;;-2.6;;;;;;;;3.9;;1.5;;;;;;;;6.9;;;;;;;;;;;;;;;;;;;;;;;;;;;;;;;;;;;;;;;;;;-2.5;;;;-1.9;;;;;;;;;;;;;;;;;;;;;;;;;;;;;;;;;;;;1.7;;0.8;8.1;;0.3;;3.1;;5.1;;;;0.1;5.7;-2.5;-2.0;;2.1;3.3;;1.0;-6.6;;;;;;7.2;7.5;;;;6.8;;0.7;-6.7;3.2;-0.4;1.9;;0.4;-0.6;-2.2;2.4;1.3;;;;;;;;;;;;;;;;-2.2;-1.6;-3.5;;-3.4;-0.1;;;0.6;2.1;;;;;;;-1.0;;;;;-0.1;;;3.7;1.1;-1.1;-3.3;3.9;5.4;;;;;;-3.0;;;;;;;1.7;-1.6;-2.0;;;-6.7;;-5.2;;;;-2.9;;;-1.0;1.9;-7.5;;-2.5;;;4.7;;;;;1.0;;;-5.7;;;;-5.4;;;4.9;;;8.4;;;;;;2.7;;;;;;;;;;;;;;-1.3;;;;;-7.3;-5.2;;;;;;;;;;;;;;;;;;;;;;;;;;;;-2.1;1.5;4.3;-3.0;3.1;1.5;0.4;8.6;2.6;2.1;-6.9;-2.9;4.1
2024-07-02;;4.0;1.5;;1.3;;;;1.2;-2.5;-2.2;0.9;;-1.9;;2.5;;-4.1;;;-3.0;-4.0;-5.5;;;;;;;;;;;;;;-0.2;2.9;;;-2.6;;;;;;;;3.5;;1.5;;;;;;;;7.0;;;;;;;;;;;;;;;;;;;;;;;;;;;;;;;;;;;;;;;;;;-2.5;;;;-1.9;;;;;;;;;;;;;;;;;;;;;;;;;;;;;;;;;;;;1.7;;0.8;8.2;;0.3;;3.1;;5.1;;;;0.0;5.7;-2.6;-1.9;;2.1;1.6;;1.0;-6.5;;;;;;7.2;7.5;;;;6.9;;0.6;-6.9;3.2;-0.3;1.9;;0.5;-0.8;-2.0;2.4;1.2;;;;;;;;;;;;;;;;-2.2;-1.6;-3.6;;-3.4;0.0;;;0.6;2.0;;;;;;;-0.9;;;;;-0.1;;;3.6;1.0;-1.1;-3.4;3.9;5.4;;;;;;-3.1;;;;;;;1.7;-1.6;-2.0;;;-6.6;;-5.1;;;;-2.9;;;-1.0;2.0;-7.5;;-2.5;;;4.7;;;;;1.0;;;-5.7;;;;-5.4;;;4.9;;;8.4;;;;;;2.6;;;;;;;;;;;;;;-1.2;;;;;-7.2;-5.2;;;;;;;;;;;;;;;;;;;;;;;;;;;;-2.0;1.5;4.2;-3.0;3.0;1.5;0.5;8.6;2.6;2.1;-6.9;-2.9;4.2
2024-07-03;;4.0;1.6;;1.5;;;;1.3;-2.5;-2.1;1.1;;-1.9;;2.6;;-4.1;;;-3.0;-4.0;-5.5;;;;;;;;;;;;;;-0.2;3.0;;;-2.7;;;;;;;;3.5;;1.4;;;;;;;;7.0;;;;;;;;;;;;;;;;;;;;;;;;;;;;;;;;;;;;;;;;;;-2.5;;;;-1.9;;;;;;;;;;;;;;;;;;;;;;;;;;;;;;;;;;;;1.6;;0.8;8.1;;0.4;;3.0;;5.0;;;;0.0;5.6;-2.6;-1.9;;2.1;0.8;;1.2;-6.3;;;;;;7.2;7.7;;;;7.0;;0.5;-6.8;3.2;-0.2;1.9;;0.5;-0.9;-2.1;2.5;1.3;;;;;;;;;;;;;;;;-2.3;-1.6;-3.6;;-3.4;0.0;;;0.6;1.9;;;;;;;-1.0;;;;;-0.2;;;3.6;0.9;-1.0;-3.4;3.9;5.4;;;;;;-3.1;;;;;;;1.7;-1.6;-1.9;;;-6.5;;-5.1;;;;-2.9;;;-1.0;2.0;-7.3;;-2.4;;;4.7;;;;;1.0;;;-5.7;;;;-5.4;;;4.8;;;8.4;;;;;;2.9;;;;;;;;;;;;;;-1.0;;;;;-7.2;-4.9;;;;;;;;;;;;;;;;;;;;;;;;;;;;-2.1;1.5;4.2;-3.1;3.0;1.5;0.5;8.7;2.5;2.1;-6.9;-2.9;4.2
2024-07-04;;4.1;1.6;;1.5;;;;1.4;-2.5;-2.2;1.1;;-1.9;;2.6;;-4.0;;;-3.0;-4.1;-5.5;;;;;;;;;;;;;;-0.3;3.0;;;-2.8;;;;;;;;3.5;;1.4;;;;;;;;7.0;;;;;;;;;;;;;;;;;;;;;;;;;;;;;;;;;;;;;;;;;;-2.4;;;;-1.9;;;;;;;;;;;;;;;;;;;;;;;;;;;;;;;;;;;;1.5;;0.8;8.2;;0.3;;3.1;;4.9;;;;0.0;5.6;-2.6;-1.9;;2.1;0.5;;1.2;-6.3;;;;;;7.2;7.8;;;;6.9;;0.6;-6.7;3.2;-0.1;2.0;;0.6;-1.0;-2.1;2.5;1.3;;;;;;;;;;;;;;;;-2.5;-1.6;-3.6;;-3.5;0.2;;;0.6;1.8;;;;;;;-1.1;;;;;-0.1;;;3.5;1.0;-1.0;-3.4;3.9;5.3;;;;;;-3.1;;;;;;;1.7;-1.6;-1.9;;;-6.5;;-5.1;;;;-2.8;;;-1.0;1.9;-7.2;;-2.4;;;4.7;;;;;1.0;;;-5.7;;;;-5.4;;;4.8;;;8.4;;;;;;2.7;;;;;;;;;;;;;;-1.0;;;;;-7.2;-4.9;;;;;;;;;;;;;;;;;;;;;;;;;;;;-2.0;1.4;4.2;-3.1;3.0;1.5;0.5;8.6;2.6;2.1;-6.9;-3.0;4.2
2024-07-05;;4.0;1.5;;1.6;;;;1.4;-2.5;-2.2;1.1;;-1.9;;2.5;;-3.9;;;-3.0;-4.0;-5.6;;;;;;;;;;;;;;-0.3;2.9;;;-2.7;;;;;;;;3.6;;1.4;;;;;;;;7.0;;;;;;;;;;;;;;;;;;;;;;;;;;;;;;;;;;;;;;;;;;-2.4;;;;-1.8;;;;;;;;;;;;;;;;;;;;;;;;;;;;;;;;;;;;1.6;;0.9;8.3;;0.3;;3.0;;4.9;;;;0.0;5.5;-2.6;-2.0;;2.1;1.4;;1.3;-6.3;;;;;;7.2;7.8;;;;7.0;;0.6;-6.6;3.2;0.0;2.2;;0.8;-0.9;-2.0;2.6;1.4;;;;;;;;;;;;;;;;-2.5;-1.5;-3.5;;-3.5;0.2;;;0.6;1.9;;;;;;;-1.0;;;;;-0.1;;;3.5;0.9;-0.9;-3.4;4.0;5.4;;;;;;-3.3;;;;;;;1.7;-1.6;-1.7;;;-6.4;;-5.1;;;;-2.7;;;-0.9;1.9;-7.1;;-2.4;;;4.7;;;;;1.0;;;-5.7;;;;-5.4;;;4.9;;;8.5;;;;;;2.7;;;;;;;;;;;;;;-0.9;;;;;-7.2;-4.9;;;;;;;;;;;;;;;;;;;;;;;;;;;;-2.1;1.4;4.3;-3.1;3.1;1.5;0.6;8.7;2.6;2.1;-6.9;-3.0;4.2
2024-07-06;;3.9;1.5;;1.6;;;;1.5;-2.5;-2.3;1.1;;-1.9;;2.5;;-3.9;;;-3.0;-4.1;-5.6;;;;;;;;;;;;;;-0.2;2.9;;;-2.6;;;;;;;;3.1;;1.3;;;;;;;;7.0;;;;;;;;;;;;;;;;;;;;;;;;;;;;;;;;;;;;;;;;;;-2.4;;;;-1.8;;;;;;;;;;;;;;;;;;;;;;;;;;;;;;;;;;;;1.5;;1.0;8.4;;0.3;;2.9;;4.9;;;;0.1;5.5;-2.5;-1.9;;2.2;1.2;;1.3;-6.2;;;;;;7.3;7.8;;;;7.1;;0.7;-6.6;3.3;0.1;2.1;;0.8;-0.9;-1.8;2.6;1.4;;;;;;;;;;;;;;;;-2.5;-1.6;-3.5;;-3.5;0.2;;;0.7;1.8;;;;;;;-1.0;;;;;-0.1;;;3.5;0.9;-0.9;-3.4;4.0;5.4;;;;;;-3.2;;;;;;;1.7;-1.7;-1.7;;;-6.4;;-5.2;;;;-2.6;;;-0.9;1.8;-7.0;;-2.4;;;4.7;;;;;1.0;;;-5.7;;;;-5.4;;;4.9;;;8.5;;;;;;;;;;;;;;;;;;;;-0.7;;;;;-7.3;-5.3;;;;;;;;;;;;;;;;;;;;;;;;;;;;-2.0;1.4;4.2;-3.0;3.1;1.5;0.6;8.6;2.6;2.1;-6.9;-3.1;4.2
2024-07-07;;4.0;1.5;;1.5;;;;1.4;-2.4;-2.2;1.1;;-1.9;;2.4;;-3.9;;;;-4.1;-5.6;;;;;;;;;;;;;;-0.2;2.9;;;-2.6;;;;;;;;2.8;;1.3;;;;;;;;7.1;;;;;;;;;;;;;;;;;;;;;;;;;;;;;;;;;;;;;;;;;;-2.5;;;;-1.8;;;;;;;;;;;;;;;;;;;;;;;;;;;;;;;;;;;;1.4;1.8;0.9;8.5;;0.3;;2.8;;4.9;;;;0.3;5.6;-2.5;-1.9;;2.2;0.6;;1.3;-6.1;;;;;;7.3;7.8;;;;7.1;;0.8;-6.5;3.3;0.1;2.1;;0.9;-0.9;-1.7;2.7;1.4;;;;;;;;;;;;;;;;-2.6;-1.5;-3.5;;-3.5;0.2;;;0.8;1.6;;;;;;;-1.1;;;;;-0.2;;;3.4;0.9;-0.9;-3.3;4.0;5.3;;;;;;-3.2;;;;;;;1.7;-1.7;-1.8;;;-6.4;;-5.2;;;;-2.6;;;-0.9;1.8;-7.1;;-2.4;;;4.7;;;;;1.0;;;-5.7;;;;-5.4;;;4.9;;;8.5;;;;;;2.9;;;;;;;;;;;;;;-0.7;;;;;-7.3;-5.3;;;;;;;;;;;;;;;;;;;;;;;;;;;;-2.0;1.4;4.1;-3.0;3.1;1.6;0.6;8.7;2.6;2.1;-6.9;-3.0;4.1
2024-07-08;;3.9;1.6;;1.5;;;;1.4;-2.3;-2.2;1.1;;-1.9;;2.4;;-3.7;;;;-4.1;-5.5;;;;;;;;;;;;;;-0.2;2.9;;;-2.6;;;;;;;;3.1;;1.3;;;;;;;;7.1;;;;;;;;;;;;;;;;;;;;;;;;;;;;;;;;;;;;;;;;;;-2.5;;;;-1.8;;;;;;;;;;;;;;;;;;;;;;;;;;;;;;;;;;;;1.3;1.9;0.9;8.4;;0.2;;2.7;;4.9;;;;0.1;5.5;-2.4;-2.0;;2.1;;;1.3;-6.0;;;;;;7.3;7.8;;;;7.0;;0.8;-6.5;3.3;0.1;2.0;;1.1;-0.9;-1.7;2.6;1.4;;;;;;;;;;;;;;;;-2.6;-1.5;-3.5;;-3.6;0.0;;;0.8;1.6;;;;;;;-1.2;;;;;-0.1;;;3.4;0.8;-0.9;-3.4;4.0;5.4;;;;;;-3.2;;;;;;;1.5;-1.7;-1.8;;;-6.4;;-5.1;;;;-2.7;;;-0.9;1.8;-7.1;;-2.4;;;4.7;;;;;1.0;;;-5.7;;;;-5.4;;;4.9;;;8.6;;;;;;3.1;;;;;;;;;;;;;;-0.6;;;;;-7.2;-5.2;;;;;;;;;;;;;;;;;;;;;;;;;;;;-2.0;1.5;4.2;-3.0;3.0;1.6;0.6;8.6;2.5;2.1;-6.9;-3.0;4.1
2024-07-09;;3.9;1.6;;1.5;;;;1.4;-2.2;-2.2;1.2;;-1.9;;2.5;;-3.6;;;;-4.0;-5.5;;;;;;;;;;;;;;-0.2;3.0;;;-2.5;;;;;;;;3.5;;1.3;;;;;;;;7.0;;;;;;;;;;;;;;;;;;;;;;;;;;;;;;;;;;;;;;;;;;-2.5;;;;-1.7;;;;;;;;;;;;;;;;;;;;;;;;;;;;;;;;;;;;1.3;1.7;0.8;8.3;;0.3;;2.6;;4.9;;;;0.1;5.4;-2.3;-2.0;;2.1;;;1.3;-6.0;;;;;;7.3;7.8;;;;7.0;;0.8;-6.5;3.3;0.1;2.0;;1.0;-0.9;-1.8;2.6;1.4;;;;;;;;;;;;;;;;-2.6;-1.4;-3.5;;-3.5;0.0;;;0.8;1.7;;;;;;;-1.2;;;;;-0.1;;;3.5;0.8;-1.0;-3.5;4.0;5.4;;;;;;-3.2;;;;;;;1.2;-1.7;-1.9;;;-6.4;;-5.1;;;;-2.6;;;-1.0;1.7;-7.2;;-2.5;;;4.7;;;;;0.9;;;-5.7;;;;-5.5;;;4.9;;;8.5;;;;;;2.7;;;;;;;;;;;;;;-0.5;;;;;-7.2;-5.2;;;;;;;;;;;;;;;;;;;;;;;;;;;;-2.1;1.5;4.2;-3.0;3.1;1.5;0.5;8.6;2.5;2.1;;-3.1;4.1
2024-07-10;;3.9;1.7;;1.3;;;;1.3;-2.2;-2.1;1.1;;-1.9;;2.5;;-3.8;;;-3.0;-4.0;-5.5;;;;;;;;;;;;;;-0.2;2.9;;;-2.4;;;;;;;;4.1;;1.3;;;;;;;;7.0;;;;;;;;;;;;;;;;;;;;;;;;;;;;;;;;;;;;;;;;;;-2.5;;;;-1.7;;;;;;;;;;;;;;;;;;;;;;;;;;;;;;;;;;;;1.1;1.8;0.7;8.3;;0.3;;2.6;;5.0;;;;0.0;5.4;-2.4;-2.0;;2.2;;;1.3;-6.0;;;;;;7.3;7.7;;;;7.1;;0.8;-6.5;3.3;0.1;2.1;;1.0;-1.0;-1.8;2.6;1.3;;;;;;;;;;;;;;;;-2.7;-1.4;-3.5;;-3.6;0.0;;;0.8;1.8;;;;;;;-1.2;;;;;0.1;;;3.5;0.8;-1.0;-3.5;4.0;5.3;;;;;;-3.2;;;;;;;1.1;-1.7;-2.0;;;-6.5;;-5.1;;;;-2.6;;;-1.0;1.7;-7.1;;-2.5;;;4.7;;;;;0.9;;;-5.7;;;;-5.4;;;4.9;;;8.6;;;;;;2.9;;;;;;;;;;;;;;-0.4;;;;;-7.3;-5.2;;;;;;;;;;;;;;;;;;;;;;;;;;;;-2.1;1.5;4.1;-3.0;3.1;1.5;0.5;8.6;2.5;2.1;;-3.1;4.2
2024-07-11;;3.9;1.7;;1.3;;;;1.4;-2.2;-2.1;1.1;;-2.0;;2.5;;-3.8;;;-2.9;-4.0;;;;;;;;;;;;;;;;3.0;;;-2.4;;;;;;;;4.2;;1.3;;;;;;;;6.8;;;;;;;;;;;;;;;;;;;;;;;;;;;;;;;;;;;;;;;;;;-2.5;;;;-1.7;;;;;;;;;;;;;;;;;;;;;;;;;;;;;;;;;;;;1.1;1.7;0.7;8.3;;0.3;;2.5;;5.1;;;;0.1;5.4;-2.3;-2.1;;2.2;;;1.3;-6.1;;;;;;7.3;7.7;;;;7.0;;0.7;-6.5;3.3;0.0;2.1;;0.9;-1.1;-1.9;2.6;1.4;;;;;;;;;;;;;;;;-2.6;-1.3;-3.5;;-3.6;0.0;;;0.9;1.9;;;;;;;-1.1;;;;;0.2;;;3.5;0.8;-0.9;-3.5;4.0;5.3;;;;;;-3.2;;;;;;;1.1;-1.8;-2.1;;;-6.5;;-5.1;;;;-2.6;;;-0.9;1.7;-7.1;;-2.6;;;4.6;;;;;0.9;;;-5.7;;;;-5.5;;;4.9;;;8.6;;;;;;2.6;;;;;;;;;;;;;;-0.3;;;;;-7.2;-5.1;;;;;;;;;;;;;;;;;;;;;;;;;;;;-2.2;1.5;4.1;-3.0;3.2;1.5;0.5;8.6;2.5;2.2;-7.0;-3.1;4.2
2024-07-12;;3.8;1.8;;1.4;;;;1.5;-2.2;-2.0;1.1;;-2.0;;2.5;;-3.6;;;-2.9;-3.9;;;;;;;;;;;;;;;0.0;3.0;;;-2.4;;;;;;;;4.1;;1.3;;;;;;;;6.7;;;;;;;;;;;;;;;;;;;;;;;;;;;;;;;;;;;;;;;;;;-2.5;;;;-1.6;;;;;;;;;;;;;;;;;;;;;;;;;;;;;;;;;;;;1.2;1.8;0.8;8.3;;0.3;;2.5;;5.1;;;;0.2;5.4;-2.2;-2.1;;2.2;;;1.2;-6.1;;;;;;7.3;7.8;;;;7.1;;0.7;-6.5;3.4;0.1;2.2;;0.9;-1.1;-1.9;2.6;1.4;;;;;;;;;;;;;;;;-2.7;-1.3;-3.5;;-3.6;0.0;;;1.1;2.0;;;;;;;-1.0;;;;;0.3;;;3.4;0.8;-0.9;-3.5;4.0;5.3;;;;;;-3.2;;;;;;;0.9;-1.8;-2.1;;;-6.5;;-5.2;;;;-2.6;;;-0.9;1.8;-7.2;;-2.6;;;4.6;;;;;1.0;;;-5.6;;;;-5.5;;;4.9;;;8.6;;;;;;2.3;;;;;;;;;;;;;;0.0;;;;;-7.3;-5.2;;;;;;;;;;;;;;;;;;;;;;;;;;;;-2.2;1.5;4.0;-3.0;3.1;1.6;0.5;8.5;2.4;2.1;-7.0;-3.0;4.2
2024-07-13;;3.8;1.8;;1.3;;;;1.5;-2.2;-1.9;1.1;;-2.0;;2.5;;-3.7;;;-2.9;-3.9;;;;;;;;;;;;;;;0.0;3.1;;;-2.4;;;;;;;;4.4;;1.3;;;;;;;;6.8;;;;;;;;;;;;;;;;;;;;;;;;;;;;;;;;;;;;;;;;;;-2.4;;;;-1.6;;;;;;;;;;;;;;;;;;;;;;;;;;;;;;;;;;;;1.2;1.8;0.7;8.2;;0.4;;2.5;;5.1;;;;0.2;5.4;-2.1;-2.1;;2.1;;;1.2;-6.1;;;;;;7.3;7.8;;;;7.1;;0.7;-6.5;3.4;0.0;2.2;;1.0;-1.0;-1.9;2.6;1.5;;;;;;;;;;;;;;;;-2.7;-1.2;-3.5;;-3.8;0.1;;;1.1;2.0;;;;;;;-1.0;;;;;0.4;;;3.4;0.8;-0.9;-3.4;4.1;5.3;;;;;;-3.2;;;;;;;0.7;-1.8;-2.0;;;-6.6;;-5.2;;;;-2.6;;;-1.0;1.8;-7.2;;-2.6;;;4.6;;;;;1.0;;;-5.6;;;;-5.6;;;4.9;;;8.6;;;;;;2.4;;;;;;;;;;;;;;0.4;;;;;-7.3;-5.1;;;;;;;;;;;;;;;;;;;;;;;;;;;;-2.2;1.5;4.0;-3.1;3.1;1.5;0.4;8.4;2.5;2.1;-6.9;-3.0;4.3
2024-07-14;;3.8;1.9;;1.3;;;;1.5;-2.2;-1.9;1.2;;-2.0;;2.5;;;;;-2.8;-3.9;;;;;;;;;;;;;;;0.2;3.1;;;-2.3;;;;;;;;4.5;;1.2;;;;;;;;6.8;;;;;;;;;;;;;;;;;;;;;;;;;;;;;;;;;;;;;;;;;;-2.4;;;;-1.5;;;;;;;;;;;;;;;;;;;;;;;;;;;;;;;;;;;;1.0;1.7;0.7;8.1;;0.4;;2.5;;5.1;;;;0.1;5.4;-2.0;-2.1;;2.0;;;1.2;-6.2;;;;;;7.3;7.8;;;;7.2;;0.6;-6.5;3.4;0.1;2.2;;1.0;-1.1;-1.9;2.5;1.5;;;;;;;;;;;;;;;;-2.8;-1.1;-3.6;;-3.7;0.1;;;1.1;2.0;;;;;;;-1.0;;;;;0.4;;;3.3;0.9;-0.8;-3.4;4.1;5.4;;;;;;-3.1;;;;;;;0.5;-1.9;-2.1;;;-6.7;;-5.2;;;;-2.6;;;-1.0;1.8;-7.4;;-2.6;;;4.6;;;;;0.9;;;-5.6;;;;-5.6;;;4.8;;;8.5;;;;;;2.4;;;;;;;;;;;;;;0.5;;;;;-7.3;-5.2;;;;;;;;;;;;;;;;;;;;;;;;;;;;-2.4;1.6;4.0;-3.0;3.1;1.5;0.4;8.4;2.5;2.1;-6.9;-3.0;4.4
2024-07-15;;3.8;1.9;;1.2;;;;1.4;-2.2;-2.0;1.2;;-2.0;;2.5;;;;;-2.9;-4.0;;;;;;;;;;;;;;;0.3;3.1;;;-2.2;;;;;;;;4.5;;1.2;;;;;;;;7.0;;;;;;;;;;;;;;;;;;;;;;;;;;;;;;;;;;;;;;;;;;-2.4;;;;-1.5;;;;;;;;;;;;;;;;;;;;;;;;;;;;;;;;;;;;1.0;1.7;0.8;8.1;;0.4;;2.5;;5.1;;;;0.1;5.3;-2.0;-2.3;;2.0;;;1.3;-6.3;;;;;;7.3;7.9;;;;7.2;;0.6;-6.5;3.4;0.1;2.2;;1.0;-1.1;-1.8;2.5;1.5;;;;;;;;;;;;;;;;-2.9;-1.1;-3.6;;-3.6;0.1;;;1.1;2.0;;;;;;;-0.9;;;;;0.6;;;3.3;0.8;-0.9;-3.4;4.1;5.4;;;;;;-3.1;;;;;;;0.3;-2.0;-2.2;;;-6.7;;-5.2;;;;-2.5;;;-0.9;1.7;-7.6;;-2.6;;;4.6;;;;;0.9;;;-5.6;;;;-5.6;;;4.8;;;8.5;;;;;;2.3;;;;;;;;;;;;;;0.5;;;;;-7.4;-5.3;;;;;;;;;;;;;;;;;;;;;;;;;;;;-2.6;1.6;4.0;-3.0;3.0;1.4;0.4;8.4;2.4;2.1;-6.9;-3.0;4.5
2024-07-16;;3.7;1.8;;1.1;;;;1.4;-2.2;-2.0;1.1;;-2.1;;2.4;;;;;-2.9;-4.0;;;;;;;;;;;;;;;0.4;3.1;;;-2.1;;;;;;;;4.4;;1.2;;;;;;;;7.0;;;;;;;;;;;;;;;;;;;;;;;;;;;;;;;;;;;;;;;;;;-2.4;;;;-1.4;;;;;;;;;;;;;;;;;;;;;;;;;;;;;;;;;;;;1.0;1.8;0.8;8.1;;0.4;;2.5;;5.1;;;;0.2;5.3;-1.9;-2.3;;2.1;;;1.2;-6.3;;;;;;7.2;7.9;;;;7.2;;0.6;-6.5;3.3;0.2;2.2;;0.9;-1.1;-1.8;2.5;1.4;;;;;;;;;;;;;;;;-2.9;-1.1;-3.5;;-3.6;0.2;;;1.1;2.0;;;;;;;-0.8;;;;;0.6;;;3.3;0.8;-0.9;-3.4;;5.5;;;;;;-3.2;;;;;;;0.2;-2.0;-2.1;;;-6.6;;-5.1;;;;-2.4;;;-0.9;1.8;-7.3;;-2.6;;;4.6;;;;;1.0;;;-5.6;;;;-5.6;;;4.8;;;8.5;;;;;;2.4;;;;;;;;;;;;;;;;;;;-7.4;-5.0;;;;;;;;;;;;;;;;;;;;;;;;;;;;-2.9;1.6;3.9;-3.0;3.0;1.4;0.4;8.4;2.5;2.1;-7.0;-3.1;4.5
2024-07-17;;3.8;1.7;;1.0;;;;1.3;-2.1;-2.0;1.1;;-2.1;;2.4;;-3.3;;;;-4.0;;;;;;;;;;;;;;;0.5;3.1;;;-2.1;;;;;;;;4.4;;1.2;;;;;;;;7.1;;;;;;;;;;;;;;;;;;;;;;;;;;;;;;;;;;;;;;;;;;-2.4;;;;-1.4;;;;;;;;;;;;;;;;;;;;;;;;;;;;;;;;;;;;1.0;1.8;0.7;8.1;;0.4;;2.5;;5.1;;;;0.2;5.2;-1.9;-2.4;;2.0;;;1.2;-6.2;;;;;;7.2;7.9;;;;7.2;;0.6;-6.5;3.4;0.2;2.2;;0.9;-1.1;-1.7;2.6;1.3;;;;;;;;;;;;;;;;-3.0;-1.1;-3.5;;-3.5;0.3;;;1.2;1.9;;;;;;;-0.8;;;;;0.8;;;3.3;0.8;-0.9;-3.3;4.1;5.5;;;;;;-3.2;;;;;;;0.0;-2.0;-2.0;;;-6.6;;-5.2;;;;-2.4;;;-0.9;1.9;-7.3;;-2.5;;;4.6;;;;;1.0;;;-5.6;;;;-5.6;;;4.8;;;8.6;;;;;;2.5;;;;;;;;;;;;;;0.8;;;;;-7.4;-5.1;;;;;;;;;;;;;;;;;;;;;;;;;;;;-3.0;1.6;3.9;-3.0;3.0;1.4;0.3;8.5;2.5;2.1;-6.9;-3.0;4.5
2024-07-18;;3.9;1.9;;1.1;;;;1.3;-2.1;-2.0;1.1;;-2.0;;2.4;;-3.2;;;-3.0;-4.1;;;;;;;;;;;;;;;0.6;3.1;;;-2.1;;;;;;;;4.8;;1.2;;;;;;;;7.1;;;;;;;;;;;;;;;;;;;;;;;;;;;;;;;;;;;;;;;;;;-2.4;;;;-1.4;;;;;;;;;;;;;;;;;;;;;;;;;;;;;;;;;;;;1.0;1.9;0.7;8.1;;0.5;;2.6;;5.1;;;;0.1;5.1;-1.8;-2.4;;1.9;;;1.2;-6.3;;;;;;7.3;7.9;;;;7.2;;0.6;-6.4;3.4;0.2;2.3;;0.9;-1.1;-1.6;2.6;1.4;;;;;;;;;;;;;;;;-3.0;-1.0;-3.5;;-3.6;0.2;;;1.3;2.2;;;;;;;-0.7;;;;;0.9;;;3.3;0.8;-0.9;-3.3;4.1;5.6;;;;;;-3.3;;;;;;;-0.2;-2.0;-2.0;;;-6.6;;-5.1;;;;-2.3;;;-0.8;1.9;-7.3;;-2.4;;;4.6;;;;;1.0;;;-5.5;;;;-5.7;;;4.8;;;8.7;;;;;;3.0;;;;;;;;;;;;;;1.2;;;;;-7.4;-5.2;;;;;;;;;;;;;;;;;;;;;;;;;;;;-3.1;1.6;3.9;-3.0;3.0;1.5;0.3;8.5;2.5;2.1;-6.8;-2.9;4.5
2024-07-19;;4.0;1.9;;0.8;;;;1.3;-2.1;-1.9;1.1;;-2.0;;2.4;;-3.2;;;-3.0;-4.1;;;;;;;;;;;;;;;0.9;3.1;;;-2.1;;;;;;;;5.0;;1.2;;;;;;;;7.2;;;;;;;;;;;;;;;;;;;;;;;;;;;;;;;;;;;;;;;;;;-2.3;;;;-1.3;;;;;;;;;;;;;;;;;;;;;;;;;;;;;;;;;;;;1.0;2.0;0.8;8.1;;0.4;;2.6;;5.1;;;;0.0;5.1;-1.9;-2.6;;2.0;;;1.2;-6.2;;;;;;7.4;8.1;;;;7.3;;0.6;-6.2;3.5;0.3;2.3;;1.0;-0.9;-1.4;2.7;1.5;;;;;;;;;;;;;;;;-2.9;-1.0;-3.5;;-3.6;0.2;;;1.4;2.2;;;;;;;-0.7;;;;;0.9;;;3.3;0.8;-0.9;-3.3;4.1;5.5;;;;;;-3.3;;;;;;;-0.3;-2.1;-2.0;;;-6.6;;-5.1;;;;-2.3;;;-0.8;1.9;-7.3;;-2.5;;;4.6;;;;;1.0;;;-5.5;;;;-5.6;;;4.8;;;8.7;;;;;;3.3;;;;;;;;;;;;;;1.3;;;;;-7.5;-5.1;;;;;;;;;;;;;;;;;;;;;;;;;;;;-3.1;1.6;3.9;-3.0;3.0;1.5;0.2;8.4;2.6;2.1;-6.7;-2.8;4.5
2024-07-20;;4.1;1.9;;0.5;;;;1.3;-2.1;-1.9;1.1;;-2.2;;2.2;;-3.2;;;;-4.1;;;;;;;;;;;;;;;1.1;3.1;;;-2.0;;;;;;;;5.3;;1.1;;;;;;;;7.1;;;;;;;;;;;;;;;;;;;;;;;;;;;;;;;;;;;;;;;;;;-2.3;;;;-1.2;;;;;;;;;;;;;;;;;;;;;;;;;;;;;;;;;;;;0.9;2.1;0.8;8.2;;0.5;;2.5;;5.1;;;;0.1;5.1;-1.8;-2.7;;1.9;;;1.2;-6.2;;;;;;7.3;8.1;;;;7.3;;0.6;-6.3;3.5;0.3;2.3;;1.1;-1.0;-1.5;2.8;1.5;;;;;;;;;;;;;;;;-2.9;-1.0;-3.5;;-3.6;0.2;;;1.4;2.2;;;;;;;-0.7;;;;;1.0;;;3.3;0.9;-0.9;-3.2;4.0;5.6;;;;;;-3.3;;;;;;;-0.5;-2.2;-1.9;;;-6.7;;-5.2;;;;-2.2;;;-0.8;1.9;-7.4;;-2.6;;;4.5;;;;;1.0;;;-5.5;;;;-5.7;;;4.8;;;8.7;;;;;;2.9;;;;;;;;;;;;;;1.5;;;;;-7.5;-5.2;;;;;;;;;;;;;;;;;;;;;;;;;;;;-3.1;1.6;3.9;-3.1;2.9;1.5;0.2;8.5;2.6;2.1;-6.7;-2.8;4.4
2024-07-21;;4.1;1.9;;0.5;;;;1.3;-2.1;-1.9;;;-2.2;;2.2;;-3.2;;;;-4.1;;;;;;;;;;;;;;;1.3;3.1;;;-2.0;;;;;;;;5.7;;1.1;;;;;;;;7.1;;;;;;;;;;;;;;;;;;;;;;;;;;;;;;;;;;;;;;;;;;-2.3;;;;-1.1;;;;;;;;;;;;;;;;;;;;;;;;;;;;;;;;;;;;1.1;2.1;0.8;8.2;;0.5;;2.5;;5.2;;;;0.0;5.0;-1.7;-2.6;;2.0;;;1.2;-6.2;;;;;;7.3;8.1;;;;7.3;;0.7;-6.2;3.6;0.4;2.4;;1.1;-0.9;-1.5;2.7;1.5;;;;;;;;;;;;;;;;-2.9;-1.0;-3.5;;-3.6;0.2;;;1.6;2.2;;;;;;;-0.7;;;;;1.1;;;3.2;0.8;-0.9;-3.2;4.0;5.6;;;;;;-3.3;;;;;;;-0.8;-2.2;-1.9;;;-6.7;;-5.2;;;;-2.2;;;-0.8;1.9;-7.2;;-2.6;;;4.6;;;;;1.0;;;-5.5;;;;-5.7;;;4.8;;;8.7;;;;;;2.9;;;;;;;;;;;;;;1.3;;;;;-7.6;-5.0;;;;;;;;;;;;;;;;;;;;;;;;;;;;;1.6;3.9;-3.1;2.9;1.5;0.2;8.6;2.6;2.1;-6.7;-2.8;4.3
2024-07-22;;4.0;1.9;;0.7;;;;1.4;-2.1;-1.9;1.0;;-2.1;;2.2;;-3.3;;;-3.0;-4.0;;;;;;;;;;;;;;;1.6;3.2;;;-2.0;;;;;;;;5.7;;1.0;;;;;;;;7.1;;;;;;;;;;;;;;;;;;;;;;;;;;;;;;;;;;;;;;;;;;-2.3;;;;-1.2;;;;;;;;;;;;;;;;;;;;;;;;;;;;;;;;;;;;1.1;2.0;0.8;8.2;;0.5;;2.5;;5.2;;;;0.0;5.0;-1.8;-2.7;;1.9;;;1.3;-6.2;;;;;;7.2;8.0;;;;7.2;;0.8;-6.2;3.6;0.4;2.4;;1.2;-1.0;-1.6;2.7;1.5;;;;;;;;;;;;;;;;-2.9;-0.9;-3.6;;-3.5;0.2;;;1.5;2.1;;;;;;;-0.7;;;;;1.2;;;3.2;0.8;-0.9;-3.2;4.0;5.7;;;;;;-3.2;;;;;;;-0.8;-2.2;-1.9;;;-6.8;;-5.3;;;;-2.2;;;-0.8;1.9;-7.2;;-2.6;;;4.6;;;;;1.0;;;-5.5;;;;-5.7;;;4.8;;;8.7;;;;;;3.0;;;;;;;;;;;;;;1.2;;;;;-7.6;-5.1;;;;;;;;;;;;;;;;;;;;;;;;;;;;;1.6;3.8;-3.1;3.0;1.5;0.1;8.5;2.6;2.1;-6.8;-2.8;4.2
2024-07-23;;4.0;1.9;;0.7;;;;1.3;-2.1;-2.0;1.1;;-2.3;;2.2;;-3.3;;;-3.0;-4.1;;;;;;;;;;;;;;;1.7;3.1;;;-1.9;;;;;;;;6.0;;0.9;;;;;;;;7.2;;;;;;;;;;;;;;;;;;;;;;;;;;;;;;;;;;;;;;;;;;-2.4;;;;-1.2;;;;;;;;;;;;;;;;;;;;;;;;;;;;;;;;;;;;1.2;2.0;0.8;8.2;;0.5;;2.4;;5.2;;;;0.0;4.9;-1.9;-2.7;;2.0;;;1.3;-6.3;;;;;;7.2;7.9;;;;7.2;;0.8;-6.2;3.6;0.5;2.4;;1.1;-1.0;-1.6;2.7;1.5;;;;;;;;;;;;;;;;-3.0;-1.0;-3.5;;-3.5;0.1;;;1.5;2.1;;;;;;;-0.7;;;;;1.2;;;3.3;0.7;-1.0;-3.2;4.1;5.7;;;;;;-3.2;;;;;;;-0.7;-2.2;-1.9;;;-6.8;;-5.3;;;;-2.1;;;-0.8;2.0;-7.2;;-2.6;;;4.6;;;;;1.0;;;-5.5;;;;-5.7;;;4.8;;;8.8;;;;;;2.9;;;;;;;;;;;;;;0.5;;;;;-7.6;-5.0;;;;;;;;;;;;;;;;;;;;;;;;;;;;-3.1;1.6;3.8;-3.0;2.9;1.5;0.1;8.5;2.6;2.1;-6.8;-2.8;4.3
2024-07-24;;4.1;1.9;;0.6;;;;1.2;-2.1;-2.0;1.2;;-2.4;;2.2;;-3.3;;;-3.0;-4.1;;;;;;;;;;;;;;;1.9;3.1;;;-1.9;;;;;;;;6.0;;0.9;;;;;;;;7.2;;;;;;;;;;;;;;;;;;;;;;;;;;;;;;;;;;;;;;;;;;-2.4;;;;-1.1;;;;;;;;;;;;;;;;;;;;;;;;;;;;;;;;;;;;1.3;2.1;1.0;8.2;;0.5;;2.4;;5.1;;;;0.0;4.9;-2.0;-2.8;;1.9;;;1.2;-6.3;;;;;;7.2;7.9;;;;7.2;;0.8;-6.3;3.6;0.6;2.3;;1.1;-1.0;-1.5;2.7;1.5;;;;;;;;;;;;;;;;-3.0;-1.0;-3.5;;-3.6;0.1;;;1.5;2.0;;;;;;;-0.8;;;;;1.1;;;3.3;0.7;-0.9;-3.2;4.2;5.7;;;;;;-3.2;;;;;;;-0.7;-2.2;-1.9;;;-6.8;;-5.3;;;;-2.0;;;-0.8;2.0;-7.2;;-2.6;;;4.6;;;;;1.0;;;-5.4;;;;-5.7;;;4.8;;;8.8;;;;;;2.8;;;;;;;;;;;;;;0.7;;;;;-7.6;-4.9;;;;;;;;;;;;;;;;;;;;;;;;;;;;-3.0;1.7;3.8;-3.0;2.9;1.4;-0.1;8.6;2.7;2.1;-6.8;-2.7;4.3
2024-07-25;;4.1;1.9;;0.7;;;;1.1;-2.0;-2.0;1.3;;-2.5;;2.2;;-3.3;;;-3.0;-4.1;;;;;;;;;;;;;;;2.0;3.1;;;-1.9;;;;;;;;6.0;;0.8;;;;;;;;7.0;;;;;;;;;;;;;;;;;;;;;;;;;;;;;;;;;;;;;;;;;;-2.4;;;;-1.1;;;;;;;;;;;;;;;;;;;;;;;;;;;;;;;;;;;;1.4;2.2;1.1;8.2;;0.5;;2.3;;5.1;;;;0.1;4.9;-1.9;-2.8;;1.8;;;1.2;-6.2;;;;;;7.2;7.9;;;;7.2;;0.8;-6.4;3.6;0.7;2.2;;1.0;-1.0;-1.5;2.7;1.5;;;;;;;;;;;;;;;;-3.1;-1.0;-3.6;;-3.7;0.0;;;1.5;1.9;;;;;;;-0.8;;;;;1.1;;;3.3;0.7;;-3.2;4.1;5.7;;;;;;-3.3;;;;;;;-0.6;-2.3;-1.9;;;-6.8;;-5.3;;;;-2.1;;;-0.7;2.0;-7.4;;-2.6;;;4.6;;;;;1.0;;;-5.4;;;;-5.8;;;4.8;;;8.8;;;;;;2.6;;;;;;;;;;;;;;0.6;;;;;-7.6;-4.9;;;;;;;;;;;;;;;;;;;;;;;;;;;;-3.1;1.7;3.9;-3.1;2.8;1.5;-0.1;8.5;2.7;2.2;-6.8;-2.6;4.3
2024-07-26;;4.2;1.8;;0.8;;;;1.2;-2.0;-2.0;1.2;;-2.4;;2.1;;-3.4;;;-3.1;-4.0;;;;;;;;;;;;;;;2.2;3.1;;;-2.0;;;;;;;;6.0;;0.9;;;;;;;;7.2;;;;;;;;;;;;;;;;;;;;;;;;;;;;;;;;;;;;;;;;;;-2.4;;;;-1.0;;;;;;;;;;;;;;;;;;;;;;;;;;;;;;;;;;;;1.5;2.3;1.1;8.2;;0.4;;2.3;;5.1;;;;0.1;4.8;-1.9;-2.8;;1.9;;;1.2;-6.2;;;;;;7.2;7.9;;;;7.2;;0.7;-6.5;3.6;0.6;2.3;;1.0;-0.9;-1.6;2.7;1.5;;;;;;;;;;;;;;;;-3.2;-1.0;-3.5;;-3.7;-0.1;;;1.5;1.8;;;;;;;-0.7;;;;;1.0;;;3.2;0.7;-0.9;-3.3;4.1;5.7;;;;;;-3.2;;;;;;;-0.7;-2.4;-1.9;;2.6;-6.8;;-5.3;;;;-2.1;;;-0.8;2.0;-7.3;;-2.5;;;4.6;;;;;1.0;;;-5.4;;;;-5.9;;;4.7;;;8.8;;;;;;2.8;;;;;;;;;;;;;;0.5;;;;;-7.7;-4.9;;;;;;;;;;;;;;;;;;;;;;;;;;;;-3.1;1.6;3.8;-3.1;2.9;1.5;0.0;8.5;2.7;2.2;-6.9;-2.7;4.3
2024-07-27;;4.3;1.9;;0.6;;;;1.1;-2.0;-2.0;1.3;;-2.4;;2.1;;-3.5;;;-3.1;-4.0;;;;;;;;;;;;;;;2.5;3.2;;;-2.1;;;;;;;;6.2;;1.0;;;;;;;;7.2;;;;;;;;;;;;;;;;;;;;;;;;;;;;;;;;;;;;;;;;;;-2.4;;;;-1.0;;;;;;;;;;;;;;;;;;;;;;;;;;;;;;;;;;;;1.5;2.3;1.0;8.3;;0.3;;2.2;;5.1;;;;0.3;4.8;-1.9;-2.7;;1.9;;;1.1;-6.1;;;;;;7.3;7.8;;;;7.2;;0.7;-6.4;3.6;0.5;2.3;;1.0;-0.9;-1.5;2.7;1.5;;;;;;;;;;;;;;;;-3.3;-1.0;-3.5;;-3.6;-0.1;;;1.6;1.8;;;;;;;-0.7;;;;;0.9;;;3.2;0.7;-0.9;-3.2;;5.8;;;;;;-3.2;;;;;;;-0.8;-2.4;-1.8;;2.6;-6.6;;-5.2;;;;-2.0;;;-0.7;2.0;-7.2;;-2.4;;;4.6;;;;;1.1;;;-5.4;;;;-5.9;;;4.7;;;8.8;;;;;;2.9;;;;;;;;;;;;;;0.3;;;;;-7.7;-4.9;;;;;;;;;;;;;;;;;;;;;;;;;;;;-3.1;1.6;3.9;-3.1;2.9;1.5;0.0;8.5;2.7;2.2;-6.9;-2.6;4.2
2024-07-28;;4.3;1.8;;0.5;;;;1.1;-1.9;-2.1;1.4;;-2.5;;2.1;;-3.4;;;-3.1;-4.0;;;;;;;;;;;;;;;2.5;3.2;;;-2.1;;;;;;;;6.2;;0.9;;;;;;;;7.2;;;;;;;;;;;;;;;;;;;;;;;;;;;;;;;;;;;;;;;;;;-2.4;;;;-1.0;;;;;;;;;;;;;;;;;;;;;;;;;;;;;;;;;;;;1.7;2.5;1.2;8.4;;0.3;;2.2;;5.1;;;;0.3;4.8;-1.8;-2.7;;2.0;;;1.2;-6.0;;;;;;7.3;7.9;;;;7.2;;0.8;-6.4;3.7;0.7;2.4;;1.2;-0.8;-1.5;2.8;1.5;;;;;;;;;;;;;;;;-3.3;-1.0;-3.4;;-3.7;0.0;;;1.8;1.8;;;;;;;-0.8;;;;;1.0;;;3.2;0.7;-1.0;-3.1;4.0;5.8;;;;;;-3.1;;;;;;;-0.8;-2.4;-1.8;;2.4;-6.6;;-5.3;;;;-2.0;;;-0.7;2.0;-7.2;;-2.3;;;4.6;;;;;1.1;;;-5.4;;;;-5.9;;;4.7;;;8.8;;;;;;3.0;;;;;;;;;;;;;;-0.1;;;;;-7.8;-5.1;;;;;;;;;;;;;;;;;;;;;;;;;;;;-3.0;1.6;3.9;-3.3;2.9;1.6;-0.1;8.5;2.7;2.2;-6.9;-2.6;4.1
2024-07-29;;4.4;1.9;;0.4;;;;1.1;-1.9;-2.1;1.4;;-2.5;;2.1;;-3.5;;;-3.2;-4.0;;;;;;;;;;;;;;;2.4;3.2;;;-2.2;;;;;;;;6.2;;0.9;;;;;;;;7.3;;;;;;;;;;;;;;;;;;;;;;;;;;;;;;;;;;;;;;;;;;-2.4;;;;-1.0;;;;;;;;;;;;;;;;;;;;;;;;;;;;;;;;;;;;1.8;2.5;1.2;8.4;;0.3;;2.1;;5.0;;;;0.2;4.8;-1.8;-2.8;;2.0;;;1.2;-6.0;;;;;;7.3;7.8;;;;7.1;;0.8;-6.3;3.7;0.7;2.4;;1.2;-0.8;-1.6;2.8;1.5;;;;;;;;;;;;;;;;-3.3;-1.0;-3.4;;-3.7;-0.1;;;1.9;1.8;;;;;;;-0.8;;;;;1.0;;;3.2;0.8;-0.9;-3.1;4.0;5.8;2.8;;;;;-3.1;;;;;;;-0.8;-2.4;-1.7;;2.5;-6.6;;-5.2;;;;-2.0;;;-0.7;2.0;-7.2;;-2.2;;;4.6;;;;;1.1;;;-5.4;;;;-5.9;;;4.7;;;8.8;;;;;;2.8;;;;;;;;;;;;;;-0.1;;;;;-7.7;-5.0;;;;;;;;;;;;;;;;;;;;;;;;;;;;-3.0;1.6;3.9;-3.3;2.8;1.6;0.0;8.5;2.8;2.1;-6.9;-2.5;4.1
2024-07-30;;4.6;1.8;;0.4;;;;0.9;-1.9;-2.1;1.4;;-2.5;;1.9;;-3.5;;;;-4.1;;;;;;;;;;;;;;;2.5;3.1;;;-2.2;;;;;;;;6.2;;0.8;;;;;;;;7.4;;;;;;;;;;;;;;;;;;;;;;;;;;;;;;;;;;;;;;;;;;-2.4;;;;-1.0;;;;;;;;;;;;;;;;;;;;;;;;;;;;;;;;;;;;1.8;2.7;1.3;8.5;;0.4;;2.1;;5.0;;;;0.2;4.8;-1.7;-2.9;;1.9;;;1.2;-5.9;;;;;;7.3;7.8;;;;7.2;;0.9;-6.2;3.8;0.8;2.4;;1.3;-0.7;-1.6;2.9;1.6;;;;;;;;;;;;;;;;-3.2;-0.9;-3.3;;-3.7;-0.1;;;2.0;1.8;;;;;;;-0.9;;;;;1.2;;;3.2;0.8;-1.0;-3.2;4.0;5.8;2.9;;;;;-3.0;;;;;;;-0.9;-2.4;-1.6;;2.7;-6.7;;-5.2;;;;-2.2;;;-0.7;2.0;-7.2;;-2.2;;;4.6;;;;;1.1;;;-5.4;;;;-5.9;;;4.7;;;8.8;;;;;;2.7;;;;;;;;;;;;;;0.0;;;;;-7.7;-5.1;;;;;;;;;;;;;;;;;;;;;;;;;;;;-3.0;1.6;3.9;-3.2;2.9;1.6;0.1;8.5;2.9;2.1;-7.0;-2.5;3.9
2024-07-31;;4.8;1.8;;0.1;;;;0.9;-1.9;-2.0;1.4;;-2.6;;1.9;;-3.5;;;;-4.0;;;;;;;;;;;;;;;2.5;3.1;;;-2.1;;;;;;;;6.2;;0.7;;;;;;;;7.4;;;;;;;;;;;;;;;;;;;;;;;;;;;;;;;;;;;;;;;;;;-2.4;;;;-0.9;;;;;;;;;;;;;;;;;;;;;;;;;;;;;;;;;;;;1.8;2.7;1.3;8.5;;0.4;;2.1;;5.0;;;;0.3;4.8;-1.6;-2.9;;1.9;;;1.1;-5.9;;;;;;7.3;7.6;;;;7.1;;0.9;-6.3;3.7;0.8;2.4;;1.3;-0.7;-1.6;2.8;1.6;;;;;;;;;;;;;;;;-3.2;-0.9;-3.2;;-3.8;-0.1;;;2.1;1.8;;;;;;;-0.8;;;;;1.2;;;3.3;0.8;-1.0;-3.1;4.0;5.8;2.9;;;;;-3.0;;;;;;;-0.8;-2.4;-1.7;;2.5;-6.5;;-5.3;;;;-2.2;;;-0.7;1.9;-7.2;;-2.2;;;4.6;;;;;1.1;;;-5.5;;;;-5.9;;;4.8;;;8.8;;;;;;2.6;;;;;;;;;;;;;;-0.1;;;;;-7.8;-5.2;;;;;;;;;;;;;;;;;;;;;;;;;;;;-2.8;1.6;3.9;-3.2;2.9;1.6;0.1;8.5;2.8;2.1;-7.0;-2.5;3.8
2024-08-01;;4.9;1.9;;0.0;;;;0.8;-1.9;-2.0;1.4;;-2.6;;1.8;;-3.5;;;-3.2;-3.9;;;;;;;;;;;;;;;2.6;3.1;;;-2.1;;;;;;;;6.2;;0.7;;;;;;;;7.4;;;;;;;;;;;;;;;;;;;;;;;;;;;;;;;;;;;;;;;;;;-2.5;;;;-0.9;;;;;;;;;;;;;;;;;;;;;;;;;;;;;;;;;;;;1.7;2.8;1.1;8.6;;0.4;;2.0;;4.9;;;;0.2;4.8;-1.5;-2.8;;1.9;;;1.1;-5.9;;;;;;7.2;7.8;;;;7.2;;1.0;-6.2;3.8;0.9;2.4;;1.4;-0.7;-1.5;2.7;1.6;;;;;;;;;;;;;;;;-3.2;-0.9;-3.3;;-3.8;-0.1;;;2.2;1.8;;;;;;;-0.8;;;;;1.2;;;3.3;0.8;-1.1;-3.1;;5.8;2.8;;;;;-2.9;;;;;;;-1.0;-2.4;-1.6;;2.2;-6.4;;-5.2;;;;-2.2;;;-0.8;1.9;-7.3;;-2.2;;;4.6;;;;;1.0;;;-5.5;;;;-6.0;;;4.8;;;8.9;;;;;;2.8;;;;;;;;;;;;;;-0.2;;;;;-7.7;-5.3;;;;;;;;;;;;;;;;;;;;;;;;;;;;-2.7;1.7;3.8;-3.2;2.9;1.6;0.0;8.5;2.8;2.1;-7.0;-2.6;3.7
2024-08-02;;4.9;1.9;;0.1;;;;0.9;-1.9;-2.0;1.3;;-2.6;;1.7;;-3.4;;;-3.2;-3.9;;;;;;;;;;;;;;;2.7;3.1;;;-2.1;;;;;;;;6.2;;0.6;;;;;;;;7.4;;;;;;;;;;;;;;;;;;;;;;;;;;;;;;;;;;;;;;;;;;-2.4;;;;-0.9;;;;;;;;;;;;;;;;;;;;;;;;;;;;;;;;;;;;1.6;2.9;1.1;8.6;;0.4;;1.9;;4.9;;;;0.3;4.8;-1.5;-2.8;;1.9;;;1.0;-5.8;;;;;;7.3;7.9;;;;7.3;;1.1;-6.2;3.8;0.9;2.4;;1.5;-0.6;-1.6;2.8;1.6;;;;;;;;;;;;;;;;-3.2;-1.0;-3.2;;-3.8;-0.1;;;2.2;1.7;;;;;;;-0.8;;;;;1.1;;;3.3;0.8;-1.1;-3.1;;5.7;2.6;;;;;-2.8;;;;;;;-1.0;-2.4;-1.6;;2.1;-6.4;;-5.2;;;;-2.1;;;-0.8;1.8;-7.3;;-2.2;;;4.5;;;;;1.0;;;-5.5;;;;-6.0;;;4.7;;;8.9;;;;;;3.0;;;;;;;;;;;;;;-0.4;;;;;-7.8;-5.2;;;;;;;;;;;;;;;;;;;;;;;;;;;;-2.6;1.7;3.8;-3.2;2.9;1.7;0.1;8.4;2.9;2.2;-7.0;-2.6;3.8
2024-08-03;;5.1;1.8;;0.3;;;;1.0;-1.9;-2.0;1.4;;-2.6;;1.9;;-3.3;;;-3.2;-3.9;;;;;;;;;;;;;;;2.8;3.1;;;-2.2;;;;;;;;6.3;;0.7;;;;;;;;7.5;;;;;;;;;;;;;;;;;;;;;;;;;;;;;;;;;;;;;;;;;;-2.5;;;;-0.9;;;;;;;;;;;;;;;;;;;;;;;;;;;;;;;;;;;;1.5;3.0;1.1;8.7;;0.4;;1.8;;4.9;;;;0.4;4.8;-1.6;-2.8;;2.0;;;1.0;-5.9;;;;;;7.3;7.8;;;;7.3;;1.1;-6.2;3.8;1.0;2.5;;1.5;-0.7;-1.6;2.8;1.7;;;;;;;;;;;;;;;;-3.3;-1.0;-3.2;;-3.8;-0.1;;;2.4;1.7;;;;;;;-0.9;;;;;1.0;;;3.3;0.7;-1.1;-3.1;;5.7;2.6;;;;;-2.8;;;;;;;-1.0;-2.3;-1.5;;2.0;-6.3;;-5.2;;;;-2.1;;;-0.7;1.8;-7.1;;-2.1;;;4.5;;;;;1.0;;;-5.5;;;;-6.0;;;4.7;;;8.9;;;;;;2.9;;;;;;;;;;;;;;-0.9;;;;;-7.9;-5.3;;;;;;;;;;;;;;;;;;;;;;;;;;;;-2.2;1.7;3.7;-3.2;2.9;1.7;0.2;8.5;3.0;2.2;-7.0;-2.5;3.9
2024-08-04;;5.1;1.8;;0.3;;;;1.0;-1.9;-2.0;1.5;;-2.6;;1.8;;-3.3;;;-3.3;-3.9;;;;;;;;;;;;;;;2.9;3.1;;;-2.4;;;;;;;;6.3;;0.6;;;;;;;;7.5;;;;;;;;;;;;;;;;;;;;;;;;;;;;;;;;;;;;;;;;;;-2.5;;;;-0.9;;;;;;;;;;;;;;;;;;;;;;;;;;;;;;;;;;;;1.6;3.0;1.2;8.7;;0.4;;1.7;;4.8;;;;0.3;4.8;-1.6;-2.8;;2.2;;;1.1;-5.9;;;;;;7.3;7.7;;;;7.3;;1.1;-6.2;3.9;1.1;2.6;;1.6;-0.7;-1.6;2.7;1.6;;;;;;;;;;;;;;;;-3.3;-1.1;-3.2;;-3.8;-0.1;;;2.6;1.7;;;;;;;-1.0;;;;;1.0;;;3.1;0.8;-1.1;-3.1;;5.6;2.6;;;;;-2.8;;;;;;;-0.9;-2.3;-1.5;;2.2;-6.3;;-5.1;;;;-2.1;;;-0.7;1.9;-7.1;;-2.1;;;4.5;;;;;1.0;;;-5.4;;;;-6.0;;;4.7;;;8.9;;;;;;2.9;;;;;;;;;;;;;;-0.9;;;;;-7.9;-5.3;;;;;;;;;;;;;;;;;;;;;;;;;;;;-2.1;1.7;3.7;-3.3;2.8;1.6;0.1;8.5;3.0;2.2;-7.0;-2.5;4.0
2024-08-05;;5.1;1.9;;0.3;;;;1.0;-1.9;-1.9;1.6;;;;1.9;;-3.4;;;-3.2;-3.9;;;;;;;;;;;;;;;2.9;3.1;;;-2.4;;;;;;;;6.3;;0.6;;;;;;;;7.5;;;;;;;;;;;;;;;;;;;;;;;;;;;;;;;;;;;;;;;;;;-2.4;;;;-0.9;;;;;;;;;;;;;;;;;;;;;;;;;;;;;;;;;;;;1.6;3.1;1.1;8.8;;0.4;;1.6;;4.8;;;;0.3;4.8;-1.6;-2.7;;2.2;;;1.0;-5.8;;;;;;7.3;7.7;;;;7.3;;1.2;-6.2;4.0;1.1;2.6;;1.5;-0.8;-1.6;2.8;1.6;;;;;;;;;;;;;;;;-3.2;-1.2;-3.2;;-3.7;0.0;;;2.6;1.7;;;;;;;-1.1;;;;;1.0;;;3.2;0.8;-1.1;-3.1;;5.6;2.6;;;;;-2.9;;;;;;;-1.0;-2.4;-1.6;;2.4;-6.3;;-5.1;;;;-2.0;;;-0.7;2.0;-7.0;;-2.1;;;4.5;;;;;1.0;;;-5.5;;;;-6.0;;;4.7;;;8.9;;;;;;2.8;;;;;;;;;;;;;;-1.1;;;;;-7.9;-5.2;;;;;;;;;;;;;;;;;;;;;;;;;;;;-1.9;1.7;3.7;-3.3;2.7;1.6;0.1;8.5;3.0;2.2;-7.0;-2.6;4.0
2024-08-06;;4.9;1.9;;0.3;;;;0.9;-1.8;-2.0;1.6;;;;1.7;;-3.5;;;-3.2;-3.9;;;;;;;;;;;;;;;2.9;3.0;;;-2.4;;;;;;;;6.3;;0.6;;;;;;;;7.7;;;;;;;;;;;;;;;;;;;;;;;;;;;;;;;;;;;;;;;;;;-2.5;;;;-0.8;;;;;;;;;;;;;;;;;;;;;;;;;;;;;;;;;;;;1.5;3.3;1.2;8.9;;0.3;;1.6;;4.7;;;;0.4;4.9;-1.6;-2.5;;2.2;;;0.9;-5.8;;;;;;7.3;7.7;;;;7.3;;1.2;-6.1;4.0;1.0;2.6;;1.5;-0.8;-1.6;2.8;1.7;;;;;;;;;;;;;;;;-3.3;-1.2;-3.2;;-3.6;0.0;;;2.6;1.7;;;;;;;-1.1;;;;;0.9;;;3.2;0.8;-1.1;-3.0;;5.6;2.7;;;;;-2.9;;;;;;;-0.9;-2.4;-1.6;;2.6;-6.3;;-5.1;;;;-2.0;;;-0.6;1.9;-7.0;;-2.1;;;4.5;;;;;1.0;;;-5.5;;;;-6.0;;;4.7;;;8.8;;;;;;2.5;;;;;;;;;;;;;;-1.1;;;;;-7.9;-5.4;;;;;;;;;;;;;;;;;;;;;;;;;;;;-1.9;1.7;3.6;-3.4;2.7;1.6;0.2;8.5;3.0;2.3;-7.0;-2.6;4.1
2024-08-07;;4.8;1.9;;0.4;;;;0.9;-1.9;-2.0;1.6;;;;1.7;;-3.5;;;-3.2;-3.9;;;;;;;;;;;;;;;2.9;2.9;;;-2.4;;;;;;;;6.3;;0.5;;;;;;;;7.6;;;;;;;;;;;;;;;;;;;;;;;;;;;;;;;;;;;;;;;;;;-2.4;;;;-0.8;;;;;;;;;;;;;;;;;;;;;;;;;;;;;;;;;;;;1.5;3.5;1.2;1.0;;0.3;;1.5;;4.7;;;;0.5;5.0;-1.5;-2.4;;2.3;;;0.9;-5.8;;;;;;7.3;7.8;;;;7.3;;1.2;-6.2;4.1;1.1;2.6;;1.6;-0.7;-1.5;2.8;1.7;;;;;;;;;;;;;;;;-3.3;-1.2;-3.2;;-3.5;0.0;;;2.8;1.5;;;;;;;-1.1;;;;;0.9;;;3.2;0.9;-1.0;-3.1;;5.6;2.7;;;;;-2.8;;;;;;;-1.0;-2.5;-1.6;;2.4;-6.3;;-5.1;;;;-2.0;;;-0.7;1.9;-7.0;;-2.1;;;4.5;;;;;1.0;;;-5.4;;;;-6.0;;;4.7;;;8.8;;;;;;2.2;;;;;;;;;;;;;;-0.9;;;;;-7.9;-5.5;;;;;;;;;;;;;;;;;;;;;;;;;;;;-1.9;1.7;3.5;-3.3;2.7;1.6;0.2;8.5;3.0;2.3;-7.0;-2.6;4.2
2024-08-08;;4.8;1.9;;0.4;;;;1.0;-1.9;-2.0;;;;;1.7;;-3.5;;;-3.2;-3.9;;;;;;;;;;;;;;;2.8;2.9;;;-2.5;;;;;;;;6.2;;0.5;;;;;;;;7.6;;;;;;;;;;;;;;;;;;;;;;;;;;;;;;;;;;;;;;;;;;-2.5;;;;-0.8;;;;;;;;;;;;;;;;;;;;;;;;;;;;;;;;;;;;;3.5;1.3;1.0;;0.3;;1.4;;4.5;;;;0.5;5.1;-1.5;-2.2;;2.3;;;0.9;-5.8;;;;;;7.3;7.8;;;;7.3;;1.2;-6.2;4.1;1.2;2.6;;1.6;-0.7;-1.5;2.9;1.7;;;;;;;;;;;;;;;;-3.4;-1.3;-3.1;;-3.6;0.1;;;2.9;1.3;;;;;;;-1.2;;;;;0.8;;;3.0;0.9;-1.1;-3.1;3.6;5.6;2.7;;;;;-2.8;;;;;;;-1.1;-2.7;-1.6;;2.5;-6.4;;-5.1;;;;-2.0;;;-0.7;1.9;-7.0;;-2.1;;;4.6;;;;;1.0;;;-5.4;;;;-6.0;;;4.7;;;8.8;;;;;;2.5;;;;;;;;;;;;;;-0.9;;;;;-8.1;-5.4;;;;;;;;;;;;;;;;;;;;;;;;;;;;-1.9;1.7;3.5;-3.2;2.6;1.6;0.2;8.5;3.0;2.3;-6.9;-2.6;4.2
2024-08-09;;4.8;1.9;;0.2;;;;0.9;-1.9;-2.0;1.6;;-2.6;;1.6;;-3.6;;;-3.2;-3.9;;;;;;;;;;;;;;;2.8;2.8;;;-2.6;;;;;;;;6.2;;0.6;;;;;;;;7.7;;;;;;;;;;;;;;;;;;;;;;;;;;;;;;;;;;;;;;;;;;-2.5;;;;-0.8;;;;;;;;;;;;;;;;;;;;;;;;;;;;;;;;;;;;;3.5;1.3;1.2;;0.2;;1.3;;4.4;;;;0.6;5.1;-1.7;-2.1;;2.4;;;0.9;-5.9;;;;;;7.3;7.8;;;;7.2;;1.2;-6.2;4.1;1.1;2.6;;1.6;-0.7;-1.5;2.8;1.7;;;;;;;;;;;;;;;;-3.5;-1.3;-3.2;;-3.7;0.0;;;3.1;1.2;;;;;;;-1.2;;;;;0.8;;;3.0;0.9;-1.1;-3.2;3.6;5.5;2.6;;;;;-2.7;;;;;;;-1.1;-2.8;-1.6;;2.5;-6.4;;-5.1;;;;-2.0;;;-0.7;1.9;-7.0;;-2.2;;;4.5;;;;;1.0;;;-5.5;;;;-6.1;;;4.7;;;8.8;;;;;;;;;;;;;;;;;;;;;;;;;-8.0;-5.4;;;;;;;;;;;;;;;;;;;;;;;;;;;;-1.8;1.7;3.5;-3.2;2.7;1.6;0.3;8.4;3.0;2.3;-6.9;-2.7;4.2
2024-08-10;;4.8;2.0;;0.2;;;;0.8;-1.9;-2.0;1.6;;-2.7;;1.6;;-3.6;;;-3.2;-3.8;;;;;;;;;;;;;;;2.8;2.7;;;-2.5;;;;;;;;6.2;;0.6;;;;;;;;7.8;;;;;;;;;;;;;;;;;;;;;;;;;;;;;;;;;;;;;;;;;;-2.5;;;;-0.8;;;;;;;;;;;;;;;;;;;;;;;;;;;;;;;;;;;;;3.5;1.4;1.3;;0.3;;1.3;;4.5;;;;0.5;5.2;-1.6;-2.2;;2.6;;;0.8;-5.9;;;;;;7.3;7.8;;;;7.3;;1.2;-6.2;4.1;1.2;2.7;;1.7;-0.6;-1.4;2.9;1.8;;;;;;;;;;;;;;;;-3.5;-1.3;-3.2;;-3.6;0.0;;;3.2;1.3;;;;;;;-1.1;;;;;0.8;;;3.0;1.0;-1.1;-3.1;3.6;5.4;2.7;;;;;-2.7;;;;;;;-1.1;-3.1;-1.7;;2.5;-6.4;;-5.2;;;;-2.1;;;-0.9;1.7;-7.0;;-2.2;;;4.5;;;;;1.0;;;-5.5;;;;-6.1;;;4.7;;;8.9;;;;;;;;;;;;;;;;;;;;;;;;;-8.0;-5.6;;;;;;;;;;;;;;;;;;;;;;;;;;;;-1.8;1.8;3.6;-3.1;2.7;1.6;0.3;8.4;3.0;2.3;-6.9;-2.8;4.2
2024-08-11;;5.0;2.0;;0.1;;;;0.8;-1.9;-2.0;1.6;;-2.7;;1.5;;-3.7;;;-3.2;-3.8;;;;;;;;;;;;;;;2.9;2.7;;;-2.5;;;;;;;;6.2;;0.7;;;;;;;;7.8;;;;;;;;;;;;;;;;;;;;;;;;;;;;;;;;;;;;;;;;;;-2.5;;;;-0.8;;;;;;;;;;;;;;;;;;;;;;;;;;;;;;;;;;;;;3.6;1.4;1.4;;0.3;;1.4;;4.5;;;;0.5;5.2;-1.6;-2.1;;2.5;;;0.8;-5.9;;;;;;7.2;7.8;;;;7.2;;1.1;-6.1;4.0;1.2;2.6;;1.6;-0.7;-1.4;2.8;1.7;;;;;;;;;;;;;;;;-3.3;-1.2;-3.1;;-3.8;0.0;;;3.2;1.4;;;;;;;-1.0;;;;;0.9;;;3.1;1.1;-1.1;-3.1;3.7;5.4;2.6;;;;;-2.7;;;;;;;-1.2;-3.2;-1.6;;2.3;-6.5;;-5.2;;;;-2.3;;;-0.9;1.7;-7.1;;-2.2;;;4.6;;;;;0.9;;;-5.5;;;;-6.1;;;4.7;;;8.8;;;;;;;;;;;;;;;;;;;;;;;;;-8.0;-5.8;;;;;;;;;;;;;;;;;;;;;;;;;;;;-1.8;1.7;3.5;-3.1;2.8;1.6;0.4;8.4;3.0;2.3;-6.8;-2.7;4.2
2024-08-12;;5.2;2.0;;0.1;;;;0.9;-1.9;-1.9;1.6;;-2.6;;1.5;;-3.7;;;-3.2;-3.8;;;;;;;;;;;;;;;3.0;2.8;;;-2.5;;;;;;;;6.2;;0.7;;;;;;;;7.8;;;;;;;;;;;;;;;;;;;;;;;;;;;;;;;;;;;;;;;;;;-2.5;;;;-0.7;;;;;;;;;;;;;;;;;;;;;;;;;;;;;;;;;;;;;3.6;1.4;1.5;;0.4;;1.4;;4.5;;;;0.6;5.3;-1.5;-2.1;;2.7;;;0.8;-5.9;;;;;;7.3;7.8;;;;7.2;;1.1;-6.1;4.0;1.2;2.6;;1.6;-0.7;-1.4;2.9;1.8;;;;;;;;;;;;;;;;-3.2;-1.1;-3.0;;-3.8;0.1;;;3.1;1.6;;;;;;;-1.0;;;;;0.8;;;3.2;1.1;-1.1;-3.1;3.7;5.4;2.6;;;;;-2.7;;;;;;;-1.3;-3.4;-1.7;;2.4;-6.5;;-5.2;;;;-2.3;;;-1.0;1.6;-7.2;;-2.3;;;4.6;;;;;1.0;;;-5.5;;;;-6.1;;;4.7;;;8.8;;;;;;;;;;;;;;;;;;;;;;;;;-8.2;-6.0;;;;;;;;;;;;;;;;;;;;;;;;;;;;-1.8;1.8;3.5;-3.1;2.9;1.6;0.5;8.4;3.0;2.4;-6.8;-2.7;4.2
2024-08-13;;5.3;2.1;;0.0;;;;0.9;-2.0;-1.9;1.6;;-2.6;;1.5;;-3.7;;;-3.1;-3.8;;;;;;;;;;;;;;;3.0;2.7;;;-2.5;;;;;;;;6.2;;0.6;;;;;;;;7.7;;;;;;;;;;;;;;;;;;;;;;;;;;;;;;;;;;;;;;;;;;-2.5;;;;-0.7;;;;;;;;;;;;;;;;;;;;;;;;;;;;;;;;;;;;;3.7;1.3;1.5;;0.5;;1.4;;4.5;;;;0.5;5.4;-1.7;-2.1;;2.7;;;;-6.0;;;;;;;7.8;;;;7.2;;1.1;;4.0;1.1;2.6;;1.6;-0.7;-1.3;2.8;1.8;;;;;;;;;;;;;;;;-3.2;-1.1;-3.0;;-3.6;0.1;;;3.1;1.5;;;;;;;-1.0;;;;;0.8;;;3.2;1.1;-1.1;-3.0;3.8;5.4;2.6;;;;;-2.7;;;;;;;-1.5;-3.5;-1.8;;2.1;-6.5;;-5.2;;;;-2.2;;;-1.0;1.6;-7.5;;-2.4;;;4.5;;;;;1.0;;;-5.5;;;;-6.1;;;4.7;;;8.8;;;;;;;;;;;;;;;;;;;;;;;;;-8.4;-6.2;;;;;;;;;;;;;;;;;;;;;;;;;;;;-1.8;1.9;3.5;-3.1;2.9;1.5;0.5;8.5;3.0;2.4;-6.8;-2.5;4.2
2024-08-14;;5.4;;;0.0;;;;1.0;;-1.8;1.6;;-2.5;;1.5;;-3.7;;;-3.1;-3.9;;;;;;;;;;;;;;;3.1;2.8;;;-2.5;;;;;;;;6.2;;0.5;;;;;;;;7.4;;;;;;;;;;;;;;;;;;;;;;;;;;;;;;;;;;;;;;;;;;-2.5;;;;-0.7;;;;;;;;;;;;;;;;;;;;;;;;;;;;;;;;;;;;;3.8;1.4;1.7;;0.6;;1.6;;4.5;;;;0.5;5.4;-1.7;-2.0;;2.8;;;;-6.0;;;;;;7.2;7.8;;;;7.2;;1.1;-5.9;4.1;1.1;2.6;;1.6;-0.7;-1.3;2.7;1.8;;;;;;;;;;;;;;;;-3.1;-1.0;-3.0;;-3.5;0.1;;;3.2;1.4;;;;;;;-1.1;;;;;0.7;;;3.1;1.1;-1.0;-3.1;3.8;5.3;;;;;;-2.7;;;;;;;-1.5;-3.5;-1.8;;2.0;-6.5;;-5.2;;;;-2.2;;;-1.1;1.5;-7.4;;-2.4;;;4.6;;;;;0.9;;;-5.5;;;;-6.1;;;4.7;;;8.8;;;;;;;;;;;;;;;;;;;;;;;;;-8.4;-5.9;;;;;;;;;;;;;;;;;;;;;;;;;;;;-1.8;1.9;3.4;-3.1;2.9;1.5;0.5;8.5;3.0;2.3;-6.7;-2.5;4.3
2024-08-15;;5.3;;;0.3;;;;1.0;;-1.9;1.6;;-2.6;;1.6;;-3.6;;;-3.1;-3.9;;;;;;;;;;;;;;;3.1;2.6;;;-2.5;;;;;;;;6.1;;0.5;;;;;;;;7.4;;;;;;;;;;;;;;;;;;;;;;;;;;;;;;;;;;;;;;;;;;-2.4;;;;-0.7;;;;;;;;;;;;;;;;;;;;;;;;;;;;;;;;;;;;;3.8;1.3;1.6;;0.6;;1.6;;4.4;;;;0.4;5.5;-1.7;-2.0;;2.7;;;;-6.0;;;;;;7.2;7.8;;;;7.2;;1.1;-6.0;4.1;1.0;2.6;;1.5;-0.7;-1.3;2.8;1.7;;;;;;;;;;;;;;;;-3.1;-1.0;-3.0;;-3.5;0.1;;;3.2;1.1;;;;;;;-1.0;;;;;0.7;;;3.1;1.1;-1.0;-3.1;3.8;5.3;;;;;;-2.9;;;;;;;-1.6;-3.6;-1.8;;1.6;-6.5;;-5.2;;;;-2.2;;;-1.1;1.4;-7.3;;-2.3;;;4.6;;;;;0.9;;;-5.5;;;;-6.1;;;4.7;;;8.8;;;;;;;;;;;;;;;;;;;;;;;;;-8.3;-5.8;;;;;;;;;;;;;;;;;;;;;;;;;;;;-1.8;1.9;3.4;-3.1;2.9;1.4;0.5;8.5;3.0;2.3;-6.8;-2.6;4.3
2024-08-16;;5.3;;;0.4;;;;1.0;;-1.9;1.6;;-2.5;;1.7;;-3.7;;;-3.1;-3.9;-7.1;;;;;;;;;;;;;;3.1;2.5;;;-2.5;;;;;;;;6.1;;0.3;;;;;;;;7.4;;;;;;;;;;;;;;;;;;;;;;;;;;;;;;;;;;;;;;;;;;-2.4;;;;-0.8;;;;;;;;;;;;;;;;;;;;;;;;;;;;;;;;;;;;;3.7;1.3;1.6;;0.7;;1.5;;4.3;;;;0.3;5.5;-2.0;-2.0;;;;;;-6.0;;;;;;7.3;7.8;;;;7.2;;1.0;-6.0;4.1;1.1;2.5;;1.4;-0.7;-1.3;2.7;1.6;;;;;;;;;;;;;;;;-3.2;-1.1;-3.0;;-3.5;0.1;;;3.2;1.1;;;;;;;-1.2;;;;;0.5;;;3.1;1.2;-1.0;-3.0;3.8;5.2;;;;;;-2.9;;;;;;;-1.8;-3.8;-1.8;;1.6;-6.5;;-5.1;;;;-2.3;;;-1.2;1.5;-7.3;;-2.2;;;4.6;;;;;0.9;;;-5.5;;;;-6.1;;;4.7;;;8.8;;;;;;;;;;;;;;;;;;;;;;;;;-8.2;-6.0;;;;;;;;;;;;;;;;;;;;;;;;;;;;-1.8;1.8;3.3;-3.1;2.9;1.4;0.5;8.5;3.1;2.3;-6.8;-2.7;4.3
2024-08-17;;5.3;;;0.6;;;;1.0;;-2.0;1.5;;-2.6;;1.8;;-3.7;;;-3.2;-3.9;-7.3;;;;;;;;;;;;;;3.0;2.5;;;-2.5;;;;;;;;6.2;;0.3;;;;;;;;7.5;;;;;;;;;;;;;;;;;;;;;;;;;;;;;;;;;;;;;;;;;;-2.5;;;;-0.8;;;;;;;;;;;;;;;;;;;;;;;;;;;;;;;;;;;;;3.7;1.2;1.5;;0.7;;1.4;;4.3;;;;0.2;5.5;-2.1;-2.0;;;;;;-6.1;;;;;;7.3;7.8;;;;7.2;;0.9;-6.0;4.1;1.1;2.5;;1.4;-0.8;-1.3;2.7;1.6;;;;;;;;;;;;;;;;-3.2;-1.1;-3.1;;-3.4;0.1;;;3.2;1.1;;;;;;;-1.2;;;;;0.5;;;3.1;1.3;-0.9;-3.0;3.8;5.1;;;;;;-2.9;;;;;;;-1.8;-3.9;-1.8;;1.7;-6.4;;-5.1;;;;-2.2;;;-1.1;1.5;-7.3;;-2.2;;;4.6;;;;;0.9;;;-5.4;;;;-6.2;;;4.7;;;8.8;;;;;;;;;;;;;;;;;;;;;;;;;-8.2;-6.0;;;;;;;;;;;;;;;;;;;;;;;;;;;;-1.8;1.9;3.3;-3.1;2.8;1.4;0.5;8.5;3.1;2.3;-6.7;-2.7;4.3
2024-08-18;;5.1;;;0.6;;;;1.0;;-2.0;1.6;;-2.6;;1.8;;-3.7;;;-3.2;-3.9;-7.4;;;;;;;;;;;;;;3.0;2.5;;;-2.6;;;;;;;;6.1;;0.3;;;;;;;;7.5;;;;;;;;;;;;;;;;;;;;;;;;;;;;;;;;;;;;;;;;;;-2.4;;;;-0.8;;;;;;;;;;;;;;;;;;;;;;;;;;;;;;;;;;;;;3.7;1.2;1.5;;0.7;;1.3;;4.2;;;;0.3;5.5;-2.2;-1.9;;;;;;-6.1;;;;;;7.3;7.8;;;;7.2;;0.7;-6.1;4.1;1.0;2.5;;1.4;-0.9;-1.3;2.7;1.6;;;;;;;;;;;;;;;;-3.3;-1.2;-3.1;;-3.4;0.1;;;3.2;1.0;;;;;;;-1.2;;;;;0.5;;;3.1;1.3;-0.9;-3.0;3.8;5.1;;;;;;-2.9;;;;;;;-1.9;-3.9;-1.8;;1.5;-6.4;;-5.1;;;;-2.0;;;-1.1;1.5;-7.1;;-2.2;;;4.6;;;;;0.9;;;-5.4;;;;-6.2;;;4.7;;;8.8;;;;;;;;;;;;;;;;;;;;;;;;;-8.2;-6.0;;;;;;;;;;;;;;;;;;;;;;;;;;;;-1.7;1.9;3.3;-3.0;2.9;1.4;0.6;8.5;3.1;2.4;-6.7;-2.7;4.3
2024-08-19;;5.0;;;0.9;;;;1.0;;-2.0;1.6;;-2.5;;1.8;;-3.7;;;-3.2;-4.0;-7.6;;;;;;;;;;;;;;2.9;2.5;;;-2.5;;;;;;;;6.1;;0.3;;;;;;;;7.5;;;;;;;;;;;;;;;;;;;;;;;;;;;;;;;;;;;;;;;;;;-2.4;;;;-0.8;;;;;;;;;;;;;;;;;;;;;;;;;;;;;;;;;;;;;3.8;1.2;1.5;;0.7;;1.3;;4.1;;;;0.4;5.5;-2.3;-1.9;;;;;0.6;-6.2;;;;;;7.3;7.8;;;;7.1;;0.7;-6.1;4.1;0.9;2.5;;1.3;-1.0;-1.4;2.6;1.4;;;;;;;;;;;;;;;;-3.5;-1.2;-3.1;;-3.4;0.1;;;3.2;0.9;;;;;;;-1.1;;;;;0.5;;;3.0;1.3;-0.9;-3.0;3.8;5.1;;;;;;-2.9;;;;;;;-1.9;-3.8;-1.7;;1.4;-6.3;;-5.1;;;;-2.1;;;-1.2;1.6;-7.1;;-2.1;;;4.6;;;;;0.9;;;-5.3;;;;-6.2;;;4.7;;;8.8;;;;;;;;;;;;;;;;;;;;;;;;;-8.2;-5.9;;;;;;;;;;;;;;;;;;;;;;;;;;;;-1.6;1.9;3.3;-3.1;2.9;1.4;0.5;8.6;3.1;2.4;-6.7;-2.6;4.4
2024-08-20;;5.0;;;1.0;;;;1.1;;-2.1;1.6;;-2.5;;1.9;;-3.7;;;-3.3;-4.0;-7.7;;;;;;;;;;;;;;;2.4;;;-2.5;;;;;;;;6.2;;0.4;;;;;;;;7.4;;;;;;;;;;;;;;;;;;;;;;;;;;;;;;;;;;;;;;;;;;-2.4;;;;-0.8;;;;;;;;;;;;;;;;;;;;;;;;;;;;;;;;;;;;;3.7;1.1;1.5;;;;1.3;;4.2;;;;0.4;;;;;2.8;;;0.9;-6.1;;;;;;7.2;7.8;;;;7.2;;0.6;-5.9;4.1;0.9;2.4;;1.4;-1.1;-1.3;2.6;1.5;;;;;;;;;;;;;;;;-3.5;-1.2;-3.1;;-3.3;0.1;;;3.3;0.9;;;;;;;-1.1;;;;;0.4;;;3.0;1.4;-0.9;-3.1;3.8;5.0;;;;;;-2.9;;;;;;;-1.9;-3.7;-1.6;;1.3;-6.3;;-5.1;;;;-2.1;;;-1.2;1.5;-7.1;;-2.1;;;4.7;;;;;0.9;;;-5.3;;;;-6.2;;;4.7;;;8.8;;;;;;;;;;;;;;;;;;;;;;;;;-8.2;-5.9;;;;;;;;;;;;;;;;;;;;;;;;;;;;-1.6;1.9;3.3;-3.1;2.9;1.4;0.6;8.6;3.1;2.4;-6.7;-2.7;4.4
2024-08-21;;4.9;;;1.1;;;;1.1;-2.0;-2.0;1.6;;-2.5;;1.9;;-3.6;;;-3.3;-4.0;-7.9;;;;;;;;;;;;;;;2.4;;;-2.5;;;;;;;;6.0;;0.4;;;;;;;;7.3;;;;;;;;;;;;;;;;;;;;;;;;;;;;;;;;;;;;;;;;;;-2.3;;;;-0.8;;;;;;;;;;;;;;;;;;;;;;;;;;;;;;;;;;;;;3.7;1.2;1.5;;;;1.3;;4.2;;;;0.4;;;;;3.1;;;1.0;-6.1;;;;;;7.3;7.7;;;;7.1;;0.6;-6.0;4.1;0.9;2.4;;1.4;-1.0;-1.3;2.6;1.4;;;;;;;;;;;;;;;;-3.5;-1.1;-3.1;;-3.3;0.2;;;3.3;0.9;;;;;;;-1.1;;;;;0.5;;;2.9;1.4;-0.9;-3.1;3.8;5.1;;;;;;-2.9;;;;;;;-2.0;-3.7;-1.6;;1.2;-6.4;;-5.1;;;;-2.2;;;-1.1;1.5;-7.1;;-2.1;;;4.7;;;;;0.9;;;-5.3;;;;-6.1;;;4.7;;;8.8;;;;;;;;;;;;;;;;;;;;;;;;;-8.1;-5.9;;;;;;;;;;;;;;;;;;;;;;;;;;;;-1.5;1.9;3.2;-3.1;2.9;1.4;0.7;8.6;3.1;2.4;-6.7;-2.7;4.4
2024-08-22;;4.8;;;1.1;;;;1.0;-1.9;-2.1;1.5;;-2.5;;1.9;;-3.7;;;-3.4;-4.0;-7.9;;;;;;;;;;;;;;;2.5;;;-2.5;;;;;;;;;;;;;;;;;;;;;;;;;;;;;;;;;;;;;;;;;;;;;;;;;;;;;;;;;;;;-2.4;;;;-0.8;;;;;;;;;;;;;;;;;;;;;;;;;;;;;;;;;;;;;3.8;1.2;1.5;;;;1.3;;4.2;;;;0.3;;;;;3.1;;;1.2;-6.1;;;;;;7.3;7.8;;;;7.1;;;-5.9;4.1;0.9;2.5;;1.4;-1.1;-1.3;2.5;1.5;;;;;;;;;;;;;;;;-3.5;-1.1;-3.1;;-3.3;0.2;;;3.4;;;;;;;;;;;;;;;;;1.3;-0.9;-3.1;3.8;4.9;;;;;;-2.9;;;;;;;-2.0;-3.8;-1.6;;1.0;-6.4;;-5.1;;;;-2.2;;;-1.2;1.5;-7.1;;-2.0;;;4.7;;;;;0.9;;;-5.2;;;;-6.1;;;4.7;;;8.8;;;;;;;;;;;;;;;;;;;;;;;;;-8.2;-5.9;;;;;;;;;;;;;;;;;;;;;;;;;;;;-1.6;1.8;3.3;-3.1;2.9;1.3;0.6;8.6;3.1;2.3;-6.8;-2.8;4.4
2024-08-23;;4.8;;;1.1;;;;1.0;;-2.0;1.5;;-2.5;;1.9;;-3.8;;;-3.3;-4.0;-7.9;;;;;;;;;;;;;;;2.5;;;-2.5;;;;;;;;;;;;;;;;;;7.2;;;;;;;;;;;;;;;;;;;;;;;;;;;;;;;;;;;;;;;;;;-2.3;;;;-0.8;;;;;;;;;;;;;;;;;;;;;;;;;;;;;;;;;;;;;3.7;1.2;1.5;;;;1.3;;4.2;;;;0.3;;;;;3.2;;;1.2;-6.1;;;;;;7.3;7.8;;;;7.0;;;-5.9;4.1;0.8;2.4;;1.3;-1.2;-1.4;2.5;1.3;;;;;;;;;;;;;;;;;;-3.0;;-3.3;;;;;;;;;;;;;;;;;;;;;1.2;-0.9;-3.1;3.8;4.9;;;;;;-3.0;;;;;;;-2.1;-3.8;-1.7;;0.9;-6.4;;-5.1;;;;-2.3;;;-1.2;1.5;-7.0;;-2.1;;;4.7;;;;;0.9;;;-5.2;;;;-6.1;;;4.7;;;8.9;;;;;;;;;;;;;;;;;;;;;;;;;-8.2;-6.0;;;;;;;;;;;;;;;;;;;;;;;;;;;;-1.5;1.8;3.2;-3.1;2.9;1.3;0.6;8.5;3.0;2.3;-6.7;-2.9;4.4
2024-08-24;;4.8;;;;;;;1.0;-2.1;-2.0;1.5;;-2.5;;1.9;;-3.7;;;-3.3;-4.0;-7.9;;;;;;;;;;;;;;;2.4;;;-2.5;;;;;;;;;;;;;;;;;;7.1;;;;;;;;;;;;;;;;;;;;;;;;;;;;;;;;;;;;;;;;;;-2.4;;;;-0.8;;;;;;;;;;;;;;;;;;;;;;;;;;;;;;;;;;;;;3.9;1.2;1.6;;;;1.4;;4.2;;;;0.3;;;;;3.1;;;1.3;-6.2;;;;;;7.2;7.8;;;;7.0;;;-6.0;4.0;0.8;2.3;;1.2;-1.2;-1.4;2.4;1.4;;;;;;;;;;;;;;;;;;-3.0;;-3.3;;;;;;;;;;;;;;;;;;;;;1.2;-0.9;-3.1;3.8;4.8;;;;;;-3.0;;;;;;;-2.1;-3.7;-1.8;;0.9;-6.4;;-5.2;;;;-2.3;;;-1.2;1.5;-7.1;;-2.2;;;4.7;;;;;1.0;;;-5.2;;;;-6.1;;;4.7;;;8.9;;;;;;;;;;;;;;;;;;;;;;;;;-8.3;-5.9;;;;;;;;;;;;;;;;;;;;;;;;;;;;-1.6;1.8;3.2;-3.1;3.0;1.3;0.7;8.5;3.1;2.3;-6.6;-2.9;4.3
2024-08-25;;4.7;;;;;;;1.0;-2.1;-2.1;1.4;;-2.5;;2.0;;-3.8;;;-3.4;-4.0;-8.0;;;;;;;;;;;;;;;2.5;;;-2.4;;;;;;;;;;;;;;;;;;7.0;;;;;;;;;;;;;;;;;;;;;;;;;;;;;;;;;;;;;;;;;;-2.4;;;;-0.9;;;;;;;;;;;;;;;;;;;;;;;;;;;;;;;;;;;;;4.0;1.2;1.7;2.3;;;;;4.2;;;;0.4;;;;;3.1;;;1.3;-6.2;;;;;;7.2;8.0;;;;7.0;;;-6.1;3.9;0.8;2.3;;1.2;-1.2;-1.4;2.4;1.5;;;;;;;;;;;;;;;;;;-3.0;;-3.3;;;;;;;;;;;;;;;;;;;;;1.3;-0.8;-3.1;3.8;4.8;;;;;;-3.0;;;;;;;-2.0;-3.8;-1.7;;0.8;-6.4;;-5.1;;;;-2.2;;;-1.2;1.5;-7.1;;-2.1;;;4.7;;;;;0.9;;;-5.2;;;;-6.1;;;4.6;;;8.9;;;;;;;;;;;;;;;;;;;;;;;;;-8.2;-5.6;;;;;;;;;;;;;;;;;;;;;;;;;;;;-1.6;1.8;3.2;-3.1;3.0;1.3;0.8;8.5;3.1;2.3;-6.7;-2.9;4.3
2024-08-26;;4.8;;;;;;;1.0;-2.1;-2.2;1.4;;-2.5;;2.0;;-3.8;;;-3.3;-4.1;-8.1;;;;;;;;;;;;;;;2.5;;;-2.5;;;;;;;;;;;;;;;;;;6.1;;;;;;;;;;;;;;;;;;;;;;;;;;;;;;;;;;;;;;;;;;-2.4;;;;-0.8;;;;;;;;;;;;;;;;;;;;;;;;;;;;;;;;;;;;;4.0;1.1;1.8;2.2;;;1.4;;4.2;;;;0.5;;;;;3.2;;;1.5;-6.3;;;;;;7.2;7.8;;;;7.0;;;-6.2;3.8;0.7;2.2;;1.2;-1.2;-1.3;2.4;1.4;;;;;;;;;;;;;;;;;;-3.0;;-3.3;;;;;;;;;;;;;;;;;;;;;1.3;-0.8;-3.1;3.8;4.8;;;;;;-3.0;;;;;;;-1.9;-3.6;-1.5;;0.8;-6.3;;-5.1;;;;-2.2;;;-1.1;1.5;-7.1;;-2.0;;;4.7;;;;;1.0;;;-5.2;;;;-6.1;;;4.6;;;8.9;;;;;;;;;;;;;;;;;;;;;;;;;-8.2;-5.5;;;;;;;;;;;;;;;;;;;;;;;;;;;;-1.6;1.7;3.1;-3.1;3.0;1.3;0.8;8.5;3.1;2.2;-6.7;-3.0;4.2
2024-08-27;;4.7;;;;;;;1.0;-2.2;-2.2;1.5;;-2.5;;1.9;;-3.8;;;-3.2;-4.0;-8.0;;;;;;;;;;;;;;;2.4;;;-2.5;;;;;;;;;;;;;;;;;;5.7;;;;;;;;;;;;;;;;;;;;;;;;;;;;;;;;;;;;;;;;;;-2.4;;;;-0.8;;;;;;;;;;;;;;;;;;;;;;;;;;;;;;;;;;;;;4.0;1.1;1.9;2.1;;;1.3;;4.2;;;;0.4;;;;;3.0;;;1.4;-6.2;;;;;;7.2;7.9;;;;7.1;;;-6.2;3.8;0.7;2.2;;1.1;-1.2;-1.3;2.5;1.3;;;;;;;;;;;;;;;;;;-2.9;;-3.3;;;;;;;;;;;;;;;;;;;;;1.3;-0.8;-3.1;3.8;4.8;;;;;;-3.1;;;;;;;-1.9;-3.6;-1.5;;0.7;-6.1;;-5.0;;;;-2.1;;;-1.1;1.6;-7.1;;-2.0;;;4.6;;;;;0.9;;;-5.3;;;;-6.2;;;4.6;;;8.8;;;;;;;;;;;;;;;;;;;;;;;;;-8.3;-5.5;;;;;;;;;;;;;;;;;;;;;;;;;;;;-1.6;1.7;3.2;-3.1;3.0;1.3;0.8;8.5;3.1;2.2;-6.7;-3.1;4.3
2024-08-28;;4.7;;;;;;;1.0;-2.2;-2.2;1.5;;-2.4;;2.0;;-3.8;;;-3.2;-4.0;-8.1;;;;;;;;;;;;;;;2.4;;;-2.4;;;;;;;;;;;;;;;;;;-7.1;;;;;;;;;;;;;;;;;;;;;;;;;;;;;;;;;;;;;;;;;;-2.4;;;;-0.9;;;;;;;;;;;;;;;;;;;;;;;;;;;;;;;;;;;;;4.1;1.2;1.9;2.2;;;1.4;;4.2;;;;0.3;;;;;3.0;;;1.4;-6.1;;;;;;7.3;8.1;;;;7.1;;;-6.1;3.8;0.7;2.1;;1.1;-1.2;-1.4;2.6;1.5;;;;;;;;;;;;;;;;;;-2.8;;-3.2;;;;;;;;;;;;;;;;;;;;;1.4;-0.7;-3.0;3.8;4.8;;;;;;-3.1;;;;;;;-1.9;-3.7;-1.6;;0.8;-6.1;;-5.0;;;;-2.1;;;-1.1;1.5;-7.2;;-2.0;;;4.6;;;;;0.9;;;-5.3;;;;-6.2;;;4.6;;;8.9;;;;;;;;;;;;;;;;;;;;;;;;;-8.4;-5.6;;;;;;;;;;;;;;;;;;;;;;;;;;;;-1.6;1.7;3.2;-3.1;3.0;1.4;0.8;8.6;3.1;2.2;-6.7;-3.0;4.3
2024-08-29;;4.8;;;;;;;1.1;-2.2;-2.2;1.5;;-2.5;;2.0;;-3.7;;;-3.1;-4.0;-8.3;;;;;;;;;;;;;;;2.5;;;-2.4;;;;;;;;;;;;;;;;;;-7.2;;;;;;;;;;;;;;;;;;;;;;;;;;;;;;;;;;;;;;;;;;-2.4;;;;-0.9;;;;;;;;;;;;;;;;;;;;;;;;;;;;;;;;;;;;;4.1;1.1;1.9;2.3;;;1.3;;4.2;;;;0.4;;;;;3.0;;;1.6;-6.0;;;;;;7.3;8.0;;;;7.2;;;-6.2;3.8;0.7;2.0;;1.2;-1.3;-1.3;2.6;1.6;;;;;;;;;;;;;;;;;;-2.7;;-3.3;;;;;;;;;;;;;;;;;;;;;1.4;-0.7;-3.1;3.7;4.8;;;;;;-3.1;;;;;;;-1.8;-3.7;-1.5;;0.8;-6.1;;-5.0;;;;-2.1;;;-1.1;1.6;-7.0;;-1.9;;;4.7;;;;;0.9;;;-5.2;;;;-6.2;;;4.6;;;8.8;;;;;;;;;;;;;;;;;;;;;;;;;-8.3;-5.4;;;;;;;;;;;;;;;;;;;;;;;;;;;;-1.6;1.6;3.2;-3.1;2.9;1.5;0.9;8.6;3.2;2.2;-6.7;-3.0;4.3
2024-08-30;;4.9;;;;;;;1.1;-2.2;-2.2;1.4;;-2.5;;1.9;;-3.7;;;-3.1;-4.0;-8.4;;;;;;;;;;;;;;;2.3;;;-2.5;;;;;;;;;;;;;;;;;;-7.3;;;;;;;;;;;;;;;;;;;;;;;;;;;;;;;;;;;;;;;;;;-2.4;;;;-0.9;;;;;;;;;;;;;;;;;;;;;;;;;;;;;;;;;;;;;4.1;1.2;1.9;2.4;;;1.3;;4.2;;;;0.5;;;;;2.9;;;1.4;-6.0;;;;;;7.3;8.1;;;;7.2;;;-6.3;3.9;0.8;2.1;;1.2;-1.2;-1.3;2.6;1.5;;;;;;;;;;;;;;;;;;-2.7;;-3.4;;;;;;;;;;;;;;;;;;;;;1.5;-0.6;-3.0;3.8;4.9;;;;;;-3.1;;;;;;;-1.8;-3.7;-1.5;;0.8;-6.0;;-5.0;;;;-2.2;;;-1.2;1.6;-6.9;;-1.9;;;4.7;;;;;0.9;;;-5.2;;;;-6.2;;;4.6;;;8.8;;;;;;;;;;;;;;;;;;;;;;;;;-8.3;-5.5;;;;;;;;;;;;;;;;;;;;;;;;;;;;-1.6;1.7;;-3.1;2.9;1.4;0.9;8.6;3.2;2.2;-6.7;-3.0;4.3
2024-08-31;;4.9;;;;;;;1.0;-2.1;-2.1;1.4;;-2.5;;1.9;;-3.8;;;-3.1;-3.9;-8.5;;;;;;;;;;;;;;;2.4;;;-2.5;;;;;;;;;;;;;;;;;;-7.3;;;;;;;;;;;;;;;;;;;;;;;;;;;;;;;;;;;;;;;;;;-2.5;;;;-0.9;;;;;;;;;;;;;;;;;;;;;;;;;;;;;;;;;;;;;4.1;1.2;2.0;2.4;;;1.4;;4.2;;;;0.5;;;;;2.9;;;1.5;-5.9;;;;;;7.4;8.0;;;;7.2;;;-6.3;3.9;0.7;2.0;;1.3;-1.2;-1.3;2.6;1.6;;;;;;;;;;;;;;;;;;-2.7;;-3.4;;;;;;;;;;;;;;;;;;;;;1.5;-0.6;-3.0;3.8;5.0;;;;;;-3.1;;;;;;;-1.8;-3.8;-1.4;;0.8;-6.0;;-5.0;;;;-2.3;;;-1.2;1.7;-7.0;;-1.9;;;4.7;;;;;0.9;;;-5.2;;;;-6.2;;;4.6;;;8.8;;;;;;;;;;;;;;;;;;;;;;;;;-8.3;-5.2;;;;;;;;;;;;;;;;;;;;;;;;;;;;-1.5;1.7;;-3.1;3.0;1.5;0.9;8.5;3.2;2.2;-6.7;-3.1;4.4
2024-09-01;;4.8;;;;;;;1.0;;-2.2;1.3;;-2.5;;1.9;;-3.9;;;-3.2;-4.0;-8.6;;;;;;;;;;;;;;;2.4;;;-2.5;;;;;;;;;;;;;;;;;;-7.3;;;;;;;;;;;;;;;;;;;;;;;;;;;;;;;;;;;;;;;;;;-2.5;;;;-0.9;;;;;;;;;;;;;;;;;;;;;;;;;;;;;;;;;;;;;4.1;1.0;2.0;2.3;;;1.4;;4.1;;;;0.4;;;;;2.9;;;1.6;-6.0;;;;;;7.5;8.0;;;;7.2;;;-6.4;3.8;0.7;1.9;;1.2;-1.3;-1.3;2.6;1.5;;;;;;;;;;;;;;;;;;-2.7;;-3.4;;;;;;;;;;;;;;;;;;;;;1.5;-0.5;-2.9;3.8;5.0;;2.8;1.3;;;-3.1;;;;;;;-1.8;-3.8;-1.4;;0.7;-6.0;;-5.1;;;;-2.3;;;-1.2;1.7;-6.9;;-2.0;;;4.6;;;;;0.9;;;-5.3;;;;-6.2;;;4.6;;;8.8;;;;;;;;;;;;;;;;;;;;;;;;;-8.4;-5.2;;;;;;;;;;;;;;;;;;;;;;;;;;;;-1.4;1.7;;-3.0;3.0;1.5;0.9;8.5;3.1;2.2;-6.7;-3.2;4.4
2024-09-02;;4.9;;;;;;;0.9;;-2.3;1.2;;-2.6;;1.9;;-3.9;;;-3.2;-4.0;-8.6;;;;;;;;;;;;;;;2.4;;;-2.5;;;;;;;;;;;;;;;;;;-7.4;;;;;;;;;;;;;;;;;;;;;;;;;;;;;;;;;;;;;;;;;;-2.5;;;;-0.9;;;;;;;;;;;;;;;;;;;;;;;;;;;;;;;;;;;;;4.2;1.0;2.1;2.4;;;1.5;;4.2;;;;0.5;;;;;3.0;;;1.7;3.0;;;;;;7.5;8.1;;;;7.3;;;-6.4;3.9;0.6;1.9;;1.2;-1.3;-1.2;2.6;1.5;;;;;;;;;;;;;;;;;;-2.6;;-3.4;;;;;;;;;;;;;;;;;;;;;1.5;-0.5;-3.0;3.8;5.0;;2.9;1.3;;;-3.1;;;;;;;-1.7;-3.7;-1.4;;0.7;-5.9;;-5.1;;;;-2.3;;;-1.2;1.7;-7.0;;-2.0;;;4.7;;;;;0.9;;;-5.3;;;;-6.2;;;4.6;;;8.9;;;;;;;;;;;;;;;;;;;;;;;;;-8.4;-5.2;;;;;;;;;;;;;;;;;;;;;;;;;;;;-1.4;1.7;;-2.9;3.0;1.4;0.9;8.5;3.1;2.3;-6.6;-3.1;4.5
2024-09-03;;5.0;;;1.6;;;;;;-2.3;1.2;;-2.6;;1.8;;-4.1;;;-3.2;-4.0;-8.6;;;;;;;;;;;;;;;2.5;;;-2.5;;;;;;;;;;;;;;;;;;;;;;;;;;;;;;;;;;;;;;;;;;;;;;;;;;-1.0;;;;;;;;;;-2.5;;;;-0.9;;;;;;;;;;;;;;;;;;;;;;;;;;;;;;;;;;;;;4.2;1.1;2.1;2.4;;;1.5;;4.3;;;;0.6;;;;;3.1;;;1.8;3.0;;;;;;7.6;8.2;;;;7.3;;;-6.4;3.9;0.7;2.0;;1.2;-1.3;-1.2;2.7;1.6;;;;;;;;;;;;;;;;;;-2.6;;-3.3;;;;;;;;;;;;;;;;;;;;;1.5;-0.6;-3.0;3.8;4.9;;2.7;1.2;;;-3.1;;;;;;;-1.6;-3.7;-1.5;;0.6;-5.9;;-5.0;;;;-2.2;;;-1.2;1.8;-6.9;;-1.9;;;4.7;;;;;0.9;;;-5.2;;;;-6.2;;;4.6;;;8.9;;;;;;;;;;;;;;;;;;;;;;;;;-8.4;-5.6;;;;;;;;;;;;;;;;;;;;;;;;;;;;-1.4;1.7;3.1;-3.0;3.0;1.5;1.0;8.6;3.1;2.3;-6.6;-3.1;4.5
2024-09-04;;5.1;;;1.5;;;;;;-2.3;1.3;;-2.5;;1.9;;-4.2;;;-3.1;-3.9;-8.5;;;;;;;;;;;;;;;2.5;;;-2.5;;;;;;;;;;;;;;;;;;;;;;;;;;;;;;;;;;;;;;;;;;;;;;;;;;-0.8;;;;;;;;;;-2.5;;;;-0.9;;;;;;;;;;;;;;;;;;;;;;;;;;;;;;;;;;;;;4.2;1.2;2.1;2.5;;;1.5;;4.4;;;;0.7;;;;;3.1;;;2.0;2.9;;;;;;7.5;8.3;;;;7.3;;;-6.3;3.8;0.7;2.0;;1.2;-1.2;-1.2;2.7;1.6;;;;;;;;;;;;;;;;;;-2.5;;-3.4;;;;;;;;;;;;;;;;;;;;;1.4;-0.5;-3.0;3.7;4.9;;2.8;1.1;;;-3.1;;;;;;;-1.5;-3.5;-1.5;;0.6;-5.8;;-4.9;;;;-2.1;;;-1.1;1.8;-7.0;;-1.9;;;4.7;;;;;1.0;;;-5.2;;;;-6.2;;;4.6;;;8.9;;;;;;;;;;;;;;;;;;;;;;;;;-8.4;-5.9;;;;;;;;;;;;;;;;;;;;;;;;;;;;-1.4;1.7;;-3.0;3.1;1.4;1.0;8.6;3.1;2.3;-6.6;-3.1;4.5
2024-09-05;;5.0;;;1.4;;;;;;-2.2;1.3;;-2.4;;1.8;;-4.1;;;-3.0;-3.9;-8.5;;;;;;;;;;;;;;;2.6;;;-2.4;;;;;;;;;;;;;;;;;;-7.4;;;;;;;;;;;;;;;;;;;;;;;;;;;;;;;;-0.8;;;;;;;;;;-2.5;;;;-0.9;;;;;;;;;;;;;;;;;;;;;;;;;;;;;;;;;;;;;4.2;1.1;2.1;2.5;;;1.5;;4.4;;;;0.7;;;;;3.1;;;2.1;2.9;;;;;;7.4;8.1;;;;7.2;;;-6.4;3.7;0.7;2.0;;1.2;-1.2;-1.3;2.6;1.6;;;;;;;;;;;;;;;;;;-2.4;;-3.3;;;;;;;;;;;;;;;;;;;;;1.4;-0.5;-2.9;3.8;5.0;;2.9;1.0;;;-3.0;;;;;;;-1.4;-3.5;-1.6;;0.6;-5.9;;-5.0;;;;-2.1;;;-1.1;1.9;-7.1;;-2.0;;;4.6;;;;;0.9;;;-5.3;;;;-6.2;;;4.6;;;8.9;;;;;;;;;;;;;;;;;;;;;;;;;-8.3;-6.2;;;;;;;;;;;;;;;;;;;;;;;;;;;;-1.4;1.7;;-2.9;3.1;1.4;0.9;8.6;;;-6.7;-3.1;4.6
2024-09-06;;5.1;;;1.6;;;;;;-2.2;1.4;;-2.4;;1.8;;-4.1;;;-3.0;;-8.5;;;;;;;;;;;;;;;2.7;;;-2.5;;;;;;;;;;;;;;;;;;-7.4;;;;;;;;;;;;;;;;;;;;;;;;;;;;;;;;-0.7;;;;;;;;;;-2.5;;;;-0.9;;;;;;;;;;;;;;;;;;;;;;;;;;;;;;;;;;;;;4.2;1.0;2.1;2.4;;;1.5;;4.5;;;;0.7;;;;;3.2;;;1.9;2.9;;;;;;7.4;8.1;;;;7.1;;;-6.5;3.7;0.6;1.9;;1.1;-1.3;-1.5;2.6;1.6;;;;;;;;;;;;;;;;;;-2.3;;-3.3;;;;;;;;;;;;;;;;;;;;;1.3;-0.5;-3.0;3.8;5.0;;3.0;0.9;;;-3.0;;;;;;;-1.4;-3.5;-1.6;;0.6;-5.9;;-5.1;;;;-2.3;;;-1.1;1.9;-7.3;;-2.0;;;4.6;;;;;0.9;;;-5.3;;;;-6.2;;;4.6;;;8.9;;;;;;;;;;;;;;;;;;;;;;;;;-8.3;-6.4;;;;;;;;;;;;;;;;;;;;;;;;;;;;-1.5;1.7;3.2;-2.9;3.1;1.4;0.9;8.6;;;-6.7;-3.0;4.6
2024-09-07;;5.2;;;1.6;;;;;;-2.2;1.4;;-2.4;;1.7;;-4.3;;;-3.0;;-8.5;;;;;;;;;;;;;;;2.6;;;-2.4;;;;;;;;;;;;;;;;;;-7.5;;;;;;;;;;;;;;;;;;;;;;;;;;;;;;;;-0.6;;;;;;;;;;-2.6;;;;-1.0;;;;;;;;;;;;;;;;;;;;;;;;;;;;;;;;;;;;;4.2;0.9;1.9;2.3;;;1.5;;4.5;;;;0.7;;;;;3.2;;;2.2;2.9;;;;;;7.4;7.9;;;;7.0;;;-6.6;3.5;0.6;1.8;;1.1;-1.2;-1.5;2.5;1.4;;;;;;;;;;;;;;;;;;-2.2;;-3.3;;;;;;;;;;;;;;;;;;;;;1.3;-0.5;-2.9;3.8;5.1;;2.9;0.8;;;-3.0;;;;;;;-1.5;-3.5;-1.7;;0.5;-5.9;;-5.1;;;;-2.2;;;-1.1;1.8;-7.3;;-2.0;;;4.6;;;;;0.9;;;-5.3;;;;-6.2;;;4.6;;;8.9;;;;;;;;;;;;;;;;;;;;;;;;;-8.3;-6.6;;;;;;;;;;;;;;;;;;;;;;;;;;;;-1.5;1.7;3.2;-3.0;3.1;1.4;0.8;8.6;;;-6.7;-3.0;4.6
2024-09-08;;5.1;;;1.4;;;;;;-2.2;1.4;;-2.4;;1.6;;-4.3;;;-3.0;;-8.4;;;;;;;;;;;;;;;2.7;;;-2.4;;;;;2.9;;;;;;;;;;;;;-7.6;;;;;;;;;;;;;;;;;;;;;;;;;;;;;;;;-0.7;;;;;;;;;;-2.6;;;;-1.0;;;;;;;;;;;;;;;;;;;;;;;;;;;;;;;;;;;;;4.3;1.0;1.9;2.3;;;1.6;;4.5;;;;0.7;;;;;3.2;;;2.1;2.9;;;;;;7.3;7.9;;;;7.1;;;-6.7;3.6;0.6;1.9;;1.0;-1.2;-1.4;2.4;1.5;0.1;;;;;;;;;;;;;;;;;-2.2;;-3.3;;;;;;;;;;;;;;;;;;;;;1.2;-0.4;-2.9;3.8;5.0;;3.0;0.7;;;-3.1;;;;;;;-1.4;-3.5;-1.7;;0.5;-5.9;;-5.1;;;;-2.2;;;-1.1;1.9;-7.4;;-2.1;;;4.6;;;;;0.9;;;-5.3;;;;-6.2;;;4.6;;;8.9;;;;;;;;;;;;;;;;;;;;;;;;;-8.4;-6.9;;;;;;;;;;;;;;;;;;;;;;;;;;;;-1.7;1.8;3.2;-3.0;3.1;1.4;0.7;8.6;;;-6.7;-3.0;4.7
2024-09-09;;5.1;;;1.4;;;;;;-2.2;1.5;-1.7;-2.5;;1.6;;-4.3;;;-3.0;;;;;;;;;;;;;;;;;2.8;;;-2.4;;;;;2.8;;;;;;;;;;;;;-7.6;;;;;;;;;;;;;;;;;;;;;;;;;;;;;;;;-0.7;;;;;;;;;;-2.6;;;;-1.0;;;;;;;;;;;;;;;;;;;;;;;;;;;;;;;;;;;;;4.3;1.0;1.8;2.2;;;1.5;;4.5;;;;0.7;;;;;3.2;;;2.3;2.9;;;;;;7.2;8.0;;;;7.1;;;-6.7;3.7;0.6;1.9;;1.0;-1.3;-1.3;2.5;1.4;0.1;;;;;;;;;;;;;;;;;-2.2;;-3.3;;;;;;;;;;;;;;;;;;;;;1.1;-0.4;-3.0;3.8;5.1;;2.9;0.8;;;-3.1;;;;;;;-1.4;-3.4;-1.7;;0.5;-5.8;;-5.2;;;;-2.2;;;-1.2;1.9;-7.4;;-1.9;;;4.6;;;;;0.9;;;-5.3;;;;-6.2;;;4.6;;;8.9;;;;;;;;;;;;;;;;;;;;;;;;;-8.2;-6.6;;;;;;;;;;;;;;;;;;;;;;;;;;;;-2.0;1.8;3.2;-3.1;3.1;1.4;0.7;8.6;;;-6.6;-3.0;4.7
2024-09-10;;5.0;;;1.7;;;;;;-2.1;1.4;-1.7;-2.4;;1.6;;-4.3;;;-2.9;;-8.0;;;;;;;;;;;;;;;2.8;;;-2.5;;;;;2.7;;;;;;;;;;;;;;;;;;;;;;;;;;;;;;;;;;;;;;;;;;;;;-0.8;;;;;;;;;;-2.6;;;;-1.0;;;;;;;;;;;;;;;;;;;;;;;;;;;;;;;;;;;;;4.2;0.9;1.8;2.2;;;1.4;;4.4;;;;0.6;;;;;3.2;;;2.3;2.9;;;;;;7.1;8.1;;;;7.1;;;-6.6;3.7;0.5;1.9;;1.1;-1.3;-1.2;2.5;1.3;0.1;;;;;;;;;;;;;;;;;-2.3;;-3.4;;;;;;;;;;;;;;;;;;;;;1.1;-0.4;-2.9;3.7;5.1;;2.9;0.8;;;-3.1;;;;;;;-1.2;-3.3;-1.8;;0.5;-5.7;;-5.0;;;;-2.1;;;-1.1;1.9;-7.5;;-1.9;;;4.6;;;;;0.9;;;-5.3;;;;-6.2;;;4.6;;;8.8;;;;;;;;;;;;;;;;;;;;;;;;;-8.2;-6.5;;;;;;;;;;;;;;;;;;;;;;;;;;;;-2.0;1.8;3.3;-3.1;3.1;1.4;0.7;8.6;;;-6.6;-3.1;4.7
2024-09-11;;5.0;;;1.7;;;;;;-2.1;1.6;-1.7;-2.4;;1.8;;-3.9;;;-2.9;;-8.0;;;;;;;;;;;;;;;2.8;;;-2.5;;;;;2.6;;;;;;;;;;;;;;;;;;;;;;;;;;;;;;;;;;;;;;;;;;;;;-0.8;;;;;;;;;;-2.6;;;;-0.9;;;;;;;;;;;;;;;;;;;;;;;;;;;;;;;;;;;;;4.2;0.9;1.8;2.2;;;1.4;;4.3;;;;0.6;;;;;3.2;;;2.1;2.8;;;;;;2.7;8.2;;;;7.1;;;-6.6;3.6;0.5;1.8;;1.2;-1.2;-1.3;2.5;1.3;0.0;;;;;;;;;;;;;;;;;-2.3;;-3.5;;;;;;;;;;;;;;;;;;;;;1.0;-0.4;-2.9;3.6;5.2;;2.9;0.8;;;-3.1;;;;;;;-1.1;-3.3;-1.7;;0.5;-5.7;;-5.0;;;;-2.1;;;-1.1;2.0;-7.3;;-1.8;;;4.5;;;;;0.9;;;-5.3;;;;-6.1;;;4.6;;;8.9;;;;;;;;;;;;;;;;;;;;;;;;;-8.2;-6.7;;;;;;;;;;;;;;;;;;;;;;;;;;;;-2.0;1.7;3.3;-3.1;3.2;;0.9;8.6;;;-6.6;-3.1;4.7
2024-09-12;;5.0;;;2.3;;;;;;-2.0;1.7;-1.7;-2.2;;1.8;;-3.8;;;-2.9;;-7.9;;;;;;;;;;;;;;;2.9;;;-2.5;;;;;2.6;;;;;;;;;;;;;-7.7;;;;;;;;;;;;;;;;;;;;;;;;;;;;;;;;-0.7;;;;;;;;;;-2.6;;;;-1.0;;;;;;;;;;;;;;;;;;;;;;;;;;;;;;;;;;;;;4.1;0.9;1.7;2.2;;;1.3;;4.3;;;;0.6;;;;;3.3;3.9;-3.5;2.1;2.8;;;;;;2.7;2.3;;;;7.2;;;-6.6;3.6;0.6;1.8;;1.2;-1.2;-1.3;2.5;1.3;0.0;;;;;;;;;;;;;;;;;-2.2;;-3.5;;;;;;;;;;;;;;;;;;;;;1.0;-0.4;-2.9;3.6;5.2;;2.8;0.7;;;-3.1;;;;;;;-1.1;-3.3;-1.8;;0.5;-5.6;;-4.9;;;;-1.9;;;-1.1;2.0;-7.3;;-1.8;;;4.5;;;;;0.9;;;-5.3;;;;-6.1;;;4.5;;;8.9;;;;;;;;;;;;;;;;;;;;;;;;;-8.2;-6.4;;;;;;;;;;;;;;;;;;;;;;;;;;;;-2.0;1.7;3.4;-3.0;3.2;1.6;0.9;8.6;;;-6.6;-3.1;4.7
2024-09-13;;5.1;;;2.8;;;;;;-2.1;1.7;-1.7;-2.1;;1.9;;-3.8;;;-2.9;-3.7;-7.7;;;;;;;;;;;;;;;3.0;;;-2.4;;;;;2.6;;;;;;;;;;;;;-7.6;;;;;;;;;;;;;;;;;;;;;;;;;;;;;;;;-0.7;;;;;;;;;;-2.6;;;;-1.0;;;;;;;;;;;;;;;;;;;;;;;;;;;;;;;;;;;;;4.1;0.9;1.8;2.1;;;1.4;;4.4;;;;0.5;;;;-0.4;3.4;3.9;-3.5;2.0;2.8;;;;;;2.7;2.4;;;;7.2;;;-6.6;3.7;0.6;1.8;;1.2;-1.3;-1.3;2.6;1.2;0.1;;;;;;;;;;;;;;;;;-2.1;;-3.5;;;;;;;;;;;;;;;;;;;;;1.0;-0.4;-2.9;3.7;5.2;;2.8;0.7;;;-3.1;;;;;;;-0.9;-3.3;-1.9;;0.4;-5.6;;-5.0;;;;-2.0;;;-1.1;1.9;-7.1;;-1.8;;;4.5;;;;;0.9;;;-5.3;;;;-6.1;;;4.5;;;8.9;;;;;;;;;;;;;;;;;;;;;;;;;-8.0;-6.2;;;;;;;;;;;;;;;;;;;;;;;;;;;;-2.0;1.8;3.4;-3.1;3.1;1.6;0.8;8.6;;;-6.6;-3.2;4.7
2024-09-14;;5.2;;;2.6;;;;;;-2.1;1.6;-1.8;-2.1;;1.9;;-3.8;;;-2.9;-3.9;-7.4;;;;;;;;;;;;;;;2.9;;;-2.4;;;;;2.6;;;;;;;;;;;;;-7.5;;;;;;;;;;;;;;;;;;;;;;;;;;;;;;;;-0.7;;;;;;;;;;-2.6;;;;-1.0;;;;;;;;;;;;;;;;;;;;;;;;;;;;;;;;;;;;;4.2;0.9;1.7;2.1;;;1.4;;4.4;;;;0.5;;;;-0.4;3.4;4.1;-3.5;2.0;2.7;;;;;;2.6;2.4;;;;7.1;;;-6.5;3.6;0.6;1.8;;1.1;-1.3;-1.4;2.6;1.2;0.1;;;;;;;;;;;;;;;;;-2.1;;-3.5;;;;;;;;;;;;;;;;;;;;;0.9;-0.4;-2.8;3.7;5.3;;2.8;0.8;;;-3.1;;;;;;;-0.9;-3.4;-1.8;;0.4;-5.6;;-4.9;;;;-2.1;;;-1.1;2.0;-7.0;;-1.7;;;4.5;;;;;1.0;;;-5.3;;;;-6.1;;;4.5;;;8.9;;;;;;;;;;;;;;;;;;;;;;;;;-7.8;-6.2;;;;;;;;;;;;;;;;;;;;;;;;;;;;-2.1;1.7;3.5;-3.1;3.1;1.6;0.7;8.6;;;-6.5;-3.2;4.7
2024-09-15;;5.2;;;2.8;;;;;;-2.1;1.7;-1.8;-2.1;;1.9;;-3.9;;;-2.9;-4.0;-7.1;;;;;;;;;;;;;;;2.9;;;-2.4;;;;;2.6;;;;;;;;;;;;;-7.6;;;;;;;;;;;;;;;;;;;;;;;;;;;;;;;;-0.6;;;;;;;;;;-2.5;;;;-1.1;;;;;;;;;;;;;;;;;;;;;;;;;;;;;;;;;;;;;4.2;1.1;1.6;2.1;;;1.3;;4.4;;;;0.6;;;;-0.3;3.4;4.1;-3.5;2.0;2.7;;;;;;2.5;2.4;;;;7.1;;;-6.6;3.6;0.5;1.8;;1.2;-1.3;-1.4;2.7;1.2;0.1;;;;;;;;;;;;;;;;;-2.2;;-3.6;;;;;;;;;;;;;;;;;;;;;0.9;-0.4;-2.8;3.7;;;2.8;0.9;;;-3.1;;;;;;;-0.8;-3.4;-1.8;;0.3;-5.6;;-4.8;;;;-2.1;;;-1.1;2.0;-7.0;;-1.8;;;4.5;;;;;0.9;;;-5.3;;;;-6.1;;;4.5;;;8.9;;;;;;;;;;;;;;;;;;;;;;;;;-7.9;-6.1;;;;;;;;;;;;;;;;;;;;;;;;;;;;-2.0;1.8;3.5;-3.1;3.0;1.7;0.6;8.6;;;-6.6;-3.2;4.7
2024-09-16;;5.3;;;2.8;;;;;;-2.0;1.6;-1.8;-2.1;;2.1;;-3.7;;;-2.9;-4.1;-6.9;;;;;;;;;;;;;;;2.9;;;-2.3;;;;;2.5;;;;;;;;;;;;;-7.7;;;;;;;;;;;;;;;;;;;;;;;;;;;;;;;;-0.6;;;;;;;;;;-2.5;;;;-1.0;;;;;;;;;;;;;;;;;;;;;;;;;;;;;;;;;;;;;4.1;1.2;1.5;2.1;;;1.3;;4.4;;;;0.7;;;;0.0;3.3;4.0;-3.6;2.0;2.7;;;;;;2.6;2.4;;;;7.2;;;-6.4;3.6;0.5;1.9;;1.3;-1.2;-1.4;2.7;1.2;0.1;;;;;;;;;;;;;;;;;-2.1;;-3.5;;;;;;;;;;;;;;;;;;;;;0.8;-0.4;-2.8;3.8;;;2.8;1.0;;;-3.1;;;;;;;-0.8;-3.3;-1.9;;;-5.7;;-4.8;;;;-2.1;;;-1.1;2.0;-7.0;;-1.7;;;4.5;;;;;1.0;;;-5.4;;;;-6.1;;;4.5;;;8.9;;;;;;;;;;;;;;;;;;;;;;;;;-7.9;-6.2;;;;;;;;;;;;;;;;;;;;;;;;;;;;-2.0;1.8;3.6;-3.0;3.0;;0.6;8.6;;;-6.5;-3.2;4.7
2024-09-17;;5.3;;;2.8;;;;;;-2.0;1.8;-1.8;-2.0;;2.2;;-3.7;;;-2.9;-4.0;-6.8;;;;;;;;;;;;;;;2.9;;;-2.3;;;;;2.4;;;;;;;;;;;;;-7.7;;;;;;;;;;;;;;;;;;;;;;;;;;;;;;;;-0.4;;;;;;;;;;-2.5;;;;-1.1;;;;;;;;;;;;;;;;;;;;;;;;;;;;;;;;;;;;;4.1;1.3;1.5;2.1;;;1.3;;4.4;;;;0.7;;;;0.7;3.4;4.0;-3.6;2.0;2.7;;;;;;2.6;2.5;;;;7.3;;;-6.4;3.7;0.5;1.9;;1.3;-1.2;-1.3;2.8;1.2;0.2;;;;;;;;;;;;;;;;;-2.1;;-3.5;;;;;;;;;;;;;;;;;;;;;0.8;-0.3;-2.9;3.8;;;3.0;1.0;;;-3.0;;;;;;;-0.8;-3.4;-1.9;;0.3;-5.7;;-5.0;;;;-2.1;;;-1.1;2.0;-7.0;;-1.8;;;4.5;;;;;1.0;;;-5.4;;;;-6.0;;;4.5;;;8.9;;;;;;;;;;;;;;;;;;;;;;;;;-7.9;-6.2;;;;;;;;;;;;;;;;;;;;;;;;;;;;-1.9;1.7;3.6;-3.0;3.0;1.6;0.6;8.6;;;-6.5;-3.2;4.8
2024-09-18;;5.4;;;2.1;;;;;;-2.0;1.8;-1.9;-1.9;;2.1;;-3.8;;;-2.8;-4.0;-6.6;;;;;;;;;;;;;;;2.9;;;-2.3;;;;;2.4;;;;;;;;;;;;;-7.7;;;;;;;;;;;;;;;;;;;;;;;;;;;;;;;;-0.3;;;;;;;;;;-2.5;;;;-1.1;;;;;;;;;;;;;;;;;;;;;;;;;;;;;;;;;;;;;4.2;1.3;1.4;2.2;;;1.3;;4.5;;;;0.6;;;;0.7;3.3;3.9;-3.6;1.9;2.7;;;;;;2.5;2.7;;;;7.3;;;-6.4;3.7;0.5;1.9;;1.3;-1.1;-1.3;2.8;1.2;0.3;;;;;;;;;;;;;;;;;-2.2;;-3.4;;;;;;;;;;;;;;;;;;;;;0.8;-0.3;-2.8;3.8;;;3.0;1.0;;;-3.0;;;;;;;-0.6;-3.4;-1.9;;0.2;-5.7;;-4.9;;;;-2.1;;;-1.1;2.0;-7.0;;-1.7;;;4.5;;;;;1.0;;;-5.4;;;;-6.0;;;4.4;;;8.8;;;;;;;;;;;;;;;;;;;;;;;;;-7.9;-6.5;;;;;;;;;;;;;;;;;;;;;;;;;;;;-2.0;1.7;3.6;-3.0;2.9;;0.6;8.6;;;-6.5;-3.2;4.7
2024-09-19;;5.4;;;2.1;;;;;;-1.8;1.9;-1.9;-1.8;;2.1;;-4.0;;;-2.8;-4.0;-6.3;;;;;;;;;;;;;;;2.9;;;-2.3;;;;;2.5;;;;;;;;;;;;;-7.8;;;;;;;;;;;;;;;;;;;;;;;;;;;;;;;;-0.2;;;;;;;;;;-2.5;;;;-1.1;;;;;;;;;;;;;;;;;;;;;;;;;;;;;;;;;;;;;4.1;1.2;1.2;2.0;;;1.3;;4.5;;;;0.6;;;;0.7;3.2;4.0;-3.6;1.9;2.6;;;;;;2.3;2.6;;;;3.3;;;-6.4;3.6;0.4;1.8;;1.1;-1.1;-1.4;2.7;1.1;0.2;;;;;;;;;;;;;;;;;-2.2;;-3.4;;;;;;;;;;;;;;;;;;;;;0.8;-0.4;-2.8;3.8;;;3.1;1.1;;;-3.0;;;;;;;-0.6;-3.4;-1.9;;0.2;-5.7;;-5.0;;;;-2.1;;;-1.0;2.0;-6.9;;-1.6;;;4.5;;;;;1.1;;;-5.4;;;;-5.9;;;4.4;;;8.8;;;;;;;;;;;;;;;;;;;;;;;;;-7.9;-6.7;;;;;;;;;;;;;;;;;;;;;;;;;;;;-2.1;1.8;3.6;-2.9;2.9;;0.4;8.6;;;-6.5;-3.2;4.7
2024-09-20;;5.4;;;1.5;;;;;;-1.8;2.0;-1.9;-1.6;;2.2;;-4.0;;;-2.7;-4.0;-6.1;;;;;;;;;;;;;;;3.0;;;-2.3;;;;;2.6;;;;;;;;;;;;;-7.7;;;;;;;;;;;;;;;;;;;;;;;;;;;;;;;;-0.2;;;;;;;;;;-2.5;;;;-1.2;;;;;;;;;;;;;;;;;;;;;;;;;;;;;;;;;;;;;4.1;1.3;1.4;2.2;;;1.3;;4.5;;;;0.6;;;;0.8;3.1;4.1;-3.6;1.9;2.7;;;;;;2.5;2.7;;;;3.4;;;-6.4;3.7;0.3;1.9;;1.1;-1.1;-1.3;2.7;1.0;0.2;;;;;;;;;;;;;;;;;-2.2;;-3.4;;;;;;;;;;;;;;;;;;;;;0.8;-0.3;-2.9;3.8;;;3.2;1.2;;;-2.9;;;;;;;-0.5;-3.3;-2.0;;0.2;-5.7;;-4.9;;;;-2.1;;;-1.1;2.0;-6.8;;-1.6;;;4.5;;;;;1.1;;;-5.4;;;;-5.9;;;4.5;;;8.8;;;;;;;;;;;;;;;;;;;;;;;;;-7.9;-6.8;;;;;;;;;;;;;;;;;;;;;;;;;;;;-2.4;1.7;3.7;-2.9;2.8;;0.3;8.7;;;-6.5;-3.2;4.8
2024-09-21;;5.5;;;1.1;;;;;;-1.8;2.2;-1.9;-1.4;;2.2;;-3.9;;;-2.7;-4.0;-5.7;;;;;;;;;;;;;;;3.1;;;-2.3;;;;;2.7;;;;;;;;;;;;;-7.7;;;;;;;;;;;;;;;;;;;;;;;;;;;;;;;;-0.1;;;;;;;;;;-2.5;;;;-1.2;;;;;;;;;;;;;;;;;;;;;;;;;;;;;;;;;;;;;4.1;1.2;1.3;2.1;;;1.4;;4.6;;;;0.6;;;;0.8;3.1;4.1;-3.6;2.0;2.7;;;;;;2.4;2.5;;;;3.3;;;-6.6;3.6;0.2;1.8;;1.1;-1.1;-1.4;2.7;0.9;0.2;;;;;;;;;;;;;;;;;-2.2;;-3.5;;;;;;;;;;;;;;;;;;;;;0.7;-0.4;-3.0;3.8;;;3.3;1.2;;;-2.9;;;;;;;-0.6;-3.4;-2.0;;0.2;-5.8;;-5.0;;;;-2.2;;;-1.2;2.0;-6.8;;-1.5;;;4.5;;;;;1.1;;;-5.4;;;;-5.9;;;4.4;;;8.8;;;;;;;;;;;;;;;;;;;;;;;;;-7.9;-7.0;;;;;;;;;;;;;;;;;;;;;;;;;;;;-2.4;1.7;3.6;-2.8;2.8;;0.4;8.7;;;-6.5;-3.1;4.8
2024-09-22;;5.5;;;0.9;;;;;;-1.8;2.1;-1.9;-1.4;;2.1;;-3.9;;;-2.8;-4.0;-5.6;;;;;;;;;;;;;;;3.0;;;-2.4;;;;;2.8;;;;;;;;;;;;;-7.6;;;;;;;;;;;;;;;;;;;;;;;;;;;;;;;;-0.1;;;;;;;;;;-2.4;;;;-1.2;;;;;;;;;;;;;;;;;;;;;;;;;;;;;;;;;;;;;4.0;1.1;1.2;1.9;;;1.4;;4.6;;;;0.5;;;;0.7;3.0;4.2;-3.5;2.0;2.6;;;;;;2.2;2.3;;;;3.3;;;-6.6;3.5;0.1;1.8;;1.0;-1.2;-1.6;2.6;0.8;0.1;;;;;;;;;;;;;;;;;-2.2;;-3.6;;;;;;;;;;;;;;;;;;;;;;;;;;;3.2;1.1;;;-2.9;;;;;;;-0.6;-3.4;-2.1;;0.2;-5.8;;-5.0;;;;-2.3;;;-1.2;2.0;-7.1;;-1.5;;;4.5;;;;;1.1;;;-5.5;;;;-5.9;;;4.4;;;8.8;;;;;;;;;;;;;;;;;;;;;;;;;-7.9;-7.0;;;;;;;;;;;;;;;;;;;;;;;;;;;;-2.7;1.6;3.6;-2.8;2.8;;0.4;8.7;;;-6.5;-3.1;4.8
2024-09-23;;5.4;;;1.0;;;;;;-1.9;2.0;-1.9;-1.6;;2.1;;-3.9;;;-2.9;-4.1;-5.7;;;;;;;;;;;;;;;3.0;;;-2.4;;;;;2.9;;;;;;;;;;;;;-7.6;;;;;;;;;;;;;;;;;;;;;;;;;;;;;;;;-0.2;;;;;;;;;;-2.5;;;;-1.2;;;;;;;;;;;;;;;;;;;;;;;;;;;;;;;;;;;;;3.9;0.9;1.1;1.8;;;1.3;;4.5;;;;0.5;;;;0.4;3.0;4.2;-3.6;2.0;2.6;;;;;;2.2;2.3;;;;3.3;;;-6.6;3.4;-0.1;1.7;;0.9;-1.3;-1.6;2.6;0.6;0.1;;;;;;;;;;;;;;;;;-2.2;;-3.7;;;;;;;;;;;;;;;;;;;;;;;;;;;3.2;1.0;;;-3.0;;;;;;;-0.8;-3.5;-2.2;;0.3;-6.0;;-5.1;;;;-2.5;;;-1.2;2.0;-7.0;;-1.6;;;4.5;;;;;1.1;;;-5.5;;;;-5.9;;;4.4;;;8.7;;;;;;;;;;;;;;;;;;;;;;;;;-7.9;-7.0;;;;;;;;;;;;;;;;;;;;;;;;;;;;-2.9;1.6;3.6;-2.8;2.8;;;8.8;;;-6.4;-3.1;4.8
2024-09-24;;5.3;;;1.0;;;;;;-1.9;2.0;-1.9;-1.6;;2.1;;-3.9;;;-2.9;-4.1;-5.7;;;;;;;;;;;;;;;3.0;;;-2.4;;;;;3.0;;;;;;;;;;;;;-7.6;;;;;;;;;;;;;;;;;;;;;;;;;;;;;;;;-0.3;;;;;;;;;;-2.5;;;;-1.3;;;;;;;;;;;;;;;;;;;;;;;;;;;;;;;;;;;;;3.8;1.0;1.0;1.9;;;1.2;;4.5;;;;0.3;;;;0.2;3.1;4.1;-3.6;2.2;2.4;;;;;;2.1;2.2;;;;3.3;;;-6.6;3.4;-0.2;1.6;;1.0;-1.2;-1.6;2.6;0.7;0.1;;;;;;;;;;;;;;;;;-2.4;;-3.7;;;;;;;;;;;;;;;;;;;;;0.7;-0.3;-3.0;3.9;;;3.2;1.0;;;-2.8;;;;;;;-0.9;-3.6;-2.3;;0.4;-6.2;;-5.3;;;;-2.5;;;-1.3;1.9;-7.2;;-1.8;;;4.5;;;;;1.1;;;-5.5;;;;-5.9;;;4.4;;;8.7;;;;;;;;;;;;;;;;;;;;;;;;;-7.9;-6.6;;;;;;;;;;;;;;;;;;;;;;;;;;;;-3.1;1.6;3.6;-2.8;2.7;;0.5;8.7;;;-6.4;-3.1;4.8
2024-09-25;;5.3;;;1.0;;;;;;-1.9;1.9;-1.9;-1.7;;2.1;;-4.0;;;-2.9;-4.1;-5.9;;;;;;;;;;;;;;;2.9;;;-2.4;;;;;3.0;;;;;;;;;;;;;-7.7;;;;;;;;;;;;;;;;;;;;;;;;;;;;;;;;-0.2;;;;;;;;;;-2.5;;;;-1.3;;;;;;;;;;;;;;;;;;;;;;;;;;;;;;;;;;;;;3.8;1.1;1.1;2.0;;;1.2;;4.5;;;;0.2;;;;-0.1;3.1;4.2;-3.6;2.2;2.4;;;;;;2.2;2.1;;;;3.3;;;-6.5;3.3;-0.1;1.5;;1.0;-1.2;-1.6;2.6;0.6;0.1;;;;;;;;;;;;;;;;;-2.4;;-3.8;;;;;;;;;;;;;;;;;;;;;0.6;-0.3;-3.0;3.9;5.4;;3.3;1.1;;;-2.7;;;;;;;-0.9;-3.7;-2.3;;0.4;-6.3;;-5.4;;;;-2.6;;;-1.3;1.8;-7.2;;-1.8;;;4.5;;;;;1.1;;;-5.5;;;;-5.8;;;4.4;;;8.7;;;;;;;;;;;;;;;;;;;;;;;;;-8.0;-6.5;;;;;;;;;;;;;;;;;;;;;;;;;;;;-3.0;1.6;3.6;-2.8;2.7;1.7;0.5;8.7;;;-6.4;-3.1;4.7
2024-09-26;;5.3;;;1.0;;;;;;-2.0;1.8;-2.0;-1.7;;2.1;;-4.0;;;-2.9;-4.2;-6.0;;;;;;;;;;;;;;;;;;-2.3;;;;;2.9;;;;;;;;;;;;;-7.7;;;;;;;;;;;;;;;;;;;;;;;;;;;;;;;;-0.1;;;;;;;;;;-2.5;;;;-1.2;;;;;;;;;;;;;;;;;;;;;;;;;;;;;;;;;;;;;3.8;1.1;1.1;2.0;;;;;4.5;;;;0.2;;;;-0.4;3.1;4.3;-3.7;2.1;2.4;;;;;;2.2;2.2;;;;3.3;;;-6.5;;0.1;1.6;;1.0;-1.1;-1.6;2.7;0.8;0.1;;;;;;;;;;;;;;;;;-2.4;;-3.8;;;;;;;;;;;;;;;;;;;;;0.6;-0.3;-3.0;3.9;5.5;;3.4;1.2;;;-2.6;;;;;;;-0.7;-3.7;-2.2;;0.4;-6.4;;-5.4;;;;-2.6;;;-1.3;1.8;-7.1;;-1.7;;;4.5;;;;;1.1;;;-5.5;;;;-5.8;;;4.4;;;8.7;;;;;;;;;;;;;;;;;;;;;;;;;-8.1;-6.6;;;;;;;;;;;;;;;;;;;;;;;;;;;;-2.9;1.6;3.6;-2.7;2.7;1.6;0.5;8.7;;;-6.3;-3.2;4.7
2024-09-27;;5.3;;;1.2;;;;;;-1.9;1.9;-2.0;-1.7;;2.1;;-3.9;;;-2.8;-4.0;-6.1;;;;;;;;;;;;;;;3.0;;;-2.3;;;;;3.0;;;;;;;;;;;;;-7.7;;;;;;;;;;;;;;;;;;;;;;;;;;;;;;;;-0.1;;;;;;;;;;-2.5;;;;-1.2;;;;;;;;;;;;;;;;;;;;;;;;;;;;;;;;;;;;;3.8;1.3;1.0;2.0;;;1.2;;4.5;;;;0.1;;;;-0.4;3.1;4.4;-3.7;2.2;2.4;;;;;;2.2;2.4;;;;3.3;;;-6.5;3.4;0.2;1.7;;1.1;-1.0;-1.5;2.7;0.8;0.1;;;;;;;;;;;;;;;;;-2.4;;-3.9;;;;;;;;;;;;;;;;;;;;;0.5;-0.3;-3.1;3.9;5.5;;3.3;1.0;;;-2.5;;;;;;;-0.8;-3.6;-2.2;;0.5;-6.4;;-5.4;;;;-2.5;;;-1.2;1.8;-7.1;;-1.6;;;4.5;;;;;1.1;;;-5.5;;;;-5.8;;;4.4;;;8.7;;;;;;;;;;;;;;;;;;;;;;;;;-8.0;-6.5;;;;;;;;;;;;;;;;;;;;;;;;;;;;-3.1;1.5;;-2.7;2.7;1.6;0.5;8.7;;;-6.4;-3.3;4.7
2024-09-28;;5.2;;;1.2;;;;;;-1.9;1.8;-2.0;-1.7;;2.1;;-3.7;;;-2.8;-4.0;-6.1;;;;;;;;;;;;;;;3.0;;;-2.2;;;;;3.0;;;;;;;;;;;;;-7.6;;;;;;;;;;;;;;;;;;;;;;;;;;;;;;;;0.0;;;;;;;;;;-2.5;;;;-1.2;;;;;;;;;;;;;;;;;;;;;;;;;;;;;;;;;;;;;3.7;1.3;1.0;1.9;;;1.2;;4.5;;;;0.0;;;;-0.6;3.0;4.5;-3.6;2.1;2.4;;;;;;2.0;2.3;;;;3.3;;;-6.5;3.3;0.0;1.6;;0.9;-1.0;-1.7;2.7;0.8;0.1;;;;;;;;;;;;;;;;;-2.3;;-3.9;;;;;;;;;;;;;;;;;;;;;0.6;-0.3;-3.1;3.8;5.6;;3.3;;;;-2.3;;;;;;;-0.6;-3.5;-2.2;;0.6;-6.4;;-5.2;;;;-2.5;;;-1.2;1.8;-6.8;;-1.7;;;4.5;;;;;1.1;;;-5.6;;;;-5.8;;;4.4;;;8.7;;;;;;;;;;;;;;;;;;;;;;;;;-7.9;-6.4;;;;;;;;;;;;;;;;;;;;;;;;;;;;-3.2;1.5;;-2.7;2.7;1.5;0.4;8.7;;;-6.3;-3.4;4.6
2024-09-29;;5.2;;;1.2;;;;;-2.4;-1.9;1.8;-2.0;-1.7;;2.1;;-4.0;;;-2.8;-4.0;-6.2;;;;;;;;;;;;;;;3.0;;;-2.1;;;;;3.1;;;;;;;;;;;;;-7.6;;;;;;;;;;;;;;;;;;;;;;;;;;;;;;;;0.0;;;;;;;;;;-2.5;;;;-1.1;;;;;;;;;;;;;;;;;;;;;;;;;;;;;;;;;;;;;3.6;1.4;1.0;1.9;;;1.0;;4.4;;;;-0.1;;;;-0.6;3.0;4.5;-3.6;2.0;2.4;;;;;;2.0;2.3;;;;3.2;;;-6.6;3.4;0.2;1.7;;0.8;-1.0;-1.5;2.7;0.9;0.2;;;;;;;;;;;;;;;;;-2.4;;-4.0;;;;;;;;;;;;;;;;;;;;;0.6;-0.3;-3.2;3.8;5.6;;3.4;;;;-2.3;;;;;;;-0.6;-3.6;-2.2;-3.9;0.6;-6.3;;-5.3;;;;-2.5;;;-1.2;1.8;-6.7;;-1.8;;;4.5;;;;;1.2;;;-5.6;;;;-5.7;;;4.4;;;8.7;;;;;;;;;;;;;;;;;;;;;;;;;-7.8;-6.3;;;;;;;;;;;;;;;;;;;;;;;;;;;;-3.2;1.5;;;2.7;1.6;0.4;8.6;;;-6.3;-3.4;4.6
2024-09-30;;5.1;;;1.1;;;;;-2.4;-1.9;1.9;-2.1;-1.8;;2.1;;-4.4;;;-2.9;-4.0;-6.2;;;;;;;;;;;;;;;3.0;;;-2.0;;;;;3.1;;;;;;;;;;;;;-7.7;;;;;;;;;;;;;;;;;;;;;;;;;;;;;;;;0.0;;;;;;;;;;-2.5;;;;-1.2;;;;;;;;;;;;;;;;;;;;;;;;;;;;;;;;;;;;;3.5;1.4;1.0;1.8;;;0.9;;4.4;;;;-0.1;;;;-1.2;3.0;4.4;-3.7;2.1;2.3;;;;;;1.9;2.1;;;;3.0;;;-6.6;3.4;0.1;1.6;;0.8;-1.0;-1.7;2.7;0.9;0.2;;;;;;;;;;;;;;;;;-2.4;;-4.0;;;;;;;;;;;;;;;;;;;;;0.6;-0.3;-3.2;3.8;5.5;;3.5;;;;-2.4;;;;;;;-0.7;-3.6;-2.3;-4.0;0.7;-6.4;;-5.4;;;;-2.7;;;-1.2;1.7;-6.8;;-2.0;;;4.5;;;;;1.2;;;-5.6;;;;-5.7;;;4.4;;;8.6;;;;;;;;;;;;;;;;;;;;;;;;;-7.8;-6.1;;;;;;;;;;;;;;;;;;;;;;;;;;;;-3.3;1.5;;-2.8;2.7;1.6;0.4;8.5;;;;-3.4;4.6
2024-10-01;;5.1;;;1.0;;;;;-2.3;-1.9;2.0;-2.1;-1.9;;2.1;;-4.6;;;-2.8;-3.8;-6.2;;;;;;;;;;;;;;;2.9;;;-2.0;;;;;3.1;;;;;;;;;;;;;-7.7;;;;;;;;;;;;;;;;;;;;;;;;;;;;;;;;0.0;;;;;;;;;;-2.5;;;;-1.2;;;;;;;;;;;;;;;;;;;;;;;;;;;;;;;;;;;;;3.4;1.3;0.9;1.9;;;0.9;;4.4;;;;-0.2;;;;-1.3;2.9;4.4;-3.7;2.1;2.2;;;;;;1.9;2.1;;;;3.0;;;-6.7;3.3;0.0;1.6;;0.8;-1.0;-1.7;2.6;0.9;0.2;;;;;;;;;;;;;;;;;-2.4;;-3.9;;;;;;;;;;;;;;;;;;;;;0.6;-0.3;-3.2;3.9;5.6;;3.5;;;;-2.4;;;;;;;-0.8;-3.7;-2.3;-4.2;0.7;-6.6;;-5.4;;;;-2.6;;;-1.2;1.7;-6.9;;-2.0;;;4.5;;;;;1.1;;;-5.6;;;;-5.7;;;4.4;;;8.6;;;;;;;;;;;;;;;;;;;;;;;;;-7.8;-6.2;;;;;;;;;;;;;;;;;;;;;;;;;;;;;;;-2.7;2.7;1.5;0.3;8.6;;;;-3.4;4.7
2024-10-02;;5.1;;;;;;;;-2.4;-2.0;1.9;-2.0;-2.0;;2.0;;;;;-2.9;;-6.3;;;;;;;;;;;;;;;3.0;;;-1.8;;;;;3.1;;;;;;;;;;;;;-7.7;;;;;;;;;;;;;;;;;;;;;;;;;;;;;;;;-0.1;;;;;;;;;;-2.4;;;;-1.2;;;;;;;;;;;;;;;;;;;;;;;;;;;;;;;;;;;;;3.3;1.3;0.9;1.8;;;0.9;;4.4;;;;-0.1;;;;-1.8;2.9;4.4;-3.7;2.2;2.2;;;;;;1.9;2.2;;;;3.0;;;-6.7;3.2;-0.1;1.6;;0.7;-1.1;-1.7;2.6;0.9;0.2;;;;;;;;;;;;;;;;;-2.3;;-3.9;;;;;;;;;;;;;;;;;;;;;0.5;-0.3;-3.2;3.9;5.5;;3.6;;;;-2.3;;;;;;;-0.9;-3.8;-2.5;-4.4;;-6.7;;-5.5;;;;-2.6;;;-1.2;1.7;-6.9;;-2.1;;;4.5;;;;;1.1;;;-5.6;;;;-5.7;;;4.4;;;8.7;;;;;;;;;;;;;;;;;;;;;;;;;-8.0;-6.6;;;;;;;;;;;;;;;;;;;;;;;;;;;;-3.5;1.5;;-2.7;2.8;1.4;0.4;8.6;;;;-3.3;4.7
2024-10-03;;5.2;;;;;;;;-2.6;;;;;;2.0;;;;;-2.8;;-6.4;;;;;;;;;;;;;;;2.9;;;-1.9;;;;;3.0;;;;;;;;;;;;;-7.7;;;;;;;;;;;;;;;;;;;;;;;;;;;;;;;;-0.3;;;;;;;;;;-2.5;;;;-1.1;;;;;;;;;;;;;;;;;;;;;;;;;;;;;;;;;;;;;3.2;1.1;0.9;1.8;;;0.9;;4.4;;;;-0.1;;;;-2.1;2.9;4.4;-3.7;2.1;2.2;;;;;;2.0;2.2;;;;3.0;;;-6.9;3.2;-0.2;1.7;;0.7;-1.0;-1.8;2.6;0.9;0.2;;;;;;;;;;;;;;;;;-2.4;;-4.0;;;;;;;;;;;;;;;;;;;;;0.6;-0.3;-3.1;3.9;5.5;;3.7;;;;-2.3;;;;;;;-0.9;-3.9;-2.6;-4.2;0.8;-6.7;;-5.6;;;;-2.6;;;-1.2;1.7;-6.9;;-2.1;;;4.5;;;;;1.1;;;-5.6;;;;-5.7;;;4.4;;;8.7;;;;;;;;;;;;;;;;;;;;;;;;;-7.8;-6.8;;;;;;;;;;;;;;;;;;;;;;;;;;;;-3.6;1.5;;-2.6;2.8;1.3;0.4;8.7;;;;-3.3;4.8
2024-10-04;;5.3;;;;;;;;-2.6;;;;;;2.0;;;;;-2.8;;-6.5;;;;;;;;;;;;;;;2.9;;;-1.9;;;;;2.9;;;;;;;;;;;;;-7.7;;;;;;;;;;;;;;;;;;;;;;;;;;;;;;;;-0.3;;;;;;;;;;-2.5;;;;-1.2;;;;;;;;;;;;;;;;;;;;;;;;;;;;;;;;;;;;;3.0;1.0;0.8;1.7;;;0.8;;4.4;;;;-0.2;;;;-6.1;2.9;4.4;-3.7;2.1;2.2;;;;;;1.9;2.1;;;;3.0;;;-7.0;3.2;-0.4;1.5;;0.7;-1.1;-1.8;2.5;0.9;0.2;;;;;;;;;;;;;;;;;-2.5;;-4.1;;;;;;;;;;;;;;;;;;;;;0.7;-0.3;-3.1;3.9;5.4;;3.6;0.9;;;-2.3;;;;;;;-0.9;-3.8;-2.5;-4.2;0.9;-6.8;;-5.6;;;;-2.7;;;-1.1;1.7;-6.9;;-1.9;;;4.4;;;;;1.1;;;-5.6;;;;-5.7;;;4.4;;;8.8;;;;;;;;;;;;;;;;;;;;;;;;;-7.8;-6.8;;;;;;;;;;;;;;;;;;;;;;;;;;;;-3.7;1.5;;-2.6;2.8;1.4;0.4;8.7;;;-6.2;-3.3;4.7
2024-10-05;;5.6;;;;;;;;-2.5;;;;;;2.0;;;;;-3.0;;-6.9;;;;;;;;;;;;;;;2.9;;;-1.9;;;;;3.0;;;;;;;;;;;;;-7.6;;;;;;;;;;;;;;;;;;;;;;;;;;;;;;;;-0.5;;;;;;;;;;-2.5;;;;-1.2;;;;;;;;;;;;;;;;;;;;;;;;;;;;;;;;;;;;;3.0;0.9;0.9;1.7;;;0.8;;4.3;;;;-0.3;;;;-5.6;2.9;4.4;-3.7;2.1;2.1;;;;;;2.0;2.1;;;;3.0;;;-7.0;3.1;-0.4;1.5;;0.5;-1.0;-1.8;2.5;0.9;0.2;;;;;;;;;;;;;;;;;-2.5;;-4.1;;;;;;;;;;;;;;;;;;;;;0.7;-0.2;-3.1;4.0;5.3;;3.6;0.9;;;-2.2;;;;;;;-1.0;-3.9;-2.7;-4.3;1.0;-7.0;;-5.6;;;;-2.6;;;-1.1;1.7;-6.8;;-1.9;;;4.4;;;;;1.1;;;-5.6;;;;-5.7;;;4.4;;;8.7;;;;;;;;;;;;;;;;;;;;;;;;;-7.9;-6.7;;;;;;;;;;;;;;;;;;;;;;;;;;;;-3.4;1.5;;-2.6;2.8;1.4;0.4;8.7;;;-6.2;-3.3;4.7
2024-10-06;;5.6;;;;;;;;-2.5;;;;;;1.9;;;;;-3.0;;-7.2;;;;;;;;;;;;;;;2.9;;;-1.8;;;;;3.1;;;;;;;;;;;;;-7.6;;;;;;;;;;;;;;;;;;;;;;;;;;;;;;;;-0.6;;;;;;;;;;-2.4;;;;-1.1;;;;;;;;;;;;;;;;;;;;;;;;;;;;;;;;;;;;;2.9;0.9;0.9;1.7;;;0.7;;4.4;;;;-0.5;;;;-6.3;2.9;4.5;-3.7;2.2;2.1;;;;;;2.0;2.1;;;;3.0;;;-6.9;2.9;-0.4;1.5;;0.5;-0.9;-1.7;2.7;0.8;0.1;;;;;;;;;;;;;;;;;-2.5;;-4.1;;;;;;;;;;;;;;;;;;;;;0.7;-0.3;-3.1;4.0;5.4;;3.6;0.9;;;-2.0;;;;;;;-1.0;-3.9;-2.7;-4.3;1.0;-7.0;;-5.6;;;;-2.6;;;-1.1;1.7;-7.1;;-2.1;;;4.5;;;;;1.1;;;-5.7;;;;-5.7;;;4.4;;;8.8;;;;;;;;;;;;;;;;;;;;;;;;;-8.0;-6.5;;;;;;;;;;;;;;;;;;;;;;;;;;;;-3.2;1.5;;-2.6;2.9;1.5;0.5;8.6;;;-6.1;-3.3;4.7
2024-10-07;;5.5;;;;;;;;-2.5;;;;;;1.9;;;;;-3.2;;-7.3;;;-7.5;0.4;;;;;;;;;;;2.8;;;-1.7;;;;;3.0;;;;;;;;;;;;;-7.6;;;;;;;;;;;;;;;;;;;;;;;;;;;;;;;;-0.7;;;;;;;;;;-2.5;;;;-1.1;;;;;;;;;;;;;;;;;;;;;;;;;;;;;;;;;;;;;3.0;1.1;0.8;1.6;;;0.7;;4.4;;;;-0.6;;;;-5.8;2.8;4.6;-3.7;2.2;2.0;;;;;;2.1;2.0;;;;3.1;;;-6.8;2.8;-0.4;1.5;;0.5;-0.9;-1.8;2.7;0.7;0.1;;;;;;;;;;;;;;;;;-2.5;;-4.1;;;;;;;;;;;;;;;;;;;;;0.7;-0.3;-3.0;3.9;5.4;;3.6;1.1;;;-1.7;;;;;;;-1.2;-4.0;-2.8;-4.4;1.0;-7.1;;-5.8;;;;-2.7;;;-1.1;1.8;-7.2;;-2.4;;;4.4;;;;;1.1;;;-5.7;;;;-5.7;;;4.4;;;8.8;;;;;;;;;;;;;;;;;;;;;;;;;-7.9;-6.4;;;;;;;;;;;;;;;;;;;;;;;;;;;;-3.3;1.5;;-2.6;2.9;1.4;0.4;8.7;;;-6.1;-3.3;4.7
2024-10-08;;5.5;;;;;;;;-2.5;;;;;;2.0;;;;;-3.2;;-7.4;;-2.4;-7.6;0.4;;;;;;;;;;;2.8;;;-1.6;;;;;3.0;;;;;;;;;;;;;-7.6;;;;;;;;;;;;;;;;;;;;;;;;;;;;;;;;-0.8;;;;;;;;;;-2.4;;;;-1.1;;;;;;;;;;;;;;;;;;;;;;;;;;;;;;;;;;;;;3.0;1.1;0.8;1.6;;;0.8;;;;;;-0.6;;;;-6.2;2.8;4.7;-3.8;2.2;1.9;;;;;;2.1;2.1;;;;3.1;;;-6.9;2.9;-0.3;1.5;;0.5;-1.0;-1.7;2.6;0.8;0.0;;;;;;;;;;;;;;;;;-2.6;;-4.1;;;;;;;;;;;;;;;;;;;;;0.7;-0.3;-3.1;3.9;5.3;;3.6;1.1;;;-1.6;;;;;;;-1.2;-4.0;-2.9;-4.4;1.0;-7.1;;-6.0;;;;-2.7;;;-1.1;1.8;-7.2;;-2.5;;;4.5;;;;;1.1;;;-5.7;;;;-5.8;;;4.4;;;8.8;;;;;;;;;;;;;;;;;;;;;;;;;-8.1;-6.4;;;;;;;;;;;;;;;;;;;;;;;;;;;;-3.1;1.4;;-2.6;3.0;1.4;0.3;8.7;;;-6.0;-3.3;4.7
2024-10-09;;5.5;;;;;;;;;;;;;;;;;;;;;;;-2.5;-7.6;0.4;;;;;;;;;;;2.9;;;-1.6;;;;;3.0;;;;;;;;;;;;;-7.7;;;;;;;;;;;;;;;;;;;;;;;;;;;;;;;;-0.7;;;;;;;;;;-2.5;;;;-1.1;;;;;;;;;;;;;;;;;;;;;;;;;;;;;;;;;;;;;3.0;1.2;0.7;1.6;;;0.8;;;;;;-0.5;;;;-6.3;2.8;4.9;-3.8;2.3;;;;;;;2.1;2.1;;;;3.2;;;-6.8;;-0.3;1.5;;0.4;-0.9;-1.7;;0.9;0.1;;;;;;;;;;;;;;;;;-2.6;;-4.1;;;;;;;;;;;;;;;;;;;;;0.7;-0.3;-3.1;3.8;5.3;;3.6;1.2;;;-1.6;;;;;;;;-4.0;;;1.0;;;;;;;-2.7;;;-1.1;;;;-2.5;;;4.5;;;;;1.1;;;-5.7;;;;-5.8;;;4.4;;;8.7;;;;;;;;;;;;;;;;;;;;;;;;;-8.1;-6.6;;;;;;;;;;;;;;;;;;;;;;;;;;;;-3.0;1.4;;-2.6;3.0;1.4;0.5;8.6;;;-6.0;-3.3;4.7
2024-10-10;;5.4;;;;;;;;-2.5;;;;;;1.9;;;;;-3.3;;-7.7;;-2.2;-7.6;0.4;;;;;;;;;;;2.9;;;-1.6;;;;;3.0;;;;;;;;;;;;;-7.7;;;;;;;;;;;;;;;;;;;;;;;;;;;;;;;;-0.8;;;;;;;;;;-2.5;;;;-1.1;;;;;;;;;;;;;;;;;;;;;;;;;;;;;;;;;;;;;3.0;1.1;0.7;1.6;;;0.8;;4.4;;;;-0.6;;;;-6.4;2.9;5.1;-3.8;2.3;2.0;;;;;;2.2;1.9;;;;3.0;;;-6.8;;-0.3;1.6;;0.3;-0.9;-1.7;2.6;0.9;0.0;;;;;;;;;;;;;;;;;-2.6;;-4.1;;;;;;;;;;;;;;;;;;;;;0.8;-0.3;-3.1;3.9;5.3;;3.7;1.5;;;-1.7;;;;;;;-1.2;-4.0;-2.9;-4.5;0.9;-7.0;;-6.1;;;;-2.7;;;-1.1;1.8;-7.6;;-2.4;;;4.5;;;;;1.1;;;-5.8;;;;-5.8;;;4.4;;;8.6;;;;;;;;;;;;;;;;;;;;;;;;;-8.1;-6.6;;;;;;;;;;;;;;;;;;;;;;;;;;;;-3.0;1.3;;-2.6;3.0;1.4;0.5;8.6;;;-6.0;-3.4;4.7
2024-10-11;;5.3;;;;;;;;-2.4;;;;;;1.7;;;;;-3.4;;-8.0;;-2.2;-7.6;0.4;;;;;;;;;;;2.9;;;-1.6;;;;;2.9;;;;;;;;;;;;;-7.8;;;;;;;;;;;;;;;;;;;;;;;;;;;;;;;;-0.8;;;;;;;;;;-2.5;;;;-1.1;;;;;;;;;;;;;;;;;;;;;;;;;;;;;;;;;;;;;3.1;1.0;0.8;1.7;;;0.8;;4.4;;;;-0.6;;;;-6.4;2.8;5.2;-3.8;2.2;2.1;;;;;;2.2;1.8;;;;3.1;;;-6.7;2.9;-0.3;1.6;;0.3;-1.0;-1.6;2.6;0.8;-0.1;;;;;;;;;;;;;;;;;-2.6;;-4.2;;;;;;;;;;;;;;;;;;;;;0.9;-0.3;-3.1;3.9;5.3;;3.7;1.5;;;-1.4;;;;;;;-1.2;-4.1;-2.9;-4.6;1.0;-7.0;;-6.0;;;;-2.7;;;-1.0;1.8;-7.7;;-2.5;;;4.5;;;;;1.0;;;-5.7;;;;-5.8;;;4.4;;;8.6;;;;;;;;;;;;;;;;;;;;;;;;;-8.1;-6.6;;;;;;;;;;;;;;;;;;;;;;;;;;;;-3.0;1.2;;-2.6;3.0;1.4;0.5;8.5;;;-5.9;-3.4;4.7
2024-10-12;;5.3;;;;;;;;-2.4;;;;;;1.7;;;;;-3.3;;-8.3;;-2.5;-7.6;0.6;;;;;;;;;;;3.0;;;-1.6;;;;;2.8;;;;;;;;;;;;;-7.9;;;;;;;;;;;;;;;;;;;;;;;;;;;;;;;;-1.1;;;;;;;;;;-2.5;;;;-1.0;;;;;;;;;;;;;;;;;;;;;;;;;;;;;;;;;;;;;3.1;1.0;0.8;1.8;;;0.8;;4.4;;;;-0.7;;;;-6.2;2.8;5.2;-3.8;2.2;2.0;;;;;;2.3;2.0;;;;3.2;;;-6.4;3.0;-0.1;1.7;;0.3;-1.1;-1.6;2.6;0.7;0.0;;;;;;;;;;;;;;;;;-2.5;;-4.3;;;;;;;;;;;;;;;;;;;;;0.9;-0.3;-3.1;4.0;5.2;;3.7;1.5;;;-1.1;;;;;;;-1.3;-4.1;-2.9;-4.4;;-7.1;;-6.0;;;;-2.7;;;-1.0;1.8;-7.8;;-2.4;;;4.5;;;;;1.0;;;-5.7;;;;-5.8;;;4.4;;;8.6;;;;;;;;;;;;;;;;;;;;;;;;;-8.2;-6.9;;;;;;;;;;;;;;;;;;;;;;;;;;;;-3.0;1.2;;-2.6;3.0;1.2;0.6;8.4;;;-5.9;-3.6;4.8
2024-10-13;;5.4;;;;;;;;-2.5;;;;;;1.7;;;;;-3.3;;-8.4;;-2.2;-7.5;0.7;;;;;;;;;;;3.1;;;-1.5;;;;;2.8;;;;;;;;;;;;;-7.9;;;;;;;;;;;;;;;;;;;;;;;;;;;;;;;;-1.1;;;;;;;;;;-2.5;;;;-1.1;;;;;;;;;;;;;;;;;;;;;;;;;;;;;;;;;;;;;3.1;0.9;0.8;1.9;;;0.8;;4.4;;;;-0.8;;;;-6.0;2.8;5.3;-3.8;2.4;2.0;;;;;;2.3;2.2;;;;3.3;;;-6.3;3.0;-0.1;1.8;;0.3;-1.1;-1.7;2.7;0.7;0.1;;;;;;;;;;;;;;;;;-2.5;;-4.2;;;;;;;;;;;;;;;;;;;;;0.9;-0.2;-3.1;3.9;5.2;;3.8;1.5;;;-1.0;;;;;;;-1.2;-4.1;-2.9;-4.2;;-7.1;;-5.9;;;;-2.8;;;-1.0;1.7;-7.8;;-2.5;;;4.5;;;;;1.1;;;-5.7;;;;-5.8;;;4.3;;;8.6;;;;;;;;;;;;;;;;;;;;;;;;;-8.3;-6.7;;;;;;;;;;;;;;;;;;;;;;;;;;;;-3.0;1.1;;-2.6;3.0;1.1;0.7;8.5;;;-5.9;-3.6;4.7
2024-10-14;;5.3;;;;;;;;-2.5;;;;;;1.6;;;;;-3.3;;-8.5;;-2.1;;0.8;;;;;;;;;;;3.3;;;-1.5;;;;;2.9;;;;;;;;;;;;;-7.8;;;;;;;;;;;;;;;;;;;;;;;;;;;;;;;;-1.2;;;;;;;;;;;;;;;;;;;;;;;;;;;;;;;;;;;;;;;;;;;;;;;;;;;3.1;0.9;0.9;1.8;;;0.9;;4.4;;;;-0.8;;;;-5.9;2.8;5.6;-3.7;2.3;2.1;;;;;;2.2;2.1;;;;3.3;;;1.7;3.2;-0.2;1.7;;0.3;-1.1;-1.8;2.7;0.7;0.0;;;;;;;;;;;;;;;;;-2.4;;-4.4;;;;;;;;;;;;;;;;;;;;;0.8;-0.2;-3.1;3.9;5.2;;3.9;1.5;;;-1.1;;;;;;;-1.1;-4.1;-2.8;-4.2;;-7.2;;-5.7;;;;-2.9;;;-1.1;1.8;-7.6;;-2.6;;;4.5;;;;;1.1;;;-5.7;;;;-5.8;;;4.3;;;8.6;;;;;;;;;;;;;;;;;;;;;;;;;-8.2;-6.4;;;;;;;;;;;;;;;;;;;;;;;;;;;;-3.1;1.1;;-2.7;3.0;1.2;0.6;8.5;;;-5.9;-3.6;4.7
2024-10-15;;4.9;;;;;;;;-2.5;;;;;;1.5;;;;;-3.1;;-8.4;;-2.0;;0.9;;;;;;;;;;;3.2;;;-1.5;;;;;2.9;;;;;;;;;;;;;-7.8;;;;;;;;;;;;;;;;;;;;;;;;;;;;;;;;-1.2;;;;;;;;;;;;;;;;;;;;;;;;;;;;;;;;;;;;;;;;;;;;;;;;;;;3.1;0.9;0.9;1.8;;;0.9;;4.4;;;;-0.8;;;;-5.8;2.8;6.0;-3.7;2.3;2.0;;;;;;2.2;2.1;;;;3.3;;;1.8;3.1;-0.4;1.7;;0.3;-1.3;-1.8;2.7;0.7;-0.1;;;;;;;;;;;;;;;;;-2.4;;-4.4;;;;;;;;;;;;;;;;;;;;;0.8;-0.2;-3.1;3.9;5.2;;4.0;1.7;;;-1.1;;;;;;;-0.9;-4.0;-2.9;-4.2;;-7.2;;-5.7;;;;-2.8;;;-1.0;1.8;-7.8;;-2.7;;;4.5;;;;;1.1;;;-5.6;;;;-5.8;;;4.3;;;8.6;;;;;;;;;;;;;;;;;;;;;;;;;-8.3;-6.4;;;;;;;;;;;;;;;;;;;;;;;;;;;;-3.1;1.1;;-2.6;3.0;1.2;0.6;8.4;;;-5.8;-3.5;4.8
2024-10-16;;4.9;;;;;;;;-2.5;;;;;;1.6;;;;;-3.1;;-8.3;;-1.9;;0.9;;;;;;;;;;;3.1;;;-1.6;;;;;3.0;;;;;;;;;;;;;-7.9;;;;;;;;;;;;;;;;;;;;;;;;;;;;;;;;-1.2;;;;;;;;;;;;;;;;;;;;;;;;;;;;;;;;;;;;;;;;;;;;;;;;;;;3.1;1.1;1.0;1.9;;;0.7;;4.3;;;;-0.8;;;;-5.8;2.7;6.4;-3.5;2.3;1.9;;;;;;2.2;2.0;;;;3.2;;;1.8;3.0;-0.5;1.5;;0.3;-1.3;-1.8;2.7;0.7;-0.2;;;;;;;;;;;;;;;;;-2.3;;-4.4;;;;;;;;;;;;;;;;;;;;;0.8;-0.3;-3.1;3.8;5.2;;4.1;1.9;;;-1.0;;;;;;;-0.7;-4.0;-2.9;-4.2;;-7.3;;-5.7;;;;-2.8;;;-1.0;1.8;-7.8;;-2.8;;;4.5;;;;;1.1;;;-5.6;;;;-5.8;;;4.3;;;4.7;;;;;;;;;;;;;;;;;;;;;;;;;-8.4;-6.4;;;;;;;;;;;;;;;;;;;;;;;;;;;;-3.2;1.2;;-2.6;3.0;1.0;0.6;8.4;;;-5.9;-3.5;4.8
2024-10-17;;4.9;;;;;;;;-2.5;;;;;;1.6;;;;;-3.1;;-8.3;;-1.9;;1.0;;;;;;;;;;;3.1;;;-1.5;;;;;2.9;;;;;;;;;;;;;-8.0;;;;;;;;;;;;;;;;;;;;;;;;;;;;;;;;-1.3;;;;;;;;;;;;;;;;;;;;;;;;;;;;;;;;;;;;;;;;;;;;;;;;;;;3.2;1.1;1.0;1.9;;;0.8;;4.2;;;;-0.8;;;;-5.8;2.8;6.6;-3.4;2.3;1.8;;;;;;2.2;2.1;;;;3.3;;;2.1;3.0;-0.5;1.5;;0.3;-1.3;-1.8;2.7;0.8;-0.1;;;;;;;;;;;;;;;;;-2.3;;-4.4;;;;;;;;;;;;;;;;;;;;;0.8;-0.3;-3.1;3.8;5.2;;4.1;1.9;;;-1.0;;;;;;;-0.9;-4.0;;;;-7.3;;-5.7;;;;;;;;1.9;-7.9;;-2.9;;;;;;;;1.1;;;-5.6;;;;-5.8;;;4.3;;;4.7;;;;;;;;;;;;;;;;;;;;;;;;;-8.5;-6.7;;;;;;;;;;;;;;;;;;;;;;;;;;;;-3.2;1.2;;-2.6;3.0;1.1;0.6;8.5;;;-5.9;-3.5;4.9
2024-10-18;;4.9;;;;;;;;-2.5;;;;;;1.6;;;;;-3.1;;-8.3;;-1.9;;1.0;;;;;;;;;;;3.2;;;-1.5;;;;;2.9;;;;;;;;;;;;;-8.1;;;;;;;;;;;;;;;;;;;;;;;;;;;;;;;;-1.4;;;;;;;;;;;;;;;;;;;;;;;;;;;;;;;;;;;;;;;;;;;;;;;;;;;3.2;1.0;1.1;1.9;;;0.8;;4.2;;;;-0.8;;;;-6.0;2.8;6.8;-3.4;2.4;1.8;;;;;;2.1;2.0;;;;3.3;;;2.2;3.0;-0.4;1.4;;0.2;-1.3;-1.7;2.5;0.8;-0.2;;;;;;;;;;;;;;;;;-2.4;;-4.4;;;;;;;;;;;;;;;;;;;;;0.8;-0.3;-3.1;3.7;5.2;;4.1;1.5;;;-0.9;;;;;;;-0.9;-3.9;;;1.1;-7.3;;-5.8;;;;;;;;;-7.9;;-2.9;;;;;;;;;;;-5.6;;;;-5.8;;;4.3;;;4.7;;;;;;;;;;;;;;;;;;;;;;;;;-8.5;-6.9;;;;;;;;;;;;;;;;;;;;;;;;;;;;;1.3;;-2.7;3.1;1.2;0.8;8.6;;;-5.9;-3.5;4.9
2024-10-19;;5.0;;;;;;;;-2.4;;;;;;1.8;;;;;-3.1;;-8.5;;-1.8;;0.9;;;;;;;;;;;3.0;;;-1.6;;;;;2.9;;;;;;;;;;;;;-8.1;;;;;;;;;;;;;;;;;;;;;;;;;;;;;;;;-1.5;;;;;;;;;;;;;;;;;;;;;;;;;;;;;;;;;;;;;;;;;;;;;;;;;;;3.2;1.0;1.1;1.8;;;0.7;;4.2;;;;-0.7;;;;-6.3;2.8;1.8;-3.3;2.4;1.8;;;;;;2.1;2.0;;;;3.2;;;2.5;3.1;-0.4;1.5;;0.0;-1.3;-1.7;2.5;0.8;-0.2;;;;;;;;;;;;;;;;;-2.3;;-4.5;;;;;;;;;;;;;;;;;;;;;0.9;-0.2;-3.1;3.7;5.1;;4.1;1.5;;;-0.5;;;;;;;-0.9;-4.0;;;1.1;-7.4;;-5.9;;;;;;;;;-7.9;;-3.0;;;;;;;;;;;-5.6;;;;-5.8;;;4.3;;;4.6;;;;;;;;;;;;;;;;;;;;;;;;;-8.4;-6.9;;;;;;;;;;;;;;;;;;;;;;;;;;;;;1.3;;-2.9;3.0;1.3;0.8;8.6;;;-5.9;-3.6;4.8
2024-10-20;;5.0;;;;;;;;-2.4;;;;;;1.8;;;;;-3.0;;-8.3;;-1.7;;0.7;;;;;;;;;;;3.0;;;-1.7;;;;;2.9;;;;;;;;;;;;;-8.1;;;;;;;;;;;;;;;;;;;;;;;;;;;;;;;;-1.5;;;;;;;;;;;;;;;;;;;;;;;;;;;;;;;;;;;;;;;;;;;;;;;;;;;3.1;1.0;1.1;1.7;;;0.6;;4.2;;;;-0.7;;;;-6.3;2.8;1.7;-3.3;2.2;1.9;;;;;;2.1;2.0;;;;3.3;;;2.7;3.1;-0.5;1.4;;0.0;-1.2;-1.8;2.5;0.7;-0.2;;;;;;;;;;;;;;;;;-2.4;;-4.5;;;;;;;;;;;;;;;;;;;;;1.0;-0.2;-3.1;3.7;5.1;;4.0;1.4;;;-0.5;;;;;;;-0.9;-4.0;;;;-7.4;;-5.9;;;;;;;;;-7.8;;-3.0;;;;;;;;;;;-5.6;;;;-5.8;;;4.3;;;4.5;;;;;;;;;;;;;;;;;;;;;;;;;-8.4;-7.0;;21.4;;;;;;;;;;;;;;;;;;;;;;;;;;;1.4;;-2.9;3.0;1.3;0.9;8.6;;;-5.9;-3.6;4.8
2024-10-21;;5.1;;;;;-7.1;-3.2;;-2.4;;;;;;1.8;;;;;-3.0;;-8.3;;-1.7;;0.8;;;;;;;;;;;3.0;;;-1.6;;;;;2.8;;;;;;;;;;;;;-8.2;;;;;;;;;;;;;;;;;;;;;;;;;;;;;;;;-1.5;;;;;;;;;;;;;;;;;;;;;;;;;;;;;;;;;;;;;;;;;;;;;;;;;;;3.1;1.0;1.1;1.8;;;0.5;;4.2;;;;-0.8;;;;-6.5;2.7;1.7;-3.3;2.2;1.9;;;;;;2.1;2.0;;;;3.4;;;2.9;3.1;-0.5;1.4;;0.1;-1.1;-1.6;2.5;0.8;-0.1;;;;;;;;;;;;;;;;;-2.4;;-4.4;;;;;;;;;;;;;;;;;;;;;1.0;-0.2;-3.1;3.7;5.1;;4.0;1.3;;;-0.6;;;;;;;-0.9;-4.0;;;;-7.5;;-5.9;;;;;;;;;-7.6;;-2.9;;;;;;;;;;;-5.6;;;;-5.8;;;4.4;;;4.4;;;;;;;;;;;;;;;;;;;;;;;;;-8.3;-7.0;;21.5;;;;;;;;;;;;;;;;;;;;;;;;;;;1.4;;-2.9;3.0;1.3;1.0;8.5;;;-5.8;-3.7;4.8
2024-10-22;;5.1;;;;;-7.0;-3.2;;-2.5;;;;;;1.6;;;;;-2.9;;-8.4;;-1.5;;0.9;;;;;;;;;;;3.0;;;-1.6;;;;;2.8;;;;;;;;;;;;;-8.1;;;;;;;;;;;;;;;;;;;;;;;;;;;;;;;;-1.4;;;;;;;;;;;;;;;;;;;;;;;;;;;;;;;;;;;;;;;;;;;;;;;;;;;3.1;1.1;1.2;1.8;;;0.5;;4.3;;;;-0.8;;;;-6.5;2.6;1.2;-3.2;2.2;1.9;;;;;;2.1;2.0;;;;3.3;;;3.0;3.1;-0.4;1.5;;0.2;-1.0;-1.5;2.6;0.8;-0.1;;;;;;;;;;;;;;;;;-2.3;;-4.4;;;;;;;;;;;;;;;;;;;;;1.0;-0.3;-3.1;3.8;5.0;;4.0;1.7;;;-0.6;;;;;;;-0.9;-3.9;;;;-7.4;;-6.0;;;;;;;;;-7.6;;-3.0;;;;;;;;;;;-5.6;;;;-5.7;;;4.4;;;4.3;;;;;;;;;;;;;;;;;;;;;;;;;-8.2;-6.9;;21.6;;;;;;;;;;;;;;;;;;;;;;;;;;;1.4;;-2.9;3.0;1.3;1.1;8.5;;;-5.8;-3.7;4.8
2024-10-23;;5.0;;;;;-6.5;-3.1;;-2.5;;;;;;1.5;;;;;-2.9;;-8.4;;-1.4;;1.0;;;;;;;;;;;3.0;;;-1.6;;;;;2.8;;;;;;;;;;;;;-8.1;;;;;;;;;;;;;;;;;;;;;;;;;;;;;;;;-1.4;;;;;;;;;;;;;;;;;;;;;;;;;;;;;;;;;;;;;;;;;;;;;;;;;;;3.0;1.1;1.2;1.8;;;0.6;;4.2;;;;-0.8;;;;-6.5;2.6;1.4;-3.1;;1.9;;;;;;2.2;2.1;;;;3.4;;;3.0;3.3;-0.5;1.4;;0.1;-0.9;-1.4;2.5;0.9;-0.2;;;;;;;;;;;;;;;;;-2.4;;-4.4;;;;;;;;;;;;;;;;;;;;;1.0;-0.3;-3.1;3.8;5.0;;4.0;1.9;;;-0.4;;;;;;;-0.9;-3.7;;;;-7.4;;-5.8;;;;;;;;;-7.3;;-3.1;;;;;;;;;;;-5.6;;;;-5.7;;;4.4;;;4.2;;;;;;;;;;;;;;;;;;;;;;;;;-8.1;-7.1;;21.6;;;;;;;;;;;;;;;;;;;;;;;;;;;1.4;;-3.1;3.0;1.4;1.1;8.6;;;-5.8;-3.7;4.8
2024-10-24;;4.8;;;;;-6.1;-2.8;;-2.5;;;;;;1.5;;;;;-2.9;;-8.5;;-1.5;;1.1;;;;;;;;;;;3.1;;;-1.7;;;;;2.7;;;;;;;;;;;;;-8.0;;;;;;;;;;;;;;;;;;;;;;;;;;;;;;;;-1.3;;;;;;;;;;;;;;;;;;;;;;;;;;;;;;;;;;;;;;;;;;;;;;;;;;;3.0;1.0;1.3;1.8;;;0.6;;4.2;;;;-0.8;;;;-6.5;2.6;1.8;-3.1;2.4;1.9;;;;;;2.2;2.2;;;;3.4;;;3.1;3.2;-0.6;1.5;;0.1;-0.9;-1.4;2.5;0.8;-0.2;;;;;;;;;;;;;;;;;-2.4;;-4.5;;;;;;;;;;;;;;;;;;;;;0.9;-0.3;-3.2;3.8;5.0;;4.0;1.9;;;-0.4;;;;;;;-1.0;-3.6;;;;-7.4;;-5.9;;;;;;;;;-7.3;;-3.0;;;;;;;;;;;-5.5;;;;-5.7;;;4.4;;;4.1;;;;;;;;;;;;;;;;;;;;;;;;;-8.2;-7.4;;21.6;;;;;;;;;;;;;;;;;;;;;;;;;;;1.4;;-3.2;2.9;1.4;1.0;8.7;;;-5.7;-3.6;4.8
2024-10-25;;4.8;;;;;-5.7;-1.4;;;;;;;;1.6;;;;;-2.8;;-8.5;;-1.4;;1.1;;;;;;;;;;;3.1;;;-1.8;;;;;2.6;;;;;;;;;;;;;-8.0;;;;;;;;;;;;;;;;;;;;;;;;;;;;;;;;-1.3;;;;;;;;;;;;;;;;;;;;;;;;;;;;;;;;;;;;;;;;;;;;;;;;;;;3.0;1.0;1.3;1.7;;;0.7;;4.2;;;;-0.8;;;;-6.4;2.5;2.0;-3.1;2.3;1.8;;;;;;2.1;2.2;;;;3.2;;;3.0;3.2;-0.6;1.4;;0.0;-0.9;-1.5;2.5;0.8;-0.3;;;;;;;;;;;;;;;;;-2.4;;-4.5;;;;;;;;;;;;;;;;;;;;;;-0.3;-3.2;3.8;5.0;;4.0;1.9;;;-0.6;;;;;;;-1.1;-3.6;;;;-7.4;;-5.9;;;;;;;;;-7.4;;-3.2;;;;;;;;;;;-5.5;;;;-5.6;;;4.4;;;4.0;;;;;;;;;;;;;;;;;;;;;;;;;-8.2;-7.7;;21.6;;;;;;;;;;;;;;;;;;;;;;;;;;;1.4;;-3.2;3.0;1.4;1.0;8.7;;;-5.7;-3.7;4.8
2024-10-26;;4.9;;;;;-5.5;-1.3;;;;;;;;1.3;;;;;-2.7;;-8.5;;-1.5;;1.2;;;;;;;;;;;3.2;;;-1.9;;;;;2.6;;;;;;;;;;;;;-8.1;;;;;;;;;;;;;;;;;;;;;;;;;;;;;;;;-1.4;;;;;;;;;;;;;;;;;;;;;;;;;;;;;;;;;;;;;;;;;;;;;;;;;;;2.8;1.0;1.3;1.7;;;0.9;;4.2;;;;-0.7;;;;-6.5;2.5;2.1;-2.9;2.5;1.8;;;;;;2.2;2.2;;;;3.2;;;2.8;3.1;-0.5;1.4;;0.0;-1.0;-1.6;2.5;0.8;-0.3;;;;;;;;;;;;;;;;;-2.3;;-4.5;;;;;;;;;;;;;;;;;;;;;;-0.3;-3.2;3.7;5.0;;4.1;1.8;;;-0.9;;;;;;;-1.1;-3.6;;;;-7.4;;-5.9;;;;;;;;;-7.3;;-3.1;;;;;;;;;;;-5.5;;;;-5.7;;;4.3;;;3.9;;;;;;;;;;;;;;;;;;;;;;;;;-8.1;-7.6;;21.7;;;;;;;;;;;;;;;;;;;;;;;;;;;1.4;;-3.3;2.9;1.3;1.1;8.8;;;-5.7;-3.6;4.8
2024-10-27;;4.9;;;;;-5.5;-1.5;;;;;;;;1.3;;;;;-2.8;;-8.4;;-1.5;;1.3;;;;;;;;;;;3.2;;;-1.8;;;;;2.6;;;;;;;;;;;;;-8.1;;;;;;;;;;;;;;;;;;;;;;;;;;;;;;;;-1.3;;;;;;;;;;;;;;;;;;;;;;;;;;;;;;;;;;;;;;;;;;;;;;;;;;;2.8;0.9;1.2;1.8;;;1.0;;4.1;;;;-0.7;;;;-6.5;2.6;2.2;-2.8;2.4;1.8;;;;;;2.2;2.3;;;;3.2;;;2.9;3.1;-0.5;1.4;;0.0;-1.0;-1.6;2.6;0.8;-0.4;;;;;;;;;;;;;;;;;-2.3;;-4.5;;;;;;;;;;;;;;;;;;;;;;-0.3;-3.2;3.8;5.0;;4.1;1.6;;;-1.1;;;;;;;-1.1;-3.5;;;;-7.5;;-5.9;;;;;;;;;-7.2;;-3.0;;;;;;;;;;;-5.5;;;;-5.6;;;4.3;;;3.8;;;;;;;;;;;;;;;;;;;;;;;;;-8.1;-7.6;;21.8;;;;;;;;;;;;;;;;;;;;;;;;;;;1.5;;-3.3;2.8;1.2;1.1;8.8;;;-5.7;-3.7;4.7
2024-10-28;;5.0;;;;;-5.6;-1.7;;;;;;;;1.2;;;;;-2.7;;-8.4;;-1.5;;1.4;;;;;;;;;;;3.2;;;-1.8;;;;;2.5;;;;;;;;;;;;;-8.1;;;;;;;;;;;;;;;;;;;;;;;;;;;;;;;;-1.2;;;;;;;;;;;;;;;;;;;;;;;;;;;;;;;;;;;;;;;;;;;;;;;;;;;3.0;1.0;1.3;2.0;;;1.2;;4.0;;;;-0.5;;;;-6.5;2.6;2.2;-2.7;2.5;1.9;;;;;;2.2;2.4;;;;3.3;;;3.1;3.3;-0.3;1.5;;0.2;-0.9;-1.5;2.7;0.8;-0.4;;;;;;;;;;;;;;;;;-2.3;;-4.5;;;;;;;;;;;;;;;;;;;;;1.0;-0.3;-3.2;3.8;5.0;;4.0;1.6;;;-1.2;;;;;;;-1.1;-3.5;;;;-7.5;;-5.8;;;;;;;;;-7.1;;-3.0;;;;;;;;;;;-5.5;;;;-5.6;;;4.3;;;3.8;;;;;;;;;;;;;;;;;;;;;;;;;-8.1;-7.8;;21.8;;;;;;;;;;;;;;;;;;;;;;;;;;;1.6;;-3.3;2.9;1.3;1.1;8.8;;;-5.7;-3.6;4.7
2024-10-29;;5.1;;;;;-5.8;-2.0;;-2.5;;;;;;1.2;;;;;-2.6;;-8.4;;;;1.4;;;;;;;;;;;3.3;;;-1.9;;;;;2.4;;;;;;;;;;;;;-8.1;;;;;;;;;;;;;;;;;;;;;;;;;;;;;;;;-1.2;;;;;;;;;;;;;;;;;;;;;;;;;;;;;;;;;;;;;;;;;;;;;;;;;;;3.0;1.1;1.3;2.0;;;1.3;;4.0;;;;-0.4;;;;-6.5;2.6;2.2;-2.6;2.5;1.9;;;;;;2.3;2.6;;;;3.4;;;3.1;3.3;-0.3;1.5;;0.3;-1.0;-1.5;2.8;0.9;-0.4;;;;;;;;;;;;;;;;;-2.4;;-4.5;;;;;;;;;;;;;;;;;;;;;1.1;-0.3;-3.2;3.8;5.0;;4.0;1.6;;;-1.1;;;;;;;-0.9;-3.4;;;;-7.5;;-5.8;;;;;;;;;-7.1;;-3.0;;;;;;;;;;;-5.4;;;;-5.6;;;4.3;;;3.8;;;;;;;;;;;;;;;;;;;;;;;;;;;;;;;;;;;;;;;;;;;;;;;;;;;;;;;1.6;;-3.4;2.9;1.3;1.1;8.8;;;-5.8;-3.5;4.7
2024-10-30;;5.1;;;;;-6.0;-2.4;;-2.5;;;;;;1.4;;;;;-2.5;;-8.3;;;;;;;;;;;;;;;3.2;;;-1.9;;;;;2.4;;;;;;;;;;;;;-8.0;;;;;;;;;;;;;;;;;;;;;;;;;;;;;;;;-1.2;;;;;;;;;;;;;;;;;;;;;;;;;;;;;;;;;;;;;;;;;;;;;;;;;;;3.0;1.1;1.3;2.0;;;1.4;;4.0;;;;-0.3;;;;-6.5;2.6;2.2;-2.7;2.5;2.0;;;;;;2.3;2.6;;;;3.5;;;3.2;3.3;-0.2;1.5;;0.3;-1.0;-1.3;2.8;1.0;-0.3;;;;;;;;;;;;;;;;;-2.5;;-4.5;;;;;;;;;;;;;;;;;;;;;1.1;-0.3;-3.2;3.8;4.9;;4.0;1.6;;;-1.1;;;;;;;-0.9;-3.4;;;;-7.4;;-5.8;;;;;;;;;-7.1;;-3.0;;;;;;;;;;;-5.4;;;;-5.6;;;4.3;;;3.8;;;;;;;;;;;;;;;;;;;;;;;;;-8.1;-7.9;;21.8;;;;;;;;;;;;;;;;;;;;;;;;;;;1.6;;-3.5;2.9;1.4;1.1;8.8;;;-5.8;-3.4;4.7
2024-10-31;;5.1;;;;;-5.9;-2.8;;-2.6;;;;;;1.3;;;;;-2.6;;-8.3;;-1.4;;1.5;;;;;;;;;;;3.1;;;-1.9;;;;;2.4;;;;;;;;;;;;;-8.0;;;;;;;;;;;;;;;;;;;;;;;;;;;;;;;;-1.1;;;;;;;;;;;;;;;;;;;;;;;;;;;;;;;;;;;;;;;;;;;;;;;;;;;3.0;1.1;1.3;1.9;;;1.5;;4.0;;;;-0.2;;;;-6.3;2.5;2.2;-2.7;2.4;2.1;;;;;;2.3;2.7;;;;3.6;;;3.3;3.4;-0.1;1.6;;0.4;-1.0;-1.3;2.8;0.9;-0.4;;;;;;;;;;;;;;;;;-2.5;;-4.6;;;;;;;;;;;;;;;;;;;;;1.1;-0.3;-3.2;3.8;4.8;;4.0;1.6;;;-1.1;;;;;;;-0.9;-3.4;;;;-7.3;;-5.8;;;;;;;;;-6.9;;-3.1;;;;;;;;;;;-5.4;;;;-5.6;;;4.3;;;3.7;;;;;;;;;;;;;;;;;;;;;;;;;-8.2;-8.0;;21.8;;;;;;;;;;;;;;;;;;;;;;;;;;;1.6;;-3.6;2.9;1.4;1.1;8.8;;;-5.8;-3.4;4.6
2024-11-01;;5.2;;;;;-5.5;-2.7;;-2.5;;;;;;;;;;;-2.6;;-8.1;;-1.4;;1.5;;;;;;;;;;;3.1;;;-1.9;;;;;2.4;;;;;;;;;;;;;-8.1;;;;;;;;;;;;;;;;;;;;;;;;;;;;;;;;-0.9;;;;;;;;;;;;;;;;;;;;-4.5;;;;;;;;;;;;;;;;;;;;;;;;;;;;;;;3.0;1.0;1.3;2.0;;;1.7;;4.0;;;;-0.2;;;;;;;;;2.1;;;;;;2.3;2.5;;;;3.5;;;3.3;3.3;-0.1;1.6;;0.3;-1.0;-1.4;2.7;1.0;-0.3;;;;;;;;;;;;;;;;;-2.6;;-4.6;;;;;;;;;;;;;;;;;;;;;1.2;-0.3;-3.2;3.8;4.8;;4.1;1.8;;;-0.8;;;;;;;-1.1;-3.4;;;;-7.4;;-5.8;;;;;;;;;-6.9;;-3.1;;;;;;;;;;;-5.4;;;;-5.5;;;4.3;;;3.7;;;;;;;;;;;;;;;;;;;;;;;;;-8.2;-8.3;;21.7;;;;;;;;;;;;;;;;;;;;;;;;;;;1.6;;-3.4;3.0;1.4;1.2;8.8;;;-5.8;-3.4;4.6
2024-11-02;;5.0;;;;;-5.2;-2.7;;-2.6;;;;;;;;;;;-2.6;;-8.1;;-1.5;;1.5;;;;;;;;;;;3.1;;;-1.9;;;;;2.4;;;;;;;;;;;;;-8.2;;;;;;;;;;;;;;;;;;;;;;;;;;;;;;;;-0.8;;;;;;;;;;;;;;;;;;;;-4.6;;;;;;;;;;;;;;;;;;;;;;;;;;;;;;;3.0;0.9;1.4;2.0;;;1.8;;4.0;;;;-0.2;;;;-6.4;2.4;2.2;-2.7;2.4;2.0;;;;;;2.3;2.5;;;;3.5;;;3.3;3.3;0.0;1.7;;0.3;-1.0;-1.4;2.7;1.0;-0.4;;;;;;;;;;;;;;;;;-2.7;;-4.5;;;;;;;;;;;;;;;;;;;;;1.3;-0.3;-3.2;3.8;4.9;;4.0;1.9;;;-0.8;;;;;;;-1.0;-3.4;;;;-7.4;;-5.7;;;;;;;;;-6.9;;-3.1;;;;;;;;;;;-5.4;;;;-5.5;;;4.3;;;3.6;;;;;;;;;;;;;;;;;;;;;;;;;-8.2;-8.3;;21.6;;;;;;;;;;;;;;;;;;;;;;;;;;;1.5;;-3.3;3.0;1.4;1.3;8.8;;;-5.8;-3.5;4.7
2024-11-03;;5.0;;;;;-5.0;-2.6;;-2.7;;;;;;;;;;;-2.7;;-8.1;;-1.5;;1.6;;;;;;;;;;;3.2;;;-2.0;;;;;2.4;;;;;;;;;;;;;-8.2;;;;;;;;;;;;;;;;;;;;;;;;;;;;;;;;-0.8;;;;;;;;;;;;;;;;;;;;-4.6;;;;;;;;;;;;;;;;;;;;;;;;;;;;;;;3.0;0.8;1.3;2.0;;;2.0;;4.0;;;;-0.2;;;;-6.4;2.4;2.1;-2.6;2.4;2.1;;;;;;2.3;2.4;;;;3.4;;;3.3;3.2;-0.2;1.7;;0.3;-1.0;-1.5;2.7;1.0;-0.4;;;;;;;;;;;;;;;;;-2.7;;-4.5;;;;;;;;;;;;;;;;;;;;;1.3;-0.3;-3.2;3.8;4.9;;;1.8;;;;;;;;;;-1.1;-3.4;;;;-7.3;;-5.7;;;;;;;;;-6.7;;-3.0;;;;;;;;;;;-5.4;;;;-5.5;;;4.2;;;3.6;;;;;;;;;;;;;;;;;;;;;;;;;-8.2;-8.3;;21.6;;;;;;;;;;;;;;;;;;;;;;;;;;;1.4;;-3.4;3.0;1.5;1.3;8.9;;;-5.8;-3.5;4.6
2024-11-04;;4.9;;;;;-5.1;-2.7;;-2.6;;;;;;;;;;;-2.7;;-7.9;;-1.5;;1.6;;;;;;;;;;;3.2;;;-2.0;;;;;2.3;;;;;;;;;;;;;-8.3;;;;;;;;;;;;;;;;;;;;;;;;;;;;;;;;-0.8;;;;;;;;;;;;;;;;;;;;-4.6;;;;;;;;;;;;;;;;;;;;;;;;;;;;;;;2.9;0.9;1.3;2.1;;;2.1;;4.0;;;;-0.3;;;;-6.4;2.3;2.1;-2.5;2.3;2.1;;;;;;2.2;2.4;;;;3.4;;;3.3;3.2;-0.2;1.7;;0.2;-1.0;-1.5;2.6;1.0;-0.5;;;;;;;;;;;;;;;;;-2.7;;-4.5;;;;;;;;;;;;;;;;;;;;;1.4;-0.2;-3.2;3.8;4.8;;3.9;1.7;;;-0.9;;;;;;;-1.1;-3.3;;;;-7.2;;-5.6;;;;;;;;;-6.7;;-2.9;;;;;;;;;;;-5.4;;;;-5.5;;;4.1;;;3.6;;;;;;;;;;;;;;;;;;;;;;;;;-8.2;-8.3;;21.7;;;;;;;;;;;;;;;;;;;;;;;;;;;0.3;;-3.4;;1.4;1.3;8.9;;;-5.9;-3.6;4.5
2024-11-05;;4.7;;;;;-5.1;-2.7;;-2.6;;;;;;;;;;;-2.7;;-7.8;;-1.5;;1.7;;;;;;;;;;;;;;-2.0;;;;;2.3;;;;;;;;;;;;;-8.2;;;;;;;;;;;;;;;;;;;;;;;;;;;;;;;;-0.8;;;;;;;;;;;;;;;;;;;;-4.6;;;;;;;;;;;;;;;;;;;;;;;;;;;;;;;2.8;;1.3;2.1;;;2.2;;;;;;-0.3;;;;-6.2;2.2;2.1;-2.5;2.3;2.1;;;;;;2.1;2.5;;;;3.4;;;3.2;3.1;-0.3;1.6;;0.0;-1.0;-1.5;2.6;1.0;-0.5;;;;;;;;;;;;;;;;;-2.7;;-4.5;;;;;;;;;;;;;;;;;;;;;1.4;-0.1;-3.2;3.9;4.8;;4.0;1.7;;;-1.0;;;;;;;-1.0;-3.4;;;;-7.2;;-5.6;;;;;;;;;-6.5;;;;;;;;;;;;;-5.4;;;;-5.5;;;4.1;;;3.5;;;;;;;;;;;;;;;;;;;;;;;;;-8.0;-8.2;;21.6;;;;;;;;;;;;;;;;;;;;;;;;;;;;;;;;;8.9;;;-5.8;-3.6;4.4
2024-11-06;;4.7;;;;;-4.9;-2.6;;-2.5;;;;;;;;;;;-2.6;;-7.7;;-1.5;;1.8;;;;;;;;;;;3.1;;;-2.1;;;;;2.2;;;;;;;;;;;;;-8.3;;;;;;;;;;;;;;;;;;;;;;;;;;;;;;;;-0.8;;;;;;;;;;;;;;;;;;;;-4.6;;;;;;;;;;;;;;;;;;;;;;;;;;;;;;;2.8;;1.2;1.9;;;2.3;;4.0;;;;-0.3;;;;-5.6;2.3;2.2;-2.5;2.4;2.1;;;;;;2.1;2.3;;;;3.3;;;3.2;3.0;-0.3;1.6;;0.1;-1.0;-1.5;2.6;0.9;-0.6;;;;;;;;;;;;;;;;;-2.7;;-4.5;;;;;;;;;;;;;;;;;;;;;1.4;-0.1;-3.2;3.9;4.7;;4.1;2.0;;;-0.9;;;;;;;-1.1;-3.4;;;;-7.3;;-5.5;;;;;;;;;-6.5;;-2.8;;;;;;;;;;;-5.4;;;;-5.5;;;4.1;;;3.5;;;;;;;;;;;;;;;;;;;;;;;;;-7.8;-8.4;;21.6;;;;;;;;;;;;;;;;;;;;;;;;;;;-0.4;;-3.4;;;1.3;8.9;;;-5.7;-3.6;4.4
2024-11-07;;4.5;;;;;-5.0;-2.7;;-2.6;;;;;;;;;;;-2.7;;-7.5;;-1.6;;;;;;;;;;;;;3.0;;;-2.1;;;;;2.1;;;;;;;;;;;;;-8.3;;;;;;;;;;;;;;;;;;;;;;;;;;;;;;;;-0.6;;;;;;;;;;;;;;;;;;;;-4.6;;;;;;;;;;;;;;;;;;;;;;;;;;;;;;;2.8;;1.1;1.8;;;2.5;;4.2;;;;-0.3;;;;-5.6;2.3;2.1;-2.5;2.3;2.1;;;;;;2.1;2.4;;;;3.3;;;3.2;3.0;-0.4;1.4;;0.1;-1.1;-1.6;2.7;0.9;-0.5;;;;;;;;;;;;;;;;;-2.8;;-4.6;;;;;;;;;;;;;;;;;;;;;1.5;-0.1;-3.2;3.9;4.8;;;2.0;;;;;;;;;;-1.1;-3.4;;;;-7.3;;-5.5;;;;;;;;;-6.4;;-2.8;;;;;;;;;;;-5.3;;;;-5.5;;;4.0;;;3.4;;;;;;;;;;;;;;;;;;;;;;;;;-7.8;-8.3;;21.6;;;;;;;;;;;;;;;;;;;;;;;;;;;-0.3;;-3.4;3.0;1.5;1.3;8.9;;;-5.8;-3.6;4.4
2024-11-08;;4.4;;;;;-5.0;-2.2;;-2.6;;;;;;;;;;;-2.7;;-7.2;;-1.5;;;;;;;;;;;;;3.0;;;-2.1;;;;;2.1;;;;;;;;;;;;;-8.3;;;;;;;;;;;;;;;;;;;;;;;;;;;;;;;;-0.5;;;;;;;;;;;;;;;;;;;;-4.6;;;;;;;;;;;;;;;;;;;;;;;;;;;;;;;2.8;;1.0;1.9;;;2.9;;4.2;;;;-0.3;;;;-5.2;2.3;2.0;-2.5;2.3;2.0;;;;;;2.0;2.4;;;;3.3;;;3.2;3.0;-0.5;1.5;;0.2;-1.1;-1.7;2.7;0.9;-0.6;;;;;;;;;;;;;;;;;-2.9;;-4.6;;;;;;;;;;;;;;;;;;;;;1.5;-0.1;-3.2;3.9;4.9;;4.5;2.1;;;-1.0;;;;;;;-0.9;-3.4;;;;-7.3;;-5.5;;;;;;;;;-6.5;;-2.7;;;;;;;;;;;-5.3;;;;-5.5;;;3.9;;;3.4;;;;;;;;;;;;;;;;;;;;;;;;;-7.2;-8.3;;21.7;;;;;;;;;;;;;;;;;;;;;;;;;;;0.1;;-3.4;3.0;1.5;1.2;8.9;;;-5.7;-3.5;4.4
2024-11-09;;4.4;;;;;-6.9;-2.2;;-2.5;;;;;;;;;;;-2.8;;-7.0;;-1.4;;1.8;;;;;;;;;;;3.0;;;-2.0;;;;;2.2;;;;;;;;;;;;;-8.4;;;;;;;;;;;;;;;;;;;;;;;;;;;;;;;;-0.6;;;;;;;;;;;;;;;;;;;;-4.6;;;;;;;;;;;;;;;;;;;;;;;;;;;;;;;2.8;;1.0;1.7;;;3.0;;4.2;;;;-0.2;;;;;;;;;2.0;;;;;;1.9;2.4;;;;3.3;;;3.1;3.0;-0.5;1.6;;0.2;-1.2;-1.7;2.6;0.9;-0.6;;;;;;;;;;;;;;;;;-3.0;;-4.6;;;;;;;;;;;;;;;;;;;;;1.6;-0.1;-3.2;3.9;4.9;;4.5;2.3;;;-1.3;;;;;;;-1.0;-3.3;;;;-7.3;;-5.5;;;;;;;;;-6.3;;-2.7;;;;;;;;;;;-5.3;;;;-5.5;;;3.8;;;3.4;;;;;;;;;;;;;;;;;;;;;;;;;-6.8;-8.5;;21.7;;;;;;;;;;;;;;;;;;;;;;;;;;;0.1;;-3.4;2.9;;1.2;8.9;;;-5.8;-3.5;4.3
2024-11-10;;4.3;;;;;-6.6;-1.9;;-2.5;;;;;;;;;;;-2.8;;-6.7;;-1.4;;1.8;;;;;;;;;;;2.9;;;-2.0;;;;;2.2;;;;;;;;;;;;;-8.4;;;;;;;;;;;;;;;;;;;;;;;;;;;;;;;;-0.7;;;;;;;;;;;;;;;;;;;;-4.6;;;;;;;;;;;;;;;;;;;;;;;;;;;;;;;2.7;;0.9;1.6;;;3.0;;4.2;;;;-0.2;;;;-4.5;2.3;2.0;-2.6;2.3;2.0;;;;;;1.9;2.3;;;;3.2;;;3.1;3.0;-0.6;1.4;;0.2;-1.2;-1.7;2.5;0.8;-0.7;;;;;;;;;;;;;;;;;-3.0;;-4.5;;;;;;;;;;;;;;;;;;;;;1.5;-0.1;-3.2;3.9;5.0;;4.2;2.3;;;-1.4;;;;;;;-0.9;-3.3;;;;-7.2;;-5.5;;;;;;;;;-6.2;;-2.7;;;;;;;;;;;-5.3;;;;-5.5;;;3.8;;;3.3;;;;;;;;;;;;;;;;;;;;;;;;;-6.5;-8.8;;21.7;;;;;;;;;;;;;;;;;;;;;;;;;;;0.5;;-3.4;2.9;1.6;1.2;8.9;;;-5.8;-3.4;4.3
2024-11-11;;4.4;;;;;-6.1;-1.9;;-2.4;;;;;;;;;;;-2.9;;-6.3;;-1.4;;1.9;;;;;;;;;;;2.9;;;-2.1;;;;;2.2;;;;;;;;;;;;;-8.3;;;;;;;;;;;;;;;;;;;;;;;;;;;;;;;;-0.7;;;;;;;;;;;;;;;;;;;;-4.6;;;;;;;;;;;;;;;;;;;;;;;;;;;;;;;2.8;;0.9;1.8;;;3.0;;4.2;;;;-0.1;;;;1.6;2.4;2.1;-2.6;2.4;2.1;;;;;;1.9;2.2;;;;3.4;;;3.2;3.0;-0.5;1.6;;0.1;-1.3;-1.7;2.5;0.9;-0.6;;;;;;;;;;;;;;;;;-3.1;;-4.4;;;;;;;;;;;;;;;;;;;;;1.5;-0.1;-3.2;3.9;5.0;;4.1;2.2;;;-1.6;;;;;;;-0.8;-3.2;;;;-7.1;;-5.5;;;;;;;;;-6.1;;-2.5;;;;;;;;;;;-5.3;;;;-5.5;;;3.8;;;3.2;;;;;;;;;;;;;;;;;;;;;;;;;-6.1;-8.8;;21.5;;;;;;;;;;;;;;;;;;;;;;;;;;;0.6;;-3.3;;1.5;1.2;8.9;;;-5.8;-3.3;4.3
2024-11-12;;4.4;;;;;-6.2;-1.9;;-2.5;;;;;;;;;;;-3.0;;-6.2;;-1.4;;;;;;;;;;;;;2.8;;;-2.1;;;;;2.1;;;;;;;;;;;;;-8.3;;;;;;;;;;;;;;;;;;;;;;;;;;;;;;;;-0.8;;;;;;;;;;;;;;;;;;;;-4.6;;;;;;;;;;;;;;;;;;;;;;;;;;;;;;;2.9;;0.9;1.7;;;3.1;;4.3;;;;0.1;;;;1.8;2.5;2.0;-2.5;2.5;2.0;;;;;;1.9;2.2;;;;3.3;;;3.3;3.1;-0.5;1.6;;0.1;-1.1;-1.7;2.6;0.9;-0.6;;;;;;;;;;;;;;;;;-3.1;;-4.3;;;;;;;;;;;;;;;;;;;;;1.5;-0.1;-3.3;4.0;5.0;;3.8;2.1;;;-1.8;;;;;;;-0.8;-3.2;;;;-7.1;;-5.4;;;;;;;;;-6.2;;-2.5;;;;;;;;;;;-5.3;;;;-5.5;;;3.8;;;3.2;;;;;;;;;;;;;;;;;;;;;;;;;-5.7;-8.7;;21.6;;;;;;;;;;;;;;;;;;;;;;;;;;;0.5;;-3.2;;1.4;1.1;8.9;;;-5.7;-3.4;4.2
2024-11-13;;4.6;;;;;-6.2;-2.1;;-2.5;;;;;;;;;;;-3.0;;-6.3;;;;;;;;;;;;;;;2.9;;;-2.0;;;;;2.1;;;;;;;;;;;;;-8.3;;;;;;;;;;;;;;;;;;;;;;;;;;;;;;;;-0.7;;;;;;;;;;;;;;;;;;;;-4.6;;;;;;;;;;;;;;;;;;;;;;;;;;;;;;;3.0;;0.8;1.6;;;3.2;;4.3;;;;0.1;;;;1.8;2.6;1.9;-2.6;2.3;2.1;;;;;;1.9;2.2;;;;3.4;;;3.3;3.2;-0.4;1.6;;0.1;-1.1;-1.6;2.6;1.0;-0.6;;;;;;;;;;;;;;;;;-3.2;;-4.4;;;;;;;;;;;;;;;;;;;;;1.5;-0.1;-3.3;4.0;5.0;;3.8;1.9;;;-1.8;;;;;;;-0.8;-3.2;;;;-7.0;;-5.4;;;;;;;;;-6.1;;-2.4;;;;;;;;;;;-5.4;;;;-5.5;;;3.7;;;3.2;;;;;;;;;;;;;;;;;;;;;;;;;-5.4;-8.5;;21.5;;;;;;;;;;;;;;;;;;;;;;;;;;;0.6;;-3.0;3.1;1.4;1.2;8.9;;;-5.7;-3.3;4.2
2024-11-14;;4.6;;;;;-6.2;-2.1;;-2.5;;;;;;;;;;;-3.0;;-6.2;;;;;;;;;;;;;;;2.9;;;-2.1;;;;;2.1;;;;;;;;;;;;;-8.3;;;;;;;;;;;;;;;;;;;;;;;;;;;;;;;;-0.6;;;;;;;;;;;;;;;;;;;;-4.6;;;;;;;;;;;;;;;;;;;;;;;;;;;;;;;3.0;;0.9;1.7;;;3.2;;4.3;;;;0.2;;;;1.7;2.5;1.8;-2.6;2.3;2.1;;;;;;1.9;2.2;;;;3.4;;;3.3;3.2;-0.3;1.7;;0.2;-1.1;-1.6;2.6;1.0;-0.6;;;;;;;;;;;;;;;;;-3.3;;-4.2;;;;;;;;;;;;;;;;;;;;;1.4;-0.1;-3.3;4.0;5.0;;;;;;;;;;;;;-0.7;-3.2;;;;-7.1;;-5.3;;;;;;;;;-6.1;;-2.5;;;;;;;;;;;-5.4;;;;-5.5;;;3.6;;;3.1;;;;;;;;;;;;;;;;;;;;;;;;;-5.3;-8.3;;21.6;;;;;;;;;;;;;;;;;;;;;;;;;;;0.5;;-3.1;3.1;1.4;1.2;8.9;;;-5.7;-3.3;4.2
2024-11-15;;4.5;;;;;-6.1;-2.7;;-2.4;;;;;;;;;;;-3.0;;-6.1;;-1.5;;2.1;;;;;;;;;;;2.7;;;-2.2;;;;;2.1;;;;;;;;;;;;;-8.2;;;;;;;;;;;;;;;;;;;;;;;;;;;;;;;;-0.6;;;;;;;;;;;;;;;;;;;;-4.7;;;;;;;;;;;;;;;;;;;;;;;;;;;;;;;3.1;;0.9;1.7;;;3.3;;4.2;;;;0.1;;;;1.6;2.5;1.8;-2.8;2.4;2.0;;;;;;1.9;2.1;;;;3.3;;;3.2;3.2;-0.4;1.5;;0.2;-1.0;-1.6;2.6;1.0;-0.6;;;;;;;;;;;;;;;;;-3.3;;-4.3;;;;;;;;;;;;;;;;;;;;;1.4;-0.1;-3.4;4.0;5.0;;;2.2;;;-1.6;;;;;;;-0.7;-3.2;;;;-7.1;;-5.3;;;;;;;;;-6.1;;-2.5;;;;;;;;;;;-5.3;;;;-5.5;;;3.5;;;3.1;;;;;;;;;;;;;;;;;;;;;;;;;-5.2;-8.0;;21.7;;;;;;;;;;;;;;;;;;;;;;;;;;;0.4;;-3.0;3.3;1.5;1.3;8.9;;;-5.7;-3.3;4.2
2024-11-16;;4.5;;;;;-5.9;-2.9;;-2.4;;;;;;;;;;;-3.0;;-6.1;;-1.4;;2.2;;;;;;;;;;;2.7;;;-2.3;;;;;2.1;;;;;;;;;;;;;-8.3;;;;;;;;;;;;;;;;;;;;;;;;;;;;;;;;-0.6;;;;;;;;;;;;;;;;;;;;-4.7;;;;;;;;;;;;;;;;;;;;;;;;;;;;;;;3.0;;0.9;1.7;;;3.4;;4.2;;;;0.1;;;;1.5;2.5;1.8;-2.9;2.4;1.9;;;;;;1.8;1.9;;;;3.2;;;3.1;3.1;-0.6;1.5;;0.1;-1.1;-1.6;2.6;0.9;-0.7;;;;;;;;;;;;;;;;;-3.3;;-4.3;;;;;;;;;;;;;;;;;;;;;1.4;-0.1;-3.4;4.0;5.1;;;2.3;;;-1.6;;;;;;;-0.8;-3.1;;;;-7.1;;-5.4;;;;;;;;;-6.0;;-2.4;;;;;;;;;;;-5.3;;;;-5.5;;;3.3;;;3.0;;;;;;;;;;;;;;;;;;;;;;;;;-5.2;-7.9;;21.6;;;;;;;;;;;;;;;;;;;;;;;;;;;0.3;;-3.0;3.2;1.4;1.3;8.8;;;-5.8;-3.3;4.1
2024-11-17;;4.5;;;;;-6.1;-2.8;;-2.4;;;;;;;;;;;-3.1;;-6.1;;-1.4;;2.2;;;;;;;;;;;2.7;;;-2.2;;;;;2.2;;;;;;;;;;;;;-8.3;;;;;;;;;;;;;;;;;;;;;;;;;;;;;;;;-0.5;;;;;;;;;;;;;;;;;;;;-4.7;;;;;;;;;;;;;;;;;;;;;;;;;;;;;;;3.0;;0.7;1.7;;;3.4;;4.3;;;;0.1;;;;1.7;2.6;1.9;-2.7;2.6;1.9;;;;;;1.8;2.1;;;;3.0;;;3.0;3.1;-0.8;1.5;;0.0;-1.1;-1.6;2.6;0.9;-0.7;;;;;;;;;;;;;;;;;-3.3;;-4.4;;;;;;;;;;;;;;;;;;;;;1.4;-0.1;-3.4;4.0;5.1;;3.9;2.4;;;-1.3;;;;;;;-0.8;-3.1;;;;-7.1;;-5.3;;;;;;;;;-6.0;;-2.4;;;;;;;;;;;-5.3;;;;-5.5;;;3.4;;;2.9;;;;;;;;;;;;;;;;;;;;;;;;;-5.2;-7.5;;21.6;;;;;;;;;;;;;;;;;;;;;;;;;;;0.4;;-3.0;3.1;1.3;1.3;8.8;;;-5.7;-3.2;4.2
2024-11-18;;4.5;;;;;-6.1;-2.5;;-2.3;;;;;;;;;;;-3.2;;-6.1;;;;;;;;;;;;;;;2.6;;;-2.3;;;;;2.2;;;;;;;;;;;;;-8.3;;;;;;;;;;;;;;;;;;;;;;;;;;;;;;;;-0.5;;;;;;;;;;;;;;;;;;;;-4.7;;;;;;;;;;;;;;;;;;;;;;;;;;;;;;;3.1;;0.6;1.5;;;3.2;;4.4;;;;0.0;;;;1.8;2.7;1.8;-2.7;2.6;1.9;;;;;;1.7;1.9;;;;3.0;;;2.9;3.1;-0.9;1.5;;0.0;-1.1;-1.8;2.7;0.8;-0.8;;;;;;;;;;;;;;;;;-3.3;;-4.3;;;;;;;;;;;;;;;;;;;;;1.3;0.0;-3.4;4.0;5.2;;3.9;2.5;;;-1.3;;;;;;;-0.7;-3.1;;;;-7.1;;-5.4;;;;;;;;;-6.1;;-2.4;;;;;;;;;;;-5.3;;;;-5.5;;;3.3;;;2.9;;;;;;;;;;;;;;;;;;;;;;;;;-5.4;-7.1;;21.6;;;;;;;;;;;;;;;;;;;;;;;;;;;0.3;;-2.9;3.0;1.3;1.3;8.8;;;-5.6;-3.3;4.2
2024-11-19;;4.5;;;;;-6.1;-2.2;;-2.4;;;;;;;;;;;-3.2;;-6.1;;;;;;;;;;;;;;;2.6;;;-2.2;;;;;2.1;;;;;;;;;;;;;-8.3;;;;;;;;;;;;;;;;;;;;;;;;;;;;;;;;-0.8;;;;;;;;;;;;;;;;;;;;-4.7;;;;;;;;;;;;;;;;;;;;;;;;;;;;;;;3.2;;0.5;1.5;;;3.2;;4.5;;;;-0.1;;;;1.8;2.7;1.8;-2.6;2.7;1.7;;;;;;1.6;1.8;;;;2.8;;;3.0;;;;;;;;2.5;0.7;-0.8;;;;;;;;;;;;;;;;;-3.3;;-4.3;;;;;;;;;;;;;;;;;;;;;1.2;-0.1;-3.4;4.0;5.2;;3.8;2.4;;;-1.7;;;;;;;-0.6;-3.0;;;;-7.1;;-5.4;;;;;;;;;-6.1;;-2.3;;;;;;;;;;;-5.3;;;;-5.5;;;3.3;;;2.8;;;;;;;;;;;;;;;;;;;;;;;;;-5.6;-6.8;;21.7;;;;;;;;;;;;;;;;;;;;;;;;;;;0.3;;-2.8;2.9;1.3;1.4;8.7;;;-5.5;-3.3;4.3
2024-11-20;;4.4;;;;;-6.1;-2.2;;-2.4;;;;;;;;;;;-3.2;;-6.0;;;;;;;;;;;;;;;2.5;;;-2.2;;;;;2.2;;;;;;;;;;;;;-8.4;;;;;;;;;;;;;;;;;;;;;;;;;;;;;;;;-1.0;;;;;;;;;;;;;;;;;;;;-4.7;;;;;;;;;;;;;;;;;;;;;;;;;;;;;;;3.3;;0.4;1.4;;;3.3;;4.5;;;;-0.1;;;;1.9;2.8;1.7;-2.7;2.6;1.7;;;;;;1.8;1.8;;;;2.9;;;2.9;;;;;;;;;;;;;;;;;;;;;;;;;;;-3.4;;-4.2;;;;;;;;;;;;;;;;;;;;;1.0;-0.1;-3.5;4.0;5.2;;3.6;2.4;;;-1.9;;;;;;;-0.6;-2.9;;;;-7.0;;-5.4;;;;;;;;;;;-2.3;;;;;;;;;;;-5.4;;;;-5.5;;;3.3;;;2.7;;;;;;;;;;;;;;;;;;;;;;;;;-5.6;-6.5;;21.7;;;;;;;;;;;;;;;;;;;;;;;;;;;0.2;;-2.6;2.9;1.1;1.5;;;;-5.5;-3.3;4.4
2024-11-21;;4.4;;;;;-6.2;-2.2;;-2.4;;;;;;;;;;;-3.2;;-6.0;;;;;;;;;;;;;;;2.4;;;-2.1;;;;;2.2;;;;;;;;;;;;;-8.4;;;;;;;;;;;;;;;;;;;;;;;;;;;;;;;;-1.0;;;;;;;;;;;;;;;;;;;;;;;;;;;;;;;;;;;;;;;;;;;;;;;;;;;3.3;;0.3;1.4;;;3.2;;4.6;;;;-0.1;;;;1.9;2.8;1.7;-2.8;2.4;1.6;;;;;;1.8;1.8;;;;3.0;;;2.8;;;;;;;;;;;;;;;;;;;;;;;;;;;-3.4;;-4.1;;;;;;;;;;;;;;;;;;;;;0.9;-0.1;-3.5;4.0;5.1;;3.6;2.4;;;-2.0;;;;;;;;;;;;;;;;;;;;;;;;;-2.3;;;;;;;;;;;-5.4;;;;-5.5;;;3.2;;;2.7;;;;;;;;;;;;;;;;;;;;;;;;;-5.6;-6.4;;21.7;;;;;;;;;;;;;;;;;;;;;;;;;;;0.3;;-2.6;2.8;0.9;1.6;8.8;;;-5.5;-3.4;4.4
2024-11-22;;4.3;;;;;-6.2;-2.2;;-2.4;;;;;;;;;;;-3.2;;-6.0;;-1.4;;;;;;;;;;;;;2.4;;;-2.1;;;;;2.1;;;;;;;;;;;;;-8.4;;;;;;;;;;;;;;;;;;;;;;;;;;;;;;;;-1.0;;;;;;;;;;;;;;;;;;;;-4.7;;;;;;;;;;;;;;;;;;;;;;;;;;;;;;;3.4;;0.2;1.4;;;3.1;;4.5;;;;0.0;;;;1.9;2.9;1.7;-2.8;2.3;1.6;;;;;;1.7;1.7;;;;2.9;;;2.8;;;;;;;;;;;;;;;;;;;;;;;;;;;-3.5;;-4.1;;;;;;;;;;;;;;;;;;;;;0.9;-0.2;-3.5;4.0;5.1;;3.6;2.3;;;-2.1;;;;;;;-0.6;-2.8;;;;-7.1;;-5.4;;;;;;;;;-6.1;;-2.3;;;;;;;;;;;-5.4;;;;-5.5;;;3.2;;;2.7;;;;;;;;;;;;;;;;;;;;;;;;;-5.6;-6.2;;21.7;;;;;;;;;;;;;;;;;;;;;;;;;;;0.3;;-2.6;2.6;0.7;1.8;8.7;;;-5.5;-3.4;4.4
2024-11-23;;4.3;;;;;-6.3;-2.2;;-2.4;;;;;;;;;;;-3.1;;-6.1;;;;;;;;;;;;;;;2.6;;;-2.1;;;;;2.1;;;;;;;;;;;;;-8.4;;;;;;;;;;;;;;;;;;;;;;;;;;;;;;;;-1.0;;;;;;;;;;;;;;;;;;;;-4.8;;;;;;;;;;;;;;;;;;;;;;;;;;;;;;;3.5;;0.3;1.4;;;3.1;;4.5;;;;0.0;;;;1.9;2.8;1.7;-2.8;2.1;1.5;;;;;;1.8;1.9;;;;3.0;;;3.0;;;;;;;;;;;;;;;;;;;;;;;;;;;-3.6;;-4.3;;;;;;;;;;;;;;;;;;;;;;-0.2;-3.5;3.9;5.2;;3.5;2.2;;;-2.1;;;;;;;-0.6;-2.9;;;;-7.1;;-5.4;;;;;;;;;-6.1;;-2.3;;;;;;;;;;;-5.4;;;;-5.5;;;3.1;;;2.6;;;;;;;;;;;;;;;;;;;;;;;;;-5.8;-6.0;;21.6;;;;;;;;;;;;;;;;;;;;;;;;;;;0.2;;-2.5;2.6;0.8;2.0;8.6;;;-5.5;-3.3;4.4
2024-11-24;;;;;;;-6.6;-2.2;;-2.4;;;;;;;;;;;-3.0;;-6.2;;;;;;;;;;;;;;;;;;-2.0;;;;;;;;;;;;;;;;;;-8.3;;;;;;;;;;;;;;;;;;;;;;;;;;;;;;;;;;;;;;;;;;;;;;;;;;;;-4.8;;;;;;;;;;;;2.6;;;;;;;;;;;;;;;;;;;3.4;;;;;;3.1;;;;;;;;;;1.8;;;;;;;;;;;;;;;;2.9;;;;;;;;;;;;;;;;;;;;;;;;;;;;;;-3.6;;;;;;;;;;;;;;;;;;;;;;;0.9;-0.2;-3.4;3.9;5.2;;;;;;-1.7;;;;;;;-0.7;-2.9;;;;-7.1;;-5.4;;;;;;;;;-6.1;;-2.2;;;;;;;;;;;-5.4;;;;-5.5;;;3.1;;;2.6;;;;;;;;;;;;;;;;;;;;;;;;;-6.2;-6.0;;21.6;;;;;;;;;;;;;;;;;;;;;;;;;;;0.2;;-2.5;2.6;0.7;2.0;8.6;;;-5.5;-3.3;4.5
2024-11-25;;4.5;;;;;-6.6;-2.2;;-2.4;;;;;;;;;;;-3.0;;-6.2;;;;;;;;;;;;;;;2.6;;;-2.0;;;;;2.1;;;;;;;;;;;;;-8.3;;;;;;;;;;;;;;;;;;;;;;;;;;;;;;;;-1.1;;;;;;;;;;;;;;;;;;;;-4.8;;;;;;;;;;;;2.6;;;;;;;;;;;;;;;;;;;3.4;;0.2;1.3;;;3.0;;4.5;;;;;;;;1.7;2.9;1.7;-2.8;1.9;1.6;;;;;;1.6;1.7;;;;3.0;;;2.9;;;;;;;;;;;;;;;;;;;;;;;;;;;-3.5;;-4.2;;;;;;;;;;;;;;;;;;;;;0.9;-0.3;-3.4;3.9;5.3;;3.4;2.3;;;-1.8;;;;;;;-0.7;-2.8;;;;-7.2;;-5.4;;;;;;;;;-6.2;;-2.2;;;;;;;;;;;-5.4;;;;-5.5;;;3.1;;;2.6;;;;;;;;;;;;;;;;;;;;;;;;;-6.3;-5.9;;21.5;;;;;;;;;;;;;;;;;;;;;;;;;;;0.2;;-2.6;2.6;0.7;2.0;;;;;-3.5;4.5
2024-11-26;;4.5;;;;;-6.6;-2.2;;-2.4;;;;;;;;;;;-3.1;;-6.2;;;;;;;;;;;;;;;2.5;;;-2.0;;;;;2.1;;;;;;;;;;;;;-8.3;;;;;;;;;;;;;;;;;;;;;;;;;;;;;;;;-1.0;;;;;;;;;;;;;;;;;;;;-4.7;;;;;;;;;;;;2.5;;;;;;;;;;;;;;;;;;;3.5;;0.2;1.2;;;3.0;;4.5;;;;;;;;1.5;2.9;1.8;-2.8;1.8;1.6;;;;;;1.6;1.8;;;;2.9;;;2.9;;;;;;;;;;;;;;;;;;;;;;;;;;;-3.5;;-4.1;;;;;;;;;;;;;;;;;;;;;0.9;-0.3;-3.4;3.9;5.3;;3.4;2.3;;;-1.6;;;;;;;-0.7;-2.9;;;;-7.2;;-5.4;;;;;;;;;-6.2;;-2.2;;;;;;;;;;;-5.4;;;;-5.5;;;3.1;;;2.6;;;;;;;;;;;;;;;;;;;;;;;;;-6.5;-6.2;;21.5;;;;;;;;;;;;;;;;;;;;;;;;;;;0.0;;-2.6;2.6;0.6;2.0;8.6;;;-5.5;-3.5;4.5
2024-11-27;;4.4;;;;;-6.8;-2.3;;-2.3;;;;;;;;;;;-3.1;;-6.2;;;;;;;;;;;;;;;2.6;;;-1.9;;;;;2.2;;;;;;;;;;;;;-8.2;;;;;;;;;;;;;;;;;;;;;;;;;;;;;;;;-1.1;;;;;;;;;;;;;;;;;;;;-4.7;;;;;;;;;;;;2.5;;;;;;;;;;;;;;;;;;;3.5;;;1.0;;;2.8;;4.5;;;;;;;;1.5;3.1;1.8;-2.7;2.0;1.5;;;;;;1.6;2.0;;;;2.6;;;2.9;;;;;;;;;;;;;;;;;;;;;;;;;;;;;-4.1;;;;;;;;;;;;;;;;;;;;;0.7;-0.3;-3.5;3.9;5.3;;3.5;2.3;;;-1.6;;;;;;;-0.6;-2.9;;;;-7.1;;-5.4;;;;;;;;;-6.1;;-2.2;;;;;;;;;;;-5.5;;;;-5.5;;;3.1;;;2.5;;;;;;;;;;;;;;;;;;;;;;;;;-6.8;-6.2;;21.5;;;;;;;;;;;;;;;;;;;;;;;;;;;-0.1;;-2.6;2.6;0.4;1.9;8.6;;;-5.5;-3.6;4.6
2024-11-28;;4.2;;;;;-6.9;-1.9;;-2.3;;;;;;;;;;;-3.1;;-6.4;;;;;;;;;;;;;;;2.6;;;-1.8;;;;;2.3;;;;;;;;;;;;;;;;;;;;;;;;;;;;;;;;;;;;;;;;;;;;;;;;;;;;;;;;;;;;;;;;;-4.7;;;;;;;;;;;;2.5;;;;;;;;;;;;;;;;;;;3.4;;;1.0;;;2.8;;4.4;;;;;;;;1.5;3.2;1.7;-2.8;1.9;1.5;;;;;;1.6;1.8;;;;2.6;;;2.9;;;;;;;;;;;;;;;;;;;;;;;;;;;-3.6;;-4.1;;;;;;;;;;;;;;;;;;;;;0.5;-0.3;-3.5;3.9;5.3;;;;;;;;;;;;;-0.6;-2.8;;;;-7.0;;-5.4;;;;;;;;;-6.1;;-2.3;;;;;;;;;;;-5.5;;;;-5.5;;;3.3;;;2.5;;;;;;;;;;;;;;;;;;;;;;;;;-7.2;-6.2;;21.5;;;;;;;;;;;;;;;;;;;;;;;;;;;-0.1;;-2.7;2.6;0.4;2.0;8.7;;;-5.5;-3.6;4.7
2024-11-29;;4.2;;;;;-7.0;-1.8;;-2.3;;;;;;;;;;;-3.1;;-6.4;;;;;;;;;;;;;;;2.7;;;-1.8;;;;;2.2;;;;;;;;;;;;;-8.3;;;;;;;;;;;;;;;;;;;;;;;;;;;;;;;;-1.1;;;;;;;;;;;;;;;;;;;;-4.7;;;;;;;;;;;;2.6;;;;;;;;;;;;;;;;;;;3.4;;;1.2;;;2.6;;4.3;;;;0.3;;;;1.4;2.9;;-2.8;1.9;1.5;;;;;;1.7;1.7;;;;2.8;;;2.9;;;;;;;;;;;;;;;;;;;;;;;;;;;-3.5;;-4.2;;;;;;;;;;;;;;;;;;;;;0.4;-0.3;-3.5;3.8;5.3;;3.6;2.3;;;-1.5;;;;;;;-0.5;-2.8;;;;-7.0;;-5.4;;;;;;;;;-6.1;;-2.4;;;;;;;;;;;-5.4;;;;-5.5;;;3.3;;;2.3;;;;;;;;;;;;;;;;;;;;;;;;;-7.1;-6.2;;21.4;;;;;;;;;;;;;;;;;;;;;;;;;;;-0.2;;-2.7;2.6;0.3;2.0;8.6;;;-5.5;-3.5;4.8
2024-11-30;;4.0;;;;;-7.0;-1.8;;-2.3;;;;;;;;;;;-3.0;;-6.4;;;;;;;;;;;;;;;2.8;;;-1.7;;;;;2.2;;;;;;;;;;;;;-8.3;;;;;;;;;;;;;;;;;;;;;;;;;;;;;;;;-0.8;;;;;;;;;;;;;;;;;;;;-4.7;;;;;;;;;;;;2.6;;;;;;;;;;;;;;;;;;;3.4;;;1.0;;;2.5;;4.2;;;;0.2;;;;1.5;2.8;;-2.9;1.8;1.5;;;;;;1.6;1.8;;;;2.5;;;2.8;;;;;;;;;;;;;;;;;;;;;;;;;;;-3.5;;-4.3;;;;;;;;;;;;;;;;;;;;;0.4;-0.3;-3.5;3.7;5.2;;3.6;2.3;;;-1.5;;;;;;;-0.6;-2.7;;;;-7.0;;-5.5;;;;;;;;;-6.1;;-2.5;;;;;;;;;;;-5.4;;;;-5.5;;;3.3;;;2.3;;;;;;;;;;;;;;;;;;;;;;;;;-7.3;-6.0;;21.4;;;;;;;;;;;;;;;;;;;;;;;;;;;-0.2;;-2.9;2.6;0.3;1.9;8.6;;;-5.5;-3.5;4.7
2024-12-01;;3.8;;;;;-7.1;-1.8;;-2.3;;;;;;;;;;;-3.1;;-6.4;;;;;;;;;;;;;;;2.8;;;-1.7;;;;;2.2;;;;;;;;;;;;;-8.2;;;;;;;;;;;;;;;;;;;;;;;;;;;;;;;;-0.7;;;;;;;;;;;;;;;;;;;;-4.7;;;;;;;;;;;;2.4;;;;;;;;;;;;;;;;;;;3.4;;;1.0;;;2.4;;4.0;;;;0.3;;;;1.5;2.7;;-2.8;1.6;1.5;;;;;;1.6;1.5;;;;2.4;;;2.7;;;;;;;;;;;;;;;;;;;;;;;;;;;-3.4;;-4.5;;;;;;;;;;;;;;;;;;;;;0.6;-0.3;-3.4;3.8;5.2;;3.7;2.3;;;-1.7;;;;;;;;-2.7;;;;-7.0;;-5.5;;;;;;;;;-6.2;;-2.4;;;;;;;;;;;-5.4;;;;-5.5;;;3.2;;;2.3;;;;;;;;;;;;;;;;;;;;;;;;;-7.1;-5.8;;21.4;;;;;;;;;;;;;;;;;;;;;;;;;;;-0.1;;-2.9;2.6;0.3;2.0;8.5;;;-5.5;-3.5;4.8
2024-12-02;;3.7;;;;;-6.9;-1.7;;-2.1;;;;;;;;;;;-3.1;;-6.5;;;;;;;;;;;;;;;2.9;;;-1.8;;;;;2.2;;;;;;;;;;;;;-8.3;;;;;;;;;;;;;;;;;;;;;;;;;;;;;;;;-0.9;;;;;;;;;;;;;;;;;;;;-4.7;;;;;;;;;;;;2.4;;;;;;;;;;;;;;;;;;;3.4;;;1.0;;;2.4;;4.0;;;;0.3;;;;1.7;2.6;1.7;-2.8;1.5;1.5;;;;;;1.6;1.5;;;;2.4;;;2.7;;;;;;;;;;;;;;;;;;;;;;;;;;;-3.4;;-4.5;;;;;;;;;;;;;;;;;;;;;0.6;-0.4;-3.4;3.7;5.2;;3.7;2.4;;;-2.0;;;;;;;-0.6;-2.7;;;;-7.1;;-5.6;;;;;;;;;-6.3;;-2.4;;;;;;;;;;;-5.4;;;;-5.5;;;3.3;;;2.3;;;;;;;;;;;;;;;;;;;;;;;;;-7.4;-5.7;;21.4;;;;;;;;;;;;;;;;;;;;;;;;;;;0.0;;-2.9;2.5;0.2;1.9;8.6;;;-5.5;-3.3;4.9
2024-12-03;;3.6;;;;;-6.9;-1.7;;-2.1;;;;;;;;;;;-3.1;;-6.5;;;;;;;;;;;;;;;2.8;;;-1.7;;;;;2.3;;;;;;;;;;;;;-8.4;;;;;;;;;;;;;;;;;;;;;;;;;;;;;;;;-1.2;;;;;;;;;;;;;;;;;;;;-4.7;;;;;;;;;;;;2.4;;;;;;;;;;;;;;;;;;;3.3;;;1.0;;;2.4;;4.0;;;;0.5;;;;1.7;;1.8;-2.8;1.6;1.4;;;;;;1.7;1.5;;;;2.5;;;2.6;;;;;;;;;;;;;;;;;;;;;;;;;;;-3.4;;-4.4;;;;;;;;;;;;;;;;;;;;;0.5;-0.4;-3.4;3.7;5.3;;3.7;2.4;;;-2.1;;;;;;;-0.5;-2.6;;;;-7.1;;-5.5;;;;;;;;;-6.3;;-2.5;;;;;;;;;;;-5.4;;;;-5.5;;;3.4;;;2.2;;;;;;;;;;;;;;;;;;;;;;;;;-7.5;-5.5;;21.4;;;;;;;;;;;;;;;;;;;;;;;;;;;0.0;;-3.0;2.4;0.1;1.9;8.6;;;-5.5;-3.3;4.9
2024-12-04;;3.7;;;;;-6.9;-1.5;;-2.1;;;;;;;;;;;-2.9;;-6.4;;;;;;;;;;;;;;;3.0;;;-1.7;;;;;2.3;;;;;;;;;;;;;-8.5;;;;;;;;;;;;;;;;;;;;;;;;;;;;;;;;-1.1;;;;;;;;;;;;;;;;;;;;-4.7;;;;;;;;;;;;2.5;;;;;;;;;;;;;;;;;;;3.4;;;1.1;;;2.3;;4.0;;;;0.5;;;;1.7;3.0;1.8;-2.8;1.5;1.3;;;;;;1.7;1.5;;;;2.6;;;2.7;;;;;;;;;;;;;;;;;;;;;;;;;;;-3.5;;-4.3;;;;;;;;;;;;;;;;;;;;;0.4;-0.4;-3.3;3.7;5.2;;3.6;2.7;;;-2.1;;;;;;;-0.4;-2.5;;;;-7.1;;-5.5;;;;;;;;;-6.3;;-2.4;;;;;;;;;;;-5.4;;;;-5.6;;;3.4;;;2.3;;;;;;;;;;;;;;;;;;;;;;;;;-7.6;-5.5;;21.5;;;;;;;;;;;;;;;;;;;;;;;;;;;0.0;;-2.9;2.4;0.2;1.8;8.6;;;-5.6;-3.3;4.9
2024-12-05;;3.6;;;;;-7.1;-1.3;;-2.1;;;;;;;;;;;-2.9;;-6.3;;;;;;;;;;;;;;;3.0;;;-1.6;;;;;2.4;;;;;;;;;;;;;-8.5;;;;;;;;;;;;;;;;;;;;;;;;;;;;;;;;-1.3;;;;;;;;;;;;;;;;;;;;-4.6;;;;;;;;;;;;2.6;;;;;;;;;;;;;;;;;;;3.4;;;1.3;;;2.3;;4.0;;;;0.6;;;;1.5;3.1;1.7;-2.9;1.4;1.2;;;;;;1.8;1.5;;;;2.5;;;2.8;;;;;;;;;;;;;;;;;;;;;;;;;;;-3.4;;-4.3;;;;;;;;;;;;;;;;;;;;;0.4;-0.4;-3.3;3.7;5.3;;3.6;2.9;;;-2.3;;;;;;;-0.5;-2.6;;;;-7.2;;-5.6;;;;;;;;;;;-2.3;;;;;;;;;;;-5.4;;;;-5.6;;;3.4;;;2.3;;;;;;;;;;;;;;;;;;;;;;;;;-7.5;-5.4;;21.5;;;;;;;;;;;;;;;;;;;;;;;;;;;-0.1;;-2.9;2.4;0.3;1.8;8.6;;;-5.6;-3.3;4.8
2024-12-06;;3.5;;;;;-7.1;-1.3;;-2.1;;;;;;;;;;;-2.8;;-6.3;;;;2.4;;;;;;;;;;;2.7;;;-1.6;;;;;2.4;;;;;;;;;;;;;-8.5;;;;;;;;;;;;;;;;;;;;;;;;;;;;;;;;-1.5;;;;;;;;;;;;;;;;;;;;-4.6;;;;;;;;;;;;2.5;;;;;;;;;;;;;;;;;;;3.4;;;1.4;;;2.2;;4.1;;;;0.6;;;;1.4;3.1;1.7;-2.9;1.2;1.2;;;;;;1.7;1.5;;;;2.4;;;2.9;;;;;;;;;;;;;;;;;;;;;;;;;;;-3.4;;-4.4;;;;;;;;;;;;;;;;;;;;;0.4;-0.5;-3.3;3.6;5.3;;3.6;3.0;;;-2.4;;;;;;;-0.4;-2.5;;;;-7.2;;-5.5;;;;;;;;;;;-2.1;;;;;;;;;;;-5.5;;;;;;;3.4;;;2.4;;;;;;;;;;;;;;;;;;;;;;;;;-7.6;-5.5;;21.5;;;;;;;;;;;;;;;;;;;;;;;;;;;0.0;4.2;-3.0;2.4;0.4;1.9;8.7;;;-5.7;-3.4;4.8
2024-12-07;;3.6;;;;;-7.0;-1.2;;-2.1;;;;;;;;;;;-2.7;;-6.2;;;;;;;;;;;;;;;2.6;;;-1.5;;;;;2.3;;;;;;;;;;;;;-8.5;;;;;;;;;;;;;;;;;;;;;;;;;;;;;;;;-1.4;;;;;;;;;;;;;;;;;;;;-4.6;;;;;;;5.6;1.6;;;;2.6;;;;;;;;;;;;;;;;;;;3.4;;;1.5;;;2.2;;4.2;;;;0.7;;;;1.4;3.0;1.6;-2.9;1.2;1.2;;;;;;1.8;1.7;;;;2.6;;;2.9;;;;;;;;;;;;;;;;;;;;;;;;;;;-3.4;;-4.3;;;;;;;;;;;;;;;;;;;;;0.3;-0.6;-3.4;3.5;5.2;;;2.8;;;-2.4;;;;;;;-0.4;-2.5;;;;-7.2;;-5.6;;;;;;;;;;;-2.0;;;;;;;;;;;-5.5;;;;;;;3.5;;;2.4;;;;;;;;;;;;;;;;;;;;;;;;;-7.7;-5.5;;21.4;;;;;;;;;;;;;;;;;;;;;;;;;;;0.0;4.4;-2.9;2.3;0.3;1.8;8.7;;;-5.7;-3.3;4.8
2024-12-08;;3.5;;;;;;;;;;;;;;;;;;;;;;;;;;;;;;;;;;;;2.7;;;-1.5;;;;;2.3;;;;;;;;;;;;;-8.5;;;;;;;;;;;;;;;;;;;;;;;;;;;;;;;;-1.3;;;;;;;;;;;;;;;;;;;;-4.7;;;;;3.3;;5.4;1.6;;;;2.7;3.8;;;;;;;;;;;;;;;;;;3.5;;;1.7;;;2.2;;4.2;;;;0.7;;;;1.3;3.0;1.6;-2.7;1.1;1.3;;;;;;1.7;1.8;;;;2.7;;;2.9;;;;;;;;;;;;;;;;;;;;;;;;;;;-3.4;;-4.3;;;;;;;;;;;;;;;;;;;;;0.4;-0.6;-3.4;3.5;5.1;;3.6;2.8;;;-2.5;;;;;;;-0.4;-2.5;;;;-7.3;;-5.6;;;;;;;;;;;-2.1;;;;;;;;;;;-5.5;;;;;;;3.5;;;2.5;;;;;;;;;;;;;;;;;;;;;;;;;-7.7;-5.1;;21.5;;;;;;;;;;;;;;;;;;;;;;;;;;;;;-3.0;2.4;0.4;1.7;8.7;;;-5.7;-3.3;4.9
2024-12-09;;3.5;;;;;-6.5;-1.2;;-1.9;;;;;;;;;;;-2.5;;-6.2;;;;2.7;;;;;;;;;;;2.9;;;-1.4;;;;;2.2;;;;;;;;;;;;;-8.5;;;;;;;;;;;;;;;;;;;;;;;;;;;;;;;;-1.2;;;;;;;;;;;;;;;;;;;;-4.7;;;;;3.5;;5.4;1.7;1.3;-0.6;1.9;2.7;3.9;;;;;;;;;;;;;;;;;;3.4;;;1.7;;;2.2;;4.2;;;;0.7;;;;1.3;2.9;1.5;-2.8;1.2;1.4;;;;;;1.7;1.7;;;;2.6;;;2.8;;;;;;;;;;;;;;;;;;;;;;;;;;;-3.4;;-4.3;;;;;;;;;;;;;;;;;;;;;0.5;-0.6;-3.4;3.5;5.0;;3.6;2.9;;;-2.7;;;;;;;-0.5;-2.5;;;;-7.2;;-5.6;;;;;;;;;;;-2.0;;;;;;;;;;;-5.5;;;;;;;3.5;;;2.5;;;;;;;;;;;;;;;;;;;;;;;;;-7.7;-5.3;;21.4;;;;;;;;;;;;;;;;;;;;;;;;;;;0.0;4.4;-3.0;2.4;0.4;1.6;8.6;;;-5.7;-3.2;4.9
2024-12-10;;3.6;;;;;-6.2;-1.2;;-2.0;;;;;;;;;;;-2.3;;-6.3;;;;2.7;;;;;;;;;;;3.1;;;-1.4;;;;;2.2;;;;;;;;;;;;;-8.4;;;;;;;;;;;;;;;;;;;;;;;;;;;;;;;;-1.0;;;;;;;;;;;;;;;;;;;;-4.7;;;;;3.4;;5.4;1.6;1.1;-0.6;2.0;2.6;3.9;;5.1;;2.3;;;;;;;;;;;;;;3.4;;;1.6;;;2.3;;4.2;;;;0.9;;;;1.3;2.6;1.3;-2.8;1.1;1.4;;;;;;1.7;1.6;;;;2.5;;;2.7;;;;;;;;;;;;;;;;;;;;;;;;;;;-3.3;;-4.3;;;;;;;;;;;;;;;;;;;;;;-0.5;-3.4;3.5;5.1;;3.6;3.0;;;-2.7;;;;;;;-0.4;-2.5;;;;-7.1;;-5.6;;;;;;;;;;;-2.0;;;;;;;;;;;-5.5;;;;;;;3.5;;;2.5;;;;;;;;;;;;;;;;;;;;;;;;;-7.6;-5.5;;21.4;;;;;;;;;;;;;;;;;;;;;;;;;;;-0.1;4.4;-3.2;2.3;0.4;1.5;8.7;;;-5.7;-3.0;4.9
2024-12-11;;3.7;;;;;-6.1;-1.3;;-2.0;;;;;;;;;;;-2.4;;-6.4;;;;2.6;;;;;;;;;;;3.0;;;-1.5;;;;;2.3;;;;;;;;;;;;;-8.4;;;;;;;;;;;;;;;;;;;;;;;;;;;;;;;;-1.0;;;;;;;;;;;;;;;;;;;;-4.7;;;;;3.3;;5.3;1.7;1.1;-0.8;2.0;2.4;3.8;2.7;5.0;;2.4;;;;;;;;;;;;;;3.2;;;1.5;;;2.3;;4.2;;;;1.1;;;;1.3;2.4;1.3;-2.8;1.2;1.4;;;;;;1.5;1.5;;;;2.5;;;2.6;;;;;;;;;;;;;;;;;;;;;;;;;;;-3.2;;-4.3;;;;;;;;;;;;;;;;;;;;;;-0.5;;3.5;;;3.6;3.0;;;-2.7;;;;;;;-0.5;-2.5;;;;-7.0;;-5.6;;;;;;;;;;;-2.2;;;;;;;;;;;-5.5;;;;;;;3.6;;;2.5;;;;;;;;;;;;;;;;;;;;;;;;;-7.8;-5.7;;21.3;;;;;;;;;;;;;;;;;;;;;;;;;;;-0.2;4.4;-3.2;2.3;0.4;1.5;8.6;;;-5.7;-2.9;4.9
2024-12-12;;3.7;;;;;-6.0;-1.2;;-1.9;;;;;;;;;;;-2.6;;-6.4;;;;2.6;;;;;;;;;;;3.0;;;-1.5;;;;;2.3;;;;;;;;;;;;;-8.4;;;;;;;;;;;;;;;;;;;;;;;;;;;;;;;;-1.0;;;;;;;;;;;;;;;;;;;;-4.7;;;;;3.4;;5.3;1.7;1.1;-0.7;2.1;2.3;3.7;2.7;5.0;;2.6;;;;;;;;;;;;;;3.2;;;1.4;;;2.4;;4.2;;;;1.2;;;;1.3;;1.3;-2.9;1.1;1.5;;;;;;1.5;1.3;;;;2.3;;;2.5;;;;;;;;;;;;;;;;;;;;;;;;;;;-3.2;;-4.3;;;;;;;;;;;;;;;;;;;;;0.7;-0.5;;3.5;5.1;;3.5;3.0;;;-2.5;;;;;;;-0.5;-2.5;;;;-7.1;;-5.6;;;;;;;;;;;-2.2;;;;;;;;;;;-5.5;;;;;;;3.8;;;2.5;;;;;;;;;;;;;;;;;;;;;;;;;-7.7;-5.9;;21.3;;;;;;;;;;;;;;;;;;;;;;;;;;;-0.3;4.3;-3.3;2.2;0.4;1.5;8.6;;;-5.7;-2.9;4.8
2024-12-13;;3.7;;;;;-6.1;-1.2;;-1.9;;;;;;;;;;;-2.6;;-6.6;;;;2.5;;;;;;;;;;;3.1;;;-1.5;;;;;2.3;;;;;;;;;;;;;;;;;;;;;;;;;;;;;;;;;;;;;;;;;;;;;-0.9;;;;;;;;;;;;;;;;;;;;-4.7;;;;;3.2;2.7;5.3;1.6;1.2;-0.9;1.9;2.2;3.8;2.6;4.9;3.8;2.6;;;;;;1.5;;;;;0.8;5.1;;3.0;;;1.3;;;2.5;;4.2;;;;1.4;;;;1.4;;1.2;-2.8;1.0;1.6;;;;;;1.5;1.1;;;;2.2;;;2.4;;;;;;;;;;;;;;;;;;;;;;;;;;;-3.2;;-4.3;;;;;;;;;;;;;;;;;;;;;0.8;-0.4;-3.5;3.5;5.1;;3.5;3.0;;;-2.4;;;;;;;-0.4;-2.5;;;;-7.1;;-5.6;;;;;;;;;;;-2.2;;;;;;;;;;;-5.5;;;;;;;3.8;;;2.5;;;;;;;;;;;;;;;;;;;;;;;;;-7.7;-6.0;;;;;;;;;;;;;;;;;;;;;;;;;;;;;-0.3;4.2;-3.3;2.1;0.4;1.5;8.7;;;-5.7;-2.8;4.7
2024-12-14;;3.7;;;;;-6.1;-1.0;;-1.9;;;;;;;;;;;-2.7;;-6.7;;;;;;;;;;;;;;;3.1;;;-1.5;;;;;2.4;;;;;;;;;;;;;;;;;;;;;;;;;;;;;;;;;;;;;;;;;;;;;-1.0;;;;;;;;;;;;;;;;;;;;-4.7;;;;;3.2;2.6;5.2;1.5;1.1;-0.7;2.0;2.2;3.8;2.7;4.6;3.7;2.9;0.9;;;;0.5;1.3;1.0;-0.5;;;0.7;4.9;;2.9;;;1.3;;;2.5;;4.2;;;;1.4;;;;1.5;2.4;1.4;-2.8;1.1;1.5;;;;;;1.4;1.1;;;;2.1;;;2.5;;;;;;;;;;;;;;;;;;;;;;;;;;;-3.3;;;;;;;;;;;;;;;;;;;;;;;0.9;-0.4;-3.4;3.5;5.0;;3.5;3.0;;;-2.5;;;;;;;-0.3;-2.5;;;;-7.0;;-5.5;;;;;;;;;;;-2.2;;;;;;;;;;;-5.5;;;;;;;3.9;;;2.3;;;;;;;;;;;;;;;;;;;;;;;;;-7.6;-6.1;;21.3;;;;;;;;;;;;;;;;;;;;;;;;;;;-0.2;4.3;-3.3;2.0;0.4;1.6;8.6;;;-5.7;-2.7;4.8
2024-12-15;;3.7;;;;;-6.0;-1.0;;-1.9;;;;;;;;;;;-2.6;;-6.8;;;;2.7;;;;;;;;;;;3.1;;;-1.5;;;;;2.3;;;;;;;;;;;;;;;;;;;;;;;;;;;;;;;;;;;;;;;;;;;;;-1.0;;;;;;;;;;;;;;;;;;;;-4.7;;;;;3.3;2.8;5.1;1.5;1.1;-0.6;2.0;2.1;3.8;2.6;4.7;;3.0;1.1;;1.2;4.2;0.7;1.4;1.0;-0.2;;5.2;0.8;4.9;;2.9;;;1.4;;;2.5;;4.2;;;;1.5;;;;1.5;2.3;1.3;-2.8;1.1;1.5;;;;;;1.4;1.1;;;;2.0;;;2.5;;;;;;;;;;;;;;;;;;;;;;;;;;;-3.3;;;;;;;;;;;;;;;;;;;;;;;0.9;-0.4;-3.4;3.6;5.0;;3.5;3.0;;;-2.6;;;;;;;-0.2;-2.6;;;;-7.0;;-5.5;;;;;;;;;;;-2.1;;;;;;;;;;;-5.5;;;;;;;3.9;;;2.3;;;;;;;;;;;;;;;;;;;;;;;;;-7.5;-5.6;;21.4;;;;;;;;;;;;;;;;;;;;;;;;;;;-0.2;4.3;-3.4;2.1;0.4;1.5;8.6;;;-5.7;-2.7;4.8
2024-12-16;;3.7;;;;;-5.9;-1.0;;-1.9;;;;;;1.7;;;;;-2.7;;-6.9;;;;2.7;;;;;;;;;;;3.0;;;-1.5;;;;;2.3;;;;;;;;;;;;;;;;;;;;;;;;;;;;;;;;;;;;;;;;;;;;;-1.0;;;;;;;;;;;;;;;;;;;;-4.7;;;;;3.2;2.7;5.1;1.3;1.0;-0.6;1.9;2.0;3.7;2.4;4.4;;2.9;1.1;;1.0;4.4;0.6;1.4;0.9;-0.4;-1.0;5.1;0.8;4.8;;2.8;;;1.3;;;2.5;;4.2;;;;1.5;;;;1.5;2.4;1.0;-2.8;1.0;1.5;;;;;;1.5;0.9;;;;2.0;;;2.6;;;;;;;;;;;;;;;;;;;;;;;;;;;-3.4;;;;;;;;;;;;;;;;;;;;;;;1.5;-0.4;-3.4;3.6;4.9;;;3.1;;;;;;;;;;-0.2;-2.7;;;;-7.0;;-5.5;;;;;;;;;;;-2.1;;;;;;;;;;;-5.5;;;;;;;3.9;;;2.4;;;;;;;;;;;;;;;;;;;;;;;;;-7.4;-5.4;;21.4;;;;;;;3.1;;;;;;;;;;;;;;;;;;;;-0.3;4.3;-3.4;2.2;0.5;;;;;-5.7;-2.6;4.8
2024-12-17;;;;;;;-5.8;-1.0;;-1.9;;;;;;1.7;;;;;-2.7;;-7.0;;;;2.7;;;;;;;;;;;3.1;;;-1.4;;;;;2.2;;;;;;;;;;;;;-8.4;;;-1.0;;;;;;;;;;;;;;;;;;;;;;;;;;;;;;;;;;;;;;;;;;;;;;;;;-4.7;;;;;3.2;2.8;5.1;1.3;0.9;-0.7;1.9;2.0;3.8;2.5;4.7;;2.9;1.2;;1.0;4.4;0.6;1.4;1.1;-0.2;-0.7;5.2;0.7;5.0;;2.8;;;1.3;;;2.6;;4.2;;;;1.5;;;;1.5;2.2;1.1;-2.9;1.0;1.6;;;;;;1.4;1.1;;;;2.1;;;2.7;;;;;;;;;;;;;;;;;;;;;;;;;;;-3.4;;;;;;;;;;;;;;;;;;;;;;;1.0;-0.5;-3.4;3.6;4.9;;3.5;3.1;;;-2.4;;;;;;;-0.2;-2.7;;;;-6.9;;-5.5;;;;;;;;;;;-2.0;;;;;;;;;;;-5.5;;;;;;;3.9;;;2.4;;;;;;;;;;;;;;;;;;;;;;;;;-7.4;-5.6;;21.4;;;;;0.2;0.5;3.3;;;;;;;;;;;;;;;;;;;;-0.1;4.2;-3.4;2.2;0.6;1.5;8.6;;;-5.8;-2.5;4.8
2024-12-18;;;;;;;-5.8;-1.0;;-1.8;;;;;;1.2;;;;;-2.7;;-7.1;;;;2.4;;;;;;;;;;;3.1;;;-1.5;;;;;2.2;;;;;;;;;;;;;-8.5;;2.1;-1.0;-1.7;;;;;;;;;;;;;;;;;;;;;;;;;;;;-0.6;;;;;;;;;;;;;;;;;;;;-4.8;;;;;3.2;2.8;5.1;1.3;0.9;-0.6;1.9;2.1;3.8;2.5;4.7;;2.9;1.4;;1.2;4.4;0.6;1.5;1.2;-0.4;-0.5;5.2;0.8;5.0;;2.8;;;1.3;;;2.6;;4.4;;;;1.3;;;;1.4;2.1;1.0;-2.8;1.0;1.6;;;;;;1.6;1.1;;;;2.3;;;2.7;;;;;;;;;;;;;;;;;;;;;;;;;;;-3.5;;-4.1;;;;;;;;;;;;;;;;;;;;;1.3;-0.5;-3.4;3.8;4.9;;3.5;3.2;;;-2.4;;;;;;;-0.2;-2.9;;;;-6.9;;-5.5;;;;;;;;;;;-2.0;;;;;;;;;;;-5.5;;;;;;;4.0;;;2.4;;;;;;;;;;;;;;;;;;;;;;;;;-7.4;-5.5;;21.4;;;;;-0.1;0.5;3.3;;;;;;;;;;;;;;;;;;;;-0.3;4.2;-3.5;2.3;0.6;1.5;8.6;;;-5.8;-2.5;4.7
2024-12-19;;;;;;;-5.7;-0.9;;-1.8;;;;;;1.2;;;;;-2.7;;-7.3;;;;2.5;;;;;;;;;;;3.0;;;-1.4;;;;;2.1;;;;;;;;;;;;;-8.5;;2.2;-0.9;-1.7;;;;;;;;;;;;;;;;;;;;;;;;;;;;-0.4;;;;;;;;;;;;;;;;;;;;-4.7;;;;;3.2;2.9;5.2;1.3;0.9;-0.6;2.0;2.2;3.9;2.7;4.9;3.8;3.0;1.6;;1.4;4.3;0.8;1.6;1.3;-0.2;-0.3;5.3;0.9;5.1;;2.8;;;1.4;;;2.7;;4.3;;;;1.4;;;;1.5;2.3;0.9;-2.7;1.0;1.6;;;;;;1.6;1.2;;;;2.3;;;2.8;;;;;;;;;;;;;;;;;;;;;;;;;;;-3.6;;-3.9;;;;;;;;;;;;;;;;;;;;;1.7;-0.5;-3.4;3.8;4.9;;3.4;3.2;;;-2.3;;;;;;;-0.2;-2.9;;;;-6.8;;-5.4;;;;;;;;;;;-2.0;;;;;;;;;;;-5.5;;;;;;;4.0;;;2.4;;;;;;;;;;;;;;;;;;;;;;;;;-7.5;-5.4;;21.4;;;;;0.0;0.6;3.4;;;;;;;;;;;;;;;;;;;;-0.3;4.2;-3.5;2.2;0.6;1.5;8.5;;;-5.8;-2.5;4.8
2024-12-20;;;;;;;-5.7;;;;;;;;;1.0;;;;;-2.7;;;;;;2.5;;;;;;;;;;;3.0;;;-1.5;;;;;2.2;;;;;;;;;;;;;-8.6;;;;;;;;;;;;;;;;;;;;;;;;;;;;;;;;-0.3;;;;;;;;;;;;;;;;;;;;-4.8;;;;;3.3;2.9;5.2;1.2;0.8;-0.6;1.9;2.1;3.9;2.6;4.8;3.9;2.7;1.7;;1.3;4.3;1.0;1.7;1.3;-0.1;-0.3;5.4;0.9;4.9;;3.0;;;1.4;;;2.8;;4.4;;;;1.5;;;;1.4;2.4;0.9;-2.6;1.1;1.8;;;;;;1.6;1.5;;;;2.3;;;2.8;;;;;;;;;;;;;;;;;;;;;;;;;;;-3.7;;-3.7;;;;;;;;;;;;;;;;;;;;;1.4;-0.5;-3.4;3.8;5.0;;3.4;3.1;;;-2.3;;;;;;;-0.1;-3.0;;;;-6.8;;-5.4;;;;;;;;;;;-2.0;;;;;;;;;;;-5.5;;;;;;;4.0;;;2.4;;;;;;;;;;;;;;;;;;;;;;;;;-7.5;-5.2;;21.4;;;;;0.1;0.7;3.2;;;;;;;;;;;;;;;;;;;;-0.3;4.2;-3.4;2.2;0.6;1.5;8.5;;;-5.9;-2.5;4.8
2024-12-21;;;;;;;-6.3;-1.0;;-2.0;;;;;;1.3;;;;;-2.5;;-7.7;;;;2.4;;;;;;;;;;;3.0;;;-1.6;;;;;2.2;;;;;;;;;;;;;-8.6;;;;;;;;;;;;;;;;;;;;;;;;;;;;;;;;-0.2;;;;;;;;;;;;;;;;;;;;-4.8;;;;;3.3;2.9;5.1;0.9;0.6;-0.8;1.9;2.0;3.7;2.4;4.8;3.8;2.6;1.5;;1.4;4.5;0.8;1.4;1.1;-0.4;-0.4;5.4;0.8;4.8;;2.9;;;1.2;;;2.8;;4.4;;;;1.5;;;;1.4;2.3;0.9;-2.6;1.1;1.7;;;;;;1.5;1.3;;;;1.9;;;2.6;;;;;;;;;;;;;;;;;;;;;;;;;;;-3.7;;-3.8;;;;;;;;;;;;;;;;;;;;;1.5;-0.5;-3.5;3.8;4.9;;3.3;3.1;;;-2.6;5.0;3.0;2.4;-0.2;;;0.0;-3.0;;;;-6.7;;-5.4;;;;;;;;;;;-2.0;;;;;;;;;;;-5.5;;;;;;;4.0;;;2.4;;;;;;;;;;;;;;;;;;;;;;;;;-7.5;-5.2;;21.4;;;;;-0.2;0.6;3.1;;;;;;;;;;;;;;;;;;;;-0.2;4.2;-3.5;2.2;0.6;1.5;;;;-6.0;-2.4;4.7
2024-12-22;;;;;;;;;;;;;;;;;;;;;;;;;;-2.9;2.4;;;;;;;;;;;2.9;;;-1.7;;;;;2.2;;;;;;;;;;;;;-8.6;;2.1;-0.9;-1.7;;;;;;;;;;;;;;;;;;;;;;;;;;;;-0.2;;;;;;;;;;;;;;;;;;;;-4.8;;;;;3.3;2.9;5.1;0.9;0.6;-0.7;1.9;1.9;3.7;2.5;5.1;3.7;2.7;1.7;;1.5;4.5;0.9;1.5;1.1;-0.4;-0.3;5.3;0.8;4.9;;2.8;;;1.3;;;2.8;;4.3;;;;1.6;;;;1.5;2.3;0.8;-2.6;1.1;1.7;;;;;;1.5;1.3;;;;1.9;;;2.6;;;;;;;;;;;;;;;;;;;;;;;;;;;-3.7;;-3.8;;;;;;;;;;;;;;;;;;;;;1.0;-0.6;;3.7;4.8;;3.3;3.2;;;-2.7;4.9;2.9;2.2;-0.3;;;-0.1;-3.1;;;;-6.7;;-5.4;;;;;;;;;;;-1.9;;;;;;;;;;;-5.5;;;;;;;4.0;;;2.4;;;;;;;;;;;;;;;;;;;;;;;;;-7.4;-5.0;;21.4;;;;;-0.2;0.6;3.0;;;;;;;;;;;;;;;;;;;;-0.1;4.2;-3.4;2.3;0.5;1.6;;;;;;4.7
2024-12-23;;3.6;;;;;;;;;;;;;;;;;;;;;;;;-2.9;2.2;;;;;;;;;;;3.0;;;-1.7;;;;;2.1;;;;;;;;;;;;;-8.6;;2.3;-1.0;-1.8;;;;;;;;;;;;;;;;;;;;;;;;;;;;-0.1;;;;;;;;;;;;;;;;;;;;-4.8;;;;;3.3;3.0;5.1;1.0;0.7;-0.7;2.0;1.9;3.8;2.5;5.1;3.6;2.7;1.7;;1.6;4.6;1.0;1.6;1.2;-0.3;-0.2;5.4;0.9;5.0;;2.8;;;1.4;;;2.8;;4.3;;;;1.7;;;;1.5;2.3;1.0;-2.5;1.2;1.8;;;;;;1.6;1.2;;;;2.0;;;2.6;;;;;;;;;;;;;;;;;;;;;;;;;;;-3.7;;-3.8;;;;;;;;;;;;;;;;;;;;;1.0;-0.6;-3.5;3.8;4.7;;3.3;3.1;;;-2.6;4.9;2.9;2.2;-0.2;;;0.1;-3.2;;;;-6.6;;-5.5;;;;;;;;;;;-1.8;;;;;;;;;;;-5.5;;;;;;;4.0;;;2.4;;;;;;;;;;;;;;;;;;;;;;;;;-7.3;-5.0;;21.4;;5.5;;;0.0;0.6;3.0;;;;;;;;;;;;;;;;;;;;-0.1;4.1;-3.4;2.4;0.5;1.7;8.5;;;-6.0;-2.5;4.7
2024-12-24;;3.5;;;;;;;;;;;;;;1.4;;;;;-2.7;;-9.0;;;-2.9;2.1;;;;;;;;;;;3.0;;;-1.8;;;;;2.1;;;;;;;;;;;;;-8.7;2.3;2.0;-1.0;-1.8;;;;;;;;;;;;;;;;;;;;;;;;;;;;-0.2;;;;;;;;;;;;;;;;;;;;-4.9;;;;;3.4;3.0;5.2;0.9;0.7;-0.7;1.9;1.8;3.7;2.4;5.0;3.8;2.6;1.6;;1.5;4.6;1.0;1.4;1.1;-0.3;-0.2;5.3;0.8;4.9;;2.7;;;1.3;;;2.9;;4.3;;;;1.7;;;;1.4;2.3;0.9;-2.5;1.2;1.8;;;;;;1.7;1.0;;;;1.7;;;2.5;;;;;;;;;;;;;;;;;;;;;;;;;;;-3.8;;-3.9;;;;;;;;;;;;;;;;;;;;;0.9;-0.7;-3.5;3.8;4.7;;3.4;3.2;;;-2.5;4.9;2.9;2.3;-0.2;;;0.1;-3.4;;;;-6.6;;-5.4;;;;;;;;;;;-1.9;;;;;;;;;;;-5.4;;;;;;;4.0;;;2.2;;;;;;;;;;;;;;;;;;;;;;;;;-7.3;-5.0;;21.4;;5.5;;;0.0;0.6;3.0;;;;;;;;;;;;;;;;;;;;-0.1;;-3.5;2.4;0.6;1.7;8.4;;;-6.1;-2.5;4.8
2024-12-25;;3.4;;;;;;-1.1;;-2.0;;;;;;2.0;;;;;-2.7;;-9.0;;;-3.0;;;;;;;;;;;;3.0;;;-1.8;;;;;2.0;;;;;;;;;;;;;-8.7;2.4;1.9;-1.2;-1.9;;;;;;;;;;;;;;;;;;;;;;;;;;;;-0.4;;;;;;;;;;;;;;;;;;;;-4.9;;;;;3.5;3.0;5.1;0.7;0.8;-0.7;1.9;1.9;3.7;2.6;4.9;3.9;2.8;1.8;;1.7;4.6;1.0;1.7;1.2;-0.2;0.0;5.2;1.1;5.0;;2.8;;;1.3;;;2.9;;4.3;;;;1.8;;;;1.3;2.3;0.9;-2.5;1.2;1.7;;;;;;1.6;1.0;;;;1.8;;;2.5;;;;;;;;;;;;;;;;;;;;;;;;;;;-3.9;;-3.8;;;;;;;;;;;;;;;;;;;;;0.9;-0.8;-3.5;3.8;4.7;;3.3;3.1;;;-2.5;5.1;2.9;2.4;-0.1;;;0.2;-3.5;;;;-6.5;;-5.4;;;;;;;;;;;-1.8;;;;;;;;;;;-5.4;;;;;;;4.0;;;2.3;;;;;;;;;;;;;;;;;;;;;;;;;-7.2;-4.7;;21.4;;5.5;;;0.1;0.6;3.1;;;;;;;;;;;;;;;;;;;;-0.2;;-3.4;2.5;0.6;1.8;8.4;;;-6.1;-2.4;4.8
2024-12-26;;3.5;;;;;;-1.0;;-1.9;;;;;;2.2;;;;;-2.9;;-9.0;;;-3.3;;;;;;;;;;;;3.0;;;-1.9;;;;;2.1;;;;;;;;;;;;;-8.6;;;;;;;;;;;;;;;;;;;;;;;;;;;;;;;;-0.3;;;;;;;;;;;;;;;;;;;;-4.9;;;;;3.5;3.0;5.2;0.7;0.8;-0.7;1.9;2.0;3.8;2.7;4.9;3.7;2.8;1.8;;1.5;4.6;1.2;1.8;1.1;-0.1;0.2;5.2;1.0;5.0;;2.8;;;1.2;;;2.9;;4.3;;;;1.8;;;;1.3;2.5;1.0;-2.5;1.3;1.6;;;;;;1.6;0.8;;;;2.0;;;2.6;;;;;;;;;;;;;;;;;;;;;;;;;;;-3.8;;-3.8;;;;;;;;;;;;;;;;;;;;;0.9;-0.8;-3.7;3.7;4.6;;3.2;3.1;;;-2.6;5.1;2.9;2.4;-0.1;;;0.2;-3.4;;;;-6.6;;-5.4;;;;;;;;;;;-1.8;;;;;;;;;;;-5.4;;;;;;;4.0;;;2.2;;;;;;;;;;;;;;;;;;;;;;;;;-7.1;-4.4;;21.5;;5.6;;;0.1;0.7;3.2;;;;;;;;;;;;;;;;;;;;-0.3;;-3.5;2.4;0.7;1.8;8.3;;;-6.1;-2.3;4.6
2024-12-27;;3.5;;;;;;;;;;;;;;;;;;;;;;;;-3.2;;;;;;;;;;;;2.9;;;-2.0;;;;;2.0;;;;;;;;;;;;;-8.5;2.3;1.9;-1.2;-1.8;;;;;;;;;;;;;;;;;;;;;;;;;;;;-0.4;;;;;;;;;;;;;;;;;;;;-4.9;;;;;3.4;3.0;5.1;0.7;0.7;-0.6;1.9;2.0;3.8;2.6;4.9;3.7;2.8;1.6;;1.5;4.6;1.1;1.7;1.1;-0.3;0.1;5.1;0.8;4.8;;2.8;;;1.2;;;2.9;;4.3;;;;1.9;;;;;;;-2.5;;1.6;;;;;;1.6;0.8;;;;1.9;;;2.6;;;;;;;;;;;;;;;;;;;;;;;;;;;-3.8;;-4.0;;;;;;;;;;;;;;;;;;;;;0.7;-0.8;-3.7;3.8;4.6;;3.2;3.0;;;-2.8;5.1;2.9;2.5;0.0;;;0.3;-3.6;;;;-6.5;;-5.4;;;;;;;;;;;-1.9;;;;;;;;;;;-5.4;;;;;;;3.9;;;2.2;;;;;;;;;;;;;;;;;;;;;;;;;-7.2;-4.3;;21.5;;5.5;;;0.1;0.5;3.1;;;;;;;;;;;;;;;;;;;;-0.3;4.1;-3.5;2.4;0.8;1.8;8.1;;;-6.0;-2.3;4.5
2024-12-28;;3.7;;;;;;-0.9;;-1.8;;;;;;1.5;;;;;-3.0;;-8.9;;;-3.2;;;;;;;;;;;;2.9;;;-2.0;;;;;2.0;;;;;;;;;;;;;-8.5;;;;;;;;;;;;;;;;;;;;;;;;;;;;;;;;-0.5;;;;;;;;;;;;;;;;;;;;-4.9;;;;;3.1;3.0;5.1;0.7;0.7;-0.7;1.7;2.0;3.8;2.6;4.9;;2.8;1.6;;1.5;4.4;1.1;1.7;1.1;-0.3;0.1;5.1;0.8;4.7;;2.8;;;1.2;;;2.9;;4.3;;;;2.0;;;;1.3;2.5;1.0;-2.6;;1.6;;;;;;1.7;0.6;;;;1.9;;;2.7;;;;;;;;;;;;;;;;;;;;;;;;;;;-3.8;;-4.1;;;;;;;;;;;;;;;;;;;;;0.4;-0.7;-3.7;3.7;4.7;;3.2;3.0;;;-2.8;5.1;3.0;2.3;-0.1;;;0.3;-3.7;;;;-6.4;;-5.3;;;;;;;;;;;-2.0;;;;;;;;;;;-5.3;;;;;;;4.0;;;2.2;;;;;;;;;;;;;;;;;;;;;;;;;-7.3;-4.3;;21.5;;5.3;;;;0.6;3.1;;;;;;;;;;;;;;;;;;;;-0.3;4.1;-3.3;2.4;0.7;1.8;8.0;;;-6.0;-2.4;4.5
2024-12-29;;3.5;;;;;;-1.0;;-1.9;;;;;;1.3;;;;;-3.3;;-8.9;;;-3.2;;;;;;;;;;;;;;;;;;;;;;;;;;;;;;;;;-8.6;;;;;;;;;;;;;;;;;;;;;;;;;;;;;;;;-0.5;;;;;;;;;;;;;;;;;;;;-4.9;;;;;;;;;;;;;;;;;;;;;;;;;;;;;;;;;;;;;3.0;;4.3;;;;2.0;;;;1.4;2.4;1.1;-2.6;;;;;;;;;;;;;;;;;;;;;;;;;;;;;;;;;;;;;;;;;;;-3.8;;-4.0;;;;;;;;;;;;;;;;;;;;;0.0;-0.7;-3.7;3.7;4.7;;3.1;2.9;;;-2.8;5.0;3.0;2.3;-0.1;;;0.2;-3.7;;;;-6.4;;-5.3;;;;;;;;;;;-2.1;;;;;;;;;;;-5.3;;;;;;;4.0;;;2.2;;;;;;;;;;;;;;;;;;;;;;;;;-7.3;-4.4;;21.5;;;;;;;;;;;;;;;;;;;;;;;;;;;-0.2;4.1;-3.3;2.4;0.7;1.9;8.0;;;-6.1;-2.4;4.5
2024-12-30;;3.5;;;;;;-1.0;;-1.7;;;;;;0.9;;;;;-3.5;;-9.2;;;-3.0;;;;;;;;;;;;;;;;;;;;;;;;;;;;;;;;;-8.5;;;;;;;;;;;;;;;;;;;;;;;;;;;;;;;;-0.5;;;;;;;;;;;;;;;;;;;;-4.9;;;;;;;;;;;;;;;;;;;;;;;;;;;;;;;;;;;;;3.0;;;;;;;;;;1.5;2.9;1.3;-2.6;;;;;;;;;;;;;;;;;;;;;;;;;;;;;;;;;;;;;;;;;;;-3.9;;-4.0;;;;;;;;;;;;;;;;;;;;;-0.5;-0.8;-3.8;3.6;4.7;;3.1;2.9;;;-2.9;5.0;3.1;2.3;-0.2;;;0.1;-3.7;;;;-6.3;;-5.3;;;;;;;;;;;-2.2;;;;;;;;;;;-5.3;;;;;;;4.0;;;2.2;;;;;;;;;;;;;;;;;;;;;;;;;;;;;;;;;;;;;;;;;;;;;;;;;;;;;;;-0.1;4.1;-3.4;2.4;0.7;1.9;8.0;;;-6.1;-2.6;
2024-12-31;;;;;;;;;;;;;;;;;;;;;;;;;;-3.0;;;;;;;;;;;;;;;;;;;;;;;;;;;;;;;;;-8.5;;;;;;;;;;;;;;;;;;;;;;;;;;;;;;;;-0.5;;;;;;;;;;;;;;;;;;;;-4.9;;;;;;;5.3;;;;1.6;;3.7;;;;2.7;1.8;;;;;;;;;;;;;;;;1.1;;;;;;;;;;;;;1.4;3.0;1.2;-2.5;;;;;;;;;;;;;;;;;;;;;;;;;;;;;;;;;;;;;;;;;;;;;-4.2;;;;;;;;;;;;;;;;;;;;;-0.5;-0.8;-3.8;3.6;4.7;;3.0;2.9;;;-2.9;;;;;;;0.0;-3.8;;;;-6.1;;-5.4;;;;;;;;;;;-2.2;;;;;;;;;;;-5.2;;;;;;;4.0;;;2.2;;;;;;;;;;;;;;;;;;;;;;;;;;;;;;5.5;;;0.4;0.2;3.1;;;;;;;;;;;;;;;;;;;;-0.1;4.1;-3.4;2.5;0.7;1.9;7.9;;;-6.1;-2.7;
2025-01-01;;3.3;;;;;;;;;;;;;;;;;;;;;;;;-2.9;;;;;;;;;;;;2.8;;;-1.9;;;;;1.9;;;;;;;;;;;;;-8.5;;;;;;;;;;;;;;;;;;;;;;;;;;;;;;;;-0.5;;;;;;;;;;;;;;;;;;;;-5.0;;;;;;;;;;;;;;;;;;1.8;;1.6;;;;;;;5.0;;;;;;;;;;2.8;;4.3;;;;1.9;;;;1.5;;1.3;-2.4;;;;;;;;;;;;;;;;;;;;;;;;;;;;;;;;;;;;;;;;;;;-3.8;;-4.4;;;;;;;;;;;;;;;;;;;;;-0.5;-0.8;-3.7;3.6;4.6;;3.1;2.7;;;-2.8;;;;;;;0.0;-3.9;;;;-6.0;;-5.5;;;;;;;;;;;-2.2;;;;;;;;;;;-1.9;;;;;;;4.0;;;2.1;;;;;;;;;;;;;;;;;;;;;;;;;-7.3;-4.0;;21.6;;;;;;;;;;;;;;;;;;;;;;;;;;;-0.1;4.0;-3.4;2.5;;1.8;7.8;;;-6.1;-2.8;
2025-01-02;;2.9;;;;;;-0.9;;;;;;;;0.8;;;;;-3.5;;-9.4;;;-2.9;;;;;;;;;;;;2.8;;;-1.8;;;;;1.8;;;;;;;;;;;;;-8.5;;1.8;-1.0;-1.8;;;;;;;;;;;;;;;;;;;;;;;;;;;;-0.5;;;;;;;;;;;;;;;;;;;;-4.9;;;;;3.2;3.2;5.3;0.8;0.8;-0.6;1.1;1.6;3.8;2.8;5.1;;2.7;1.7;;1.5;4.4;1.2;1.8;0.8;-0.2;0.1;4.9;0.7;5.0;;3.4;;;1.3;;;2.7;;4.3;;;;1.9;;;;1.4;3.2;1.3;-2.3;;1.2;;;;;;1.6;0.7;;;;2.2;;;2.6;;;;;;;;;;;;;;;;;;;;;;;;;;;-3.9;;-4.4;;;;;;;;;;;;;;;;;;;;;-1.0;-0.7;-3.7;3.5;4.7;;3.1;2.6;;;-2.7;5.0;3.1;2.5;-0.1;;;-0.1;-3.9;;;;-5.9;;-5.6;;;;;;;;;;;-2.2;;;;;;;;;;;-1.8;;;;;;;4.0;;;2.2;;;;;;;;;;;;;;;;;;;;;;;;;-7.3;-4.0;;21.5;;5.5;;;0.5;0.2;3.1;;;;;;;;;;;;;;;;;;;;0.0;4.1;-3.2;2.5;;1.9;7.8;;;-6.1;-2.6;
2025-01-03;;2.9;;;;;;-0.8;;;;;;;;0.9;;;;;-3.3;;-9.3;;;-2.8;;;;;;;;;;;;2.8;;;-1.9;;;;;1.8;;;;;;;;;;;;;-8.6;2.8;1.7;-1.0;-1.6;;;;;;;;;;;;;;;;;;;;;;;;;;;;-0.6;;;;;;;;;;;;;;;;;;;;-4.9;;;;;3.4;3.2;5.4;0.7;0.8;-0.6;1.2;1.7;3.8;2.9;5.6;;2.9;1.7;;1.6;4.5;1.2;1.8;0.8;-0.4;-0.1;4.9;0.8;5.2;;3.6;;;1.5;;;2.6;;4.4;;;;1.9;;;;1.5;3.3;1.2;-2.3;1.4;1.4;;;;;;1.6;0.5;;;;2.0;;;2.4;;;;;;;;;;;;;;;;;;;;;;;;;;;-3.8;;-4.6;;;;;;;;;;;;;;;;;;;;;-1.5;-0.7;-3.7;3.6;4.7;;3.1;2.5;;;-2.6;5.0;3.1;2.5;-0.1;;;-0.1;-3.9;;;;-5.8;;-5.7;;;;;;;;;;;-2.2;;;;;;;;;;;-1.8;;;;;;;4.0;;;2.2;;;;;;;;;;;;;;;;;;;;;;;;;-7.4;-3.9;;21.4;;5.8;;;0.4;0.3;3.3;;;;;;;;;;;;;;;;;;;;0.0;4.1;-3.2;2.6;;1.9;7.8;;;-6.1;-2.5;
2025-01-04;;2.8;;;;;;-0.8;;;;;;;;1.1;;;;;-3.2;;-9.4;;;-2.5;;;;;;;;;;;;2.5;;;-1.9;;;;;1.8;;;;;;;;;;;;;-8.6;2.5;1.4;-1.1;-1.5;;;;;;;;;;;;;;;;;;;;;;;;;;;;-0.5;;;;;;;;;;;;;;;;;;;;-4.9;;;;;3.4;3.1;5.4;0.6;0.9;-0.7;1.4;1.7;3.7;2.9;5.5;;2.9;1.7;;1.7;4.5;1.3;1.8;1.0;-0.3;0.0;4.7;0.7;5.2;;3.7;;;1.9;;;2.6;;4.5;;;;1.8;;;;1.6;3.7;1.2;-2.4;1.6;1.4;;;;;;1.6;0.2;;;;2.0;;;2.3;;;;;;;;;;;;;;;;;;;;;;;;;;;-3.8;;-4.7;;;;;;;;;;;;;;;;;;;;;0.0;-0.7;-3.7;3.7;4.6;;3.1;2.5;;;-2.6;4.9;3.1;2.3;-0.1;;;-0.1;-3.8;;;;-5.8;;-5.8;;;;;;;;;;;-2.3;;;;;;;;;;;-1.7;;;;;;;4.0;;;2.3;;;;;;;;;;;;;;;;;;;;;;;;;-7.5;-3.9;;21.3;;5.7;;;0.5;0.4;3.4;;;;;;;;;;;;;;;;;;;;0.0;4.0;-3.2;2.6;;1.9;7.9;;;-6.0;-2.5;
2025-01-05;;2.7;;;;;;-0.8;;;;;;;;0.9;;;;;-3.3;;-9.3;;;-2.5;;;;;;;;;;;;2.4;;;-1.9;;;;;1.8;;;;;;;;;;;;;-8.6;2.4;1.5;-1.1;-1.5;;;;;;;;;;;;;;;;;;;;;;;;;;;;-0.4;;;;;;;;;;;;;;;;;;;;-4.9;;;;;3.5;3.1;5.2;0.6;0.9;-0.8;1.4;1.7;3.7;2.9;5.5;;2.9;1.6;;1.6;4.6;1.1;1.9;1.1;-0.3;0.2;4.7;0.8;5.2;;3.5;;;1.9;;;2.5;;4.5;;;;1.7;;;;1.7;3.8;1.2;-2.4;1.8;1.3;;;;;;1.7;0.2;;;;1.9;;;2.2;;;;;;;;;;;;;;;;;;;;;;;;;;;-3.8;;-4.8;;;;;;;;;;;;;;;;;;;;;-0.3;-0.6;-3.7;3.7;4.7;;3.1;;;;-2.4;4.8;3.1;2.3;-0.1;;;-0.1;-3.8;;;;-5.9;;-5.9;;;;;;;;;;;-2.3;;;;;;;;;;;-1.7;;;;;;;4.0;;;2.2;;;;;;;;;;;;;;;;;;;;;;;;;-7.6;-4.0;;21.3;;5.7;;;0.5;0.4;3.4;;;;;;;;;;;;;;;;;;;;0.0;4.1;-3.2;2.5;;1.9;7.9;;;-6.0;-2.5;
2025-01-06;;;;;;;;-0.9;;;;;;;;0.6;;;;;-3.5;;-9.4;;;-2.6;;;;;;;;;;;;2.6;;;-1.9;;;;;1.8;;;;;;;;;;;;;-8.7;2.5;1.5;-1.0;-1.3;;;;;;;;;;;;;;;;;;;;;;;;;;;;-0.4;;;;;;;;;;;;;;;;;;;;-4.9;;;;;3.3;3.1;5.3;0.7;0.9;-0.8;1.5;1.7;3.7;2.9;5.5;;2.9;1.6;;1.8;4.6;1.4;1.9;1.2;-0.3;0.2;4.7;0.8;5.3;;3.7;;;1.9;;;2.4;;4.5;;;;1.8;;;;1.8;3.9;;-2.4;;1.2;;;;;;1.6;0.1;;;;1.9;;;2.2;;;;;;;;;;;;;;;;;;;;;;;;;;;-3.8;;-4.7;;;;;;;;;;;;;;;;;;;;;-0.7;-0.6;-3.7;3.6;4.7;;3.1;2.5;;;-2.5;4.7;3.1;2.4;-0.1;;;0.0;-3.8;;;;-5.9;;-5.9;;;;;;;;;;;-2.4;;;;;;;;;;;-1.6;;;;;;;3.9;;;2.2;;;;;;;;;;;;;;;;;;;;;;;;;-7.5;-4.0;;21.4;;5.9;;;0.5;0.5;3.4;;;;;;;;;;;;;;;;;;;;0.0;4.1;-3.2;2.6;;2.0;7.8;;;-6.0;-2.7;
2025-01-07;;2.7;;;;;;-1.0;;;;;;;;1.1;;;;;-3.4;;-9.4;;;-2.5;;;;;;;;;;;;2.4;;;-1.7;;;;;1.7;;;;;;;;;;;;;-8.9;2.6;1.5;-1.1;-1.3;;;;;;;;;;;;;;;;;;;;;;;;;;;;-0.4;;;;;;;;;;;;;;;;;;;;-4.9;;;;;3.2;3.2;5.2;0.6;0.9;-0.8;1.5;1.7;3.9;2.9;5.7;;3.2;1.5;;1.8;4.7;1.4;1.8;1.2;-0.2;0.3;4.7;1.1;5.5;;3.7;;;1.8;;;2.4;;4.5;;;;1.8;;;;1.8;3.8;1.2;-2.4;1.8;1.3;;;;;;1.7;0.1;;;;2.0;;;2.2;;;;;;;;;;;;;;;;;;;;;;;;;;;-3.8;;-4.8;;;;;;;;;;;;;;;;;;;;;-0.9;-0.7;-3.8;3.5;;;3.0;2.4;;;-2.5;4.7;3.1;2.4;-0.2;;;0.0;-3.8;;;;-5.9;;-5.9;;;;;;;;;;;-2.4;;;;;;;;;;;-1.6;;;;;;;3.9;;;2.3;;;;;;;;;;;;;;;;;;;;;;;;;-7.4;-4.3;;21.4;;5.8;;2.4;0.5;0.5;3.7;;;;;;;;;;;;;;;;;;;;-0.1;4.2;-3.1;2.7;0.8;2.1;7.8;;;-6.0;-2.7;
2025-01-08;;2.6;;;;;;-0.9;;;;;;;;1.1;;;;;-3.3;;-9.5;;;;;;;;;;;;;;;2.4;;;-1.6;;;;;1.6;;;;;;;;;;;;;;2.6;1.4;-1.0;-1.4;;;;;;;;;;;;;;;;;;;;;;;;;;;;-0.1;;;;;;;;;;;;;;;;;;;;-4.9;;;;;3.6;3.3;5.4;0.6;0.9;-0.8;1.5;1.7;3.9;3.0;5.8;3.1;3.2;1.5;;1.9;4.8;1.3;1.9;1.2;-0.2;0.3;4.7;1.1;5.5;;3.6;;;1.9;;;;;4.5;;;;1.8;;;;1.8;;1.2;-2.4;1.9;1.4;;;;;;1.7;0.1;;;;2.0;;;2.3;;;;;;;;;;;;;;;;;;;;;;;;;;;-3.7;;-4.8;;;;;;;;;;;;;;;;;;;;;-1.1;-0.7;-3.8;3.6;4.9;;3.1;2.3;;;-2.3;4.5;3.1;2.4;-0.2;;;-0.2;-3.7;;;;-5.9;;-6.0;;;;;;;;;;;-2.5;;;;;;;;;;;-1.6;;;;;;;3.9;;;2.2;;;;;;;;;;;;;;;;;;;;;;;;;-7.3;-4.2;;21.5;;5.9;;2.5;0.8;0.7;4.0;;;;;;;;;;;;;;;;;;;;-0.1;4.3;-3.0;2.7;0.7;2.0;7.8;;;-5.9;-2.7;
2025-01-09;;2.6;;;;;;-0.9;;;;;;;;1.0;;;;;-2.9;;-9.3;;;-2.6;;;;;;;;;;;;2.3;;;-1.6;;;;;1.7;;;;;;;;;;;;;;2.6;1.5;-0.8;-1.4;;;;;;;;;;;;;;;;;;;;;;;;;;;;-0.1;;;;;;;;;;;;;;;;;;;;-4.9;;;;;3.6;3.4;5.4;0.7;0.9;-0.8;1.5;1.8;4.0;3.1;6.1;3.3;3.2;1.6;;1.9;4.9;1.4;2.0;1.2;-0.1;0.4;4.7;1.1;5.8;;3.9;;;2.3;;;2.3;;4.5;;;;1.7;;;;2.0;;1.2;-2.5;1.8;1.4;;;;;;1.6;0.2;;;;2.1;;;2.4;;;;;;;;;;;;;;;;;;;;;;;;;;;-3.7;;-4.8;;;;;;;;;;;;;;;;;;;;;-0.7;-0.7;-3.7;3.6;4.9;;3.0;2.3;;;-1.9;4.5;3.1;2.5;-0.2;;;0.0;-3.7;;;;-5.9;;-6.1;;;;;;;;;;;-2.4;;;;;;;;;;;-1.5;;;;;;;3.9;;;2.2;;;;;;;;;;;;;;;;;;;;;;;;;-7.5;-4.5;;21.3;;6.1;;2.7;1.0;0.8;4.0;;;;;;;;;;;;;;;;;;;;-0.1;4.2;-2.9;2.7;0.6;2.0;7.8;;;-6.0;-2.6;
2025-01-10;;2.6;;;;;;-0.8;;;;;;;;1.3;;;;;-2.8;;-9.2;;;-2.4;;;;;;;;;;;;2.0;;;-1.5;;;;;1.7;;;;;;;;;;;;;;2.7;1.4;-0.8;-1.3;;;;;;;;;;;;;;;;;;;;;;;;;;;;0.2;;;;;;;;;;;;;;;;;;;;-4.9;;;;;3.8;3.5;5.5;1.0;1.0;-0.9;1.8;1.9;3.9;3.3;6.1;3.5;3.4;1.8;;2.1;4.9;1.6;2.2;1.3;-0.1;0.5;4.9;1.2;6.2;;4.0;;;2.4;;;2.1;;4.7;;;;1.6;;;;1.9;;1.2;-2.6;1.9;1.5;;;;;;1.6;0.2;;;;2.5;;;2.6;;;;;;;;;;;;;;;;;;;;;;;;;;;-3.7;;-4.7;;;;;;;;;;;;;;;;;;;;;0.3;-0.6;-3.8;3.6;5.0;;3.1;2.3;;;-1.7;4.5;3.1;2.5;-0.2;;;0.0;-3.6;;;;-6.1;;-6.1;;;;;;;;;;;-2.4;;;;;;;;;;;-1.5;;;;;;;3.8;;;2.1;;;;;;;;;;;;;;;;;;;;;;;;;-7.4;-4.5;;21.4;;6.1;;2.9;1.0;0.8;4.3;;;;;;;;;;;;;;;;;;;;-0.1;4.3;-2.8;2.7;0.6;2.0;7.8;;;-6.0;-2.6;
2025-01-11;;2.6;;;;;;;;;;;;;;1.5;;;;;-2.8;;-9.2;;;-2.5;;;;;;;;;;;;2.2;;;-1.3;;;;;1.7;;;;;;;;;;;;;;2.8;1.4;-0.9;-1.4;;;;;;;;;;;;;;;;;;;;;;;;;;;;0.6;;;;;;;;;;;;;;;;;;;;-4.9;;;;;4.0;3.6;5.6;1.1;1.1;-0.7;1.9;2.0;4.0;3.3;6.3;3.7;3.4;1.8;;2.4;5.1;1.6;2.2;1.6;0.1;0.6;5.1;1.3;6.4;;4.2;;;2.4;;;2.1;;4.8;;;;1.8;;;;;;;;;1.8;;;;;;1.6;0.3;;;;2.5;;;2.6;;;;;;;;;;;;;;;;;;;;;;;;;;;-3.7;;-4.7;;;;;;;;;;;;;;;;;;;;;0.3;-0.6;-3.8;3.6;5.2;;3.1;2.4;;;-1.7;4.5;3.0;2.5;-0.2;;;0.1;-3.5;;;;-6.1;;-6.1;;;;;;;;;;;-2.4;;;;;;;;;;;-1.5;;;;;;;3.8;;;2.2;;;;;;;;;;;;;;;;;;;;;;;;;-7.3;-4.5;;21.4;;6.6;;3.1;1.3;1.2;4.4;;;;;;;;;;;;;;;;;;;;-0.2;4.3;;;;2.0;8.0;;;-5.8;-2.4;
2025-01-12;;2.7;;;;;;-0.8;;;;;;;;1.5;;;;;-2.8;;-9.2;;;-2.2;;;;;;;;;;;;2.2;;;-1.3;;;;;1.6;;;;;;;;;;;;;;2.9;1.4;-0.7;-1.4;;;;;;;;;;;;;;;;;;;;;;;;;;;;-2.5;;;;;;;;;;;;;;;;;;;;-4.9;;;;;3.8;3.5;5.6;1.0;1.3;-0.9;1.8;2.0;4.0;3.5;6.5;;3.4;1.8;;2.5;5.1;1.4;2.2;1.6;-0.1;0.6;5.3;1.2;6.3;;4.3;;;2.6;;;2.0;;4.8;;;;1.8;;;;1.9;4.1;1.2;-2.7;1.4;1.7;;;;;;1.8;0.5;;;;2.4;;;2.6;;;;;;;;;;;;;;;;;;;;;;;;;;;-3.7;;-4.6;;;;;;;;;;;;;;;;;;;;;0.3;-0.6;-3.7;3.7;5.3;;3.1;2.4;;;-1.8;4.5;3.1;2.5;;;;0.1;-3.4;;;;-6.1;;-6.2;;;;;;;;;;;-2.4;;;;;;;;;;;-1.5;;;;;;;3.7;;;2.3;;;;;;;;;;;;;;;;;;;;;;;;;-7.3;-4.5;;21.4;;6.7;;2.9;1.1;1.0;4.5;;;;;;;;;;;;;;;;;;;;-0.2;4.4;-2.9;2.6;0.7;2.0;8.1;;;-5.8;-2.3;
2025-01-13;;3.0;;;;;;-0.7;;;;;;;;1.7;;;;;-2.7;;-9.2;;;-2.2;;;;;;;;;;;;2.2;;;-1.2;;;;;1.5;;;;;;;;;;;;;-8.6;2.8;1.4;-0.7;-1.5;;;;;;;;;;;;;;;;;;;;;;;;;;;;-2.6;;;;;;;;;;;;;;;;;;;;-4.9;;;;;3.9;3.6;5.5;1.2;1.3;-0.8;1.9;2.2;3.9;3.6;6.6;;3.5;1.9;;2.4;5.3;1.6;2.4;1.8;-0.1;0.6;5.4;1.2;6.5;;4.3;;;2.5;;;2.0;;4.9;;;;1.8;;;;2.0;4.1;1.2;-2.8;1.4;1.7;;;;;;1.9;0.4;;;;2.3;;;2.7;;;;;;;;;;;;;;;;;;;;;;;;;;;-3.7;;-4.6;;;;;;;;;;;;;;;;;;;;;0.2;-0.6;-3.7;3.6;5.4;;3.1;2.4;;;-1.9;4.5;3.1;2.6;;;;0.1;-3.2;;;;-6.1;;-6.3;;;;;;;;;;;-2.4;;;;;;;;;;;-1.5;;;;;;;3.7;;;2.3;;;;;;;;;;;;;;;;;;;;;;;;;-7.4;-4.6;;21.3;;6.7;;2.9;1.1;1.1;4.3;;;;;;;;;;;;;;;;;;;;-0.2;4.4;-2.9;2.6;;1.9;8.2;;;-5.8;-2.2;
2025-01-14;;3.0;;;;;;-0.8;;;;;;;;1.8;;;;;-2.7;;-9.0;;;-1.9;;;;;;;;;;;;2.2;;;-1.3;;;;;1.5;;;;;;;;;;;;;-8.6;2.7;1.5;-0.7;-1.5;;;;;;;;;;;;;;;;;;;;;;;;;;;;-4.7;;;;;;;;;;;;;;;;;;;;-4.9;;;;;3.8;3.5;5.5;1.5;1.3;-0.8;1.9;2.3;4.0;3.7;6.7;;3.7;2.1;;2.2;5.4;1.7;2.2;1.7;0.2;0.6;5.6;1.4;6.5;;4.3;;;2.7;;;2.1;;4.9;;;;1.7;;;;2.2;4.1;1.2;-2.8;1.4;1.8;;;;;;2.0;0.5;;;;2.4;;;2.7;;;;;;;;;;;;;;;;;;;;;;;;;;;-3.8;;-4.6;;;;;;;;;;;;;;;;;;;;;0.0;-0.5;-3.7;3.7;5.5;;3.1;2.4;;;-1.8;4.6;3.1;2.6;-0.3;;;0.0;-3.1;;;;-6.1;;-6.3;;;;;;;;;;;-2.3;;;;;;;;;;;-1.5;;;;;;;3.7;;;2.3;;;;;;;;;;;;;;;;;;;;;;;;;-7.4;-4.6;;21.4;;6.8;;2.9;1.2;1.2;4.3;;;;;;;;;;;;;;;;;;;;;4.4;-2.7;2.6;0.6;1.9;8.1;;;-5.8;-2.3;
2025-01-15;;3.3;;;;;;-1.0;;;;;;;;1.8;;;;;-2.8;;-9.2;;;-1.8;;;;;;;;;;;;2.2;;;-1.4;;;;;1.5;;;;;;;;;;;;;-8.7;2.8;1.6;-0.7;-1.6;;;;;;;;;;;;;;;;;;;;;;;;;;;;-7.4;;;;;;;;;;;;;;;;;;;;-4.9;;;;;3.8;3.4;5.5;1.5;1.4;-0.9;2.1;2.3;4.1;3.8;6.8;;3.7;2.2;;2.3;5.3;1.7;2.4;1.7;0.4;0.7;5.6;1.5;6.6;;4.3;;;2.8;;;2.0;;4.8;;;;1.8;;;;2.3;4.1;1.2;-2.7;1.5;1.9;;;;;;2.0;0.5;;;;2.7;;;2.7;;;;;;;;;;;;;;;;;;;;;;;;;;;-3.8;;-4.6;;;;;;;;;;;;;;;;;;;;;0.0;-0.5;-3.7;3.7;5.4;;3.1;2.4;;;-1.8;4.5;3.1;2.6;-0.3;;;-0.2;-3.0;;;;-6.2;;-6.3;;;;;;;;;;;-2.3;;;;;;;;;;;-1.5;;;;;;;3.7;;;2.2;;;;;;;;;;;;;;;;;;;;;;;;;-7.3;-4.7;;21.3;;6.7;;2.8;1.2;1.1;4.2;;;;;;;;;;;;;;;;;;;;-0.3;4.6;-2.8;2.6;0.7;1.9;8.2;;;-5.8;-2.3;
2025-01-16;;3.3;;;;;;-1.1;;;;;;;;2.1;;;;;-2.9;;-9.1;;;-1.7;;;;;;;;;;;;2.1;;;-1.6;;;;;1.4;;;;;;;;;;;;;-8.7;2.8;1.4;-0.6;-1.7;;;;;;;;;;;;;;;;;;;;;;;;;;;;-6.9;;;;;;;;;;;;;;;;;;;;-4.9;;;;;3.7;3.4;5.6;1.6;1.3;-0.7;2.2;2.4;4.2;4.0;6.9;;3.9;2.2;;2.4;5.3;1.7;2.4;1.8;0.5;0.7;5.8;1.5;6.8;;4.3;;;2.8;;;1.9;;4.8;;;;1.9;;;;2.2;4.1;1.2;-2.7;1.7;1.9;;;;;;2.1;0.7;;;;2.7;;;2.8;;;;;;;;;;;;;;;;;;;;;;;;;;;-3.9;;-4.6;;;;;;;;;;;;;;;;;;;;;0.0;-0.6;-3.7;3.7;5.5;;3.2;2.4;;;-1.8;4.4;3.0;2.5;-0.5;;;-0.3;-3.0;;;;-6.1;;-6.3;;;;;;;;;;;-2.1;;;;;;;;;;;-1.5;;;;;;;3.7;;;2.2;;;;;;;;;;;;;;;;;;;;;;;;;-7.2;-5.0;;21.2;;6.7;;3.0;1.2;1.0;4.1;;;;;;;;;;;;;;;;;;;;-0.3;4.6;-2.9;2.6;0.8;1.9;8.1;;;-5.8;-2.3;
2025-01-17;;3.3;;;;;;-1.1;;;;;;;;2.1;;;;;-2.9;;-9.3;;;-1.5;;;;;;;;;;;;2.2;;;-1.7;;;;;1.3;;;;;;;;;;;;;-8.6;2.7;1.4;-0.6;-1.7;;;;;;;;;;;;;;;;;;;;;;;;;;;;-6.8;;;;;;;;;;;;;;;;;;;;-4.9;;;;;3.6;3.4;5.7;1.6;1.3;-0.6;2.2;2.3;4.2;4.0;6.9;;4.0;2.1;;2.3;5.4;1.6;2.4;1.9;0.3;0.8;6.0;1.4;6.7;;4.2;;;2.9;;;1.9;;4.8;;;;2.0;;;;2.1;3.9;1.2;;1.6;1.8;;;;;;2.1;0.4;;;;2.9;;;2.6;;;;;;;;;;;;;;;;;;;;;;;;;;;-3.9;;-4.6;;;;;;;;;;;;;;;;;;;;;0.0;-0.6;-3.6;3.7;5.6;;3.2;2.4;;;-1.7;4.3;3.0;2.4;-0.5;;;-0.3;-2.8;;;;-6.0;;-6.1;;;;;;;;;;;-1.9;;;;;;;;;;;-1.5;;;;;;;3.7;;;2.1;;;;;;;;;;;;;;;;;;;;;;;;;-7.2;-5.1;;;;6.8;;3.0;1.1;0.9;4.0;;;;;;;;;;;;;;;;;;;;-0.3;4.7;-2.9;2.6;0.8;1.9;8.1;;;-5.8;-2.4;
2025-01-18;;3.4;;;;;;-1.2;;;;;;;;1.9;;;;;-2.8;;-9.2;;;-1.4;;;;;;;;;;;;2.2;;;-1.6;;;;;1.3;;;;;;;;;;;;;-8.7;;1.6;;-1.8;;;;;;;;;;;;;;;;;;;;;;;;;;;;-6.7;;;;;;;;;;;;;;;;;;;;-4.9;;;;;3.6;3.4;5.9;1.6;1.2;-0.4;2.2;2.2;4.2;4.1;6.9;;4.1;2.1;;2.3;5.4;1.6;2.4;1.9;0.3;;6.0;1.6;6.7;;4.4;;;3.0;;;1.9;;4.8;;;;2.0;;;;2.1;3.9;1.1;-2.9;1.3;1.8;;;;;;2.1;0.5;;;;2.9;;;2.6;;;;;;;;;;;;;;;;;;;;;;;;;;;-3.9;;-4.6;;;;;;;;;;;;;;;;;;;;;0.0;-0.5;-3.7;3.8;5.6;;3.2;2.4;;;-1.5;4.2;3.0;2.3;-0.4;;;-0.6;-2.6;;;;-6.1;;-6.1;;;;;;;;;;;-1.7;;;;;;;;;;;-1.4;;;;;;;3.7;;;2.1;;;;;;;;;;;;;;;;;;;;;;;;;-7.1;-5.2;;;;6.8;;3.0;1.1;1.1;4.2;;;;;;;;;;;;;;;;;;;;-0.3;4.8;-3.0;2.6;0.9;1.9;8.1;;;-5.9;-2.4;
2025-01-19;;3.3;;;;;;-1.1;;;;;;;;1.7;;;;;-2.7;;-9.1;;;-1.3;;;;;;;;;;;;2.3;;;-1.5;;;;;1.3;;;;;;;;;;;;;-8.7;2.7;1.6;-0.7;-1.8;;;;;;;;;;;;;;;;;;;;;;;;;;;;-6.6;;;;;;;;;;;;;;;;;;;;-4.9;;;;;3.5;3.4;5.9;1.6;1.1;-0.4;2.0;2.0;4.2;4.0;6.6;;3.9;2.0;;2.3;5.4;1.6;2.4;1.7;0.3;;6.0;1.6;6.6;;4.3;;;2.9;;;1.9;;4.7;;;;2.0;;;;2.2;4.0;1.1;-2.9;1.0;1.8;;;;;;2.1;0.4;;;;2.9;;;2.6;;;;;;;;;;;;;;;;;;;;;;;;;;;-3.9;;-4.6;;;;;;;;;;;;;;;;;;;;;0.1;-0.4;-3.7;3.9;5.6;;3.4;2.3;;;-1.3;4.1;3.0;2.3;-0.4;;;-1.0;-2.3;;;;-6.2;;-5.9;;;;;;;;;;;-1.6;;;;;;;;;;;-1.5;;;;;;;3.7;;;2.1;;;;;;;;;;;;;;;;;;;;;;;;;-7.0;-5.5;;21.3;;6.7;;2.9;1.1;0.9;4.4;;;;;;;;;;;;;;;;;;;;-0.3;4.7;-3.0;2.7;0.9;1.9;8.1;;;-5.8;-2.3;
2025-01-20;;3.3;;;;;-6.6;-1.2;;;;;;;;1.7;;;;;-2.9;;-9.3;;;-1.2;;;;;;;;;;;;2.5;;;-1.5;;;;;1.2;;;;;;;;;;;;;-8.8;2.6;1.6;-0.7;-1.8;;;;;;;;;;;;;;;;;;;;;;;;;;;;-6.5;;;;;;;;;;;;;;;;;;;;-4.9;;;;;3.4;3.4;5.9;1.5;1.1;-0.4;1.9;2.0;4.0;4.0;6.3;;3.9;2.0;;2.3;5.3;1.4;2.3;1.8;0.3;;5.8;1.4;6.3;;4.3;;;3.0;;;1.8;;4.7;;;;1.9;;;;;;;;;1.8;;;;;;2.2;0.2;;;;2.8;;;2.6;;;;;;;;;;;;;;;;;;;;;;;;;;;-3.9;;-4.7;;;;;;;;;;;;;;;;;;;;;0.3;-0.4;-3.7;3.9;5.6;;3.5;2.4;;;-1.3;4.0;2.9;2.3;-0.4;;;-1.6;-2.0;;;;-6.1;;-5.8;;;;;;;;;;;-1.4;;;;;;;;;;;-1.5;;;;;;;3.7;;;2.0;;;;;;;;;;;;;;;;;;;;;;;;;-7.1;-5.7;;21.4;;6.7;;2.8;1.1;0.6;4.2;;;;;;;;;;;;;;;;;;;;-0.3;4.8;-3.0;2.7;;1.9;8.1;;;-5.8;-2.4;
2025-01-21;;3.4;;;;;-6.5;-1.0;;;;;;;;1.4;;;;;-2.7;;-9.3;;;-1.1;;;;;;;;;;;;2.6;;;-1.6;;;;;1.0;;;;;;;;;;;;;-8.7;2.4;1.5;-1.0;-1.9;;;;;;;;;;;;;;;;;;;;;;;;;;;;-6.4;;;;;;;;;;;;;;;;;;;;-4.9;;;;;3.5;3.3;5.9;1.3;1.0;-0.5;1.8;2.1;4.1;3.9;6.1;;3.7;2.0;;2.4;5.1;1.3;2.3;1.7;0.0;;5.7;1.3;6.2;;4.3;;;2.9;;;1.8;;4.7;;;;1.9;;;;2.1;3.4;1.1;-3.2;0.3;1.7;;;;;;2.1;0.2;;;;2.8;;;2.6;;;;;;;;;;;;;;;;;;;;;;;;;;;-4.0;;-4.7;;;;;;;;;;;;;;;;;;;;;;-0.3;;;5.7;;3.5;;;;;4.0;2.8;2.3;-0.4;;;-1.8;-1.9;;;;-6.0;;-5.8;;;;;;;;;;;-1.2;;;;;;;;;;;-1.5;;;;;;;3.6;;;2.0;;;;;;;;;;;;;;;;;;;;;;;;;-7.2;-5.7;;21.2;;6.6;;2.8;0.9;0.3;4.2;;;;;;;;;;;;;;;;;;;;-0.3;4.7;-3.1;2.7;;1.9;8.2;;;-5.8;-2.4;
2025-01-22;;3.5;;;;;-6.5;-1.0;;;;;;;;1.3;;;;;-2.8;;-9.2;;;-1.1;;;;;;;;;;;;2.4;;;-1.6;;;;;1.0;;;;;;;;;;;;;-8.7;2.2;1.4;-1.0;-1.9;;;;;;;;;;;;;;;;;;;;;;;;;;;;-6.4;;;;;;;;;;;;;;;;;;;;-4.9;;;;;3.5;3.3;5.7;1.2;0.9;-0.5;1.8;2.0;4.1;3.7;6.1;;3.7;2.0;;2.2;5.1;1.2;2.2;1.8;-0.1;;5.7;1.3;6.0;;4.4;;;2.9;;;1.8;;4.6;;;;1.7;;;;2.1;3.9;1.0;-3.1;1.4;1.7;;;;;;2.0;0.3;;;;2.9;;;2.6;;;;;;;;;;;;;;;;;;;;;;;;;;;-4.0;;-4.7;;;;;;;;;;;;;;;;;;;;;;-0.3;-3.8;;5.7;;3.5;;;;;3.8;2.8;2.3;-0.4;;;-2.0;-1.7;;;;-6.0;;-5.6;;;;;;;;;;;-1.0;;;;;;;;;;;-1.5;;;;;;;3.6;;;1.9;;;;;;;;;;;;;;;;;;;;;;;;;-7.2;-5.7;;21.2;;6.6;;2.8;0.8;0.3;4.0;;;;;;;;;;;;;;;;;;;;-0.4;4.8;-3.2;2.6;;1.9;8.3;;;-5.9;-2.5;
2025-01-23;;3.4;;;;;-6.4;-1.0;;;;;;;;1.4;;;;;-2.8;;-9.0;;;-1.0;;;;;;;;;;;;2.4;;;-1.7;;;;;0.9;;;;;;;;;;;;;-8.7;2.1;1.4;-0.9;-1.8;;;;;;;;;;;;;;;;;;;;;;;;;;;;-6.3;;;;;;;;;;;;;;;;;;;;-4.9;;;;;3.5;3.1;5.5;1.2;0.9;-0.5;1.5;1.9;3.9;3.7;6.1;;3.7;2.0;;2.2;5.0;1.0;2.2;1.8;-0.4;0.7;5.5;1.1;6.0;;4.5;;;2.9;;;1.8;;4.6;;;;1.6;;;;2.0;3.8;1.0;-3.0;1.6;1.5;;;;;;2.1;0.4;;;;2.7;;;2.5;;;;;;;;;;;;;;;;;;;;;;;;;;;-4.0;;-4.7;;;;;;;;;;;;;;;;;;;;;0.2;-0.3;-3.7;3.9;5.6;;3.6;2.4;;;-1.2;3.8;2.8;2.2;-0.4;;;-2.4;-1.5;;;;-5.9;;-5.5;;;;;;;;;;;-0.8;;;;;;;;;;;-1.5;;;;;;;3.7;;;1.7;;;;;;;;;;;;;;;;;;;;;;;;;-7.3;-5.9;;21.0;;6.6;;2.6;0.8;0.2;3.9;;;;;;;;;;;;;;;;;;;;-0.3;4.8;-3.1;2.6;;1.8;8.2;;;-5.9;-2.5;
2025-01-24;;3.4;;;;;-6.3;-1.0;;;;;;;;1.3;;;;;-2.9;;-9.0;;;-1.1;;;;;;;;;;;;2.4;;;-1.6;;;;;0.8;;;;;;;;;;;;;-8.8;2.2;1.4;-0.5;-1.8;;;;;;;;;;;;;;;;;;;;;;;;;;;;-6.1;;;;;;;;;;;;;;;;;;;;-4.9;;;;;3.6;3.1;5.5;1.2;0.9;-0.5;1.5;1.9;3.8;3.6;6.0;;3.6;1.9;;2.2;4.9;1.1;2.1;1.9;-0.3;0.8;5.4;1.1;6.0;;4.5;;;2.8;;;1.8;;4.6;;;;1.3;;;;1.9;4.4;1.0;-3.1;1.7;1.5;;;;;;2.1;0.4;;;;2.7;;;2.4;;;;;;;;;;;;;;;;;;;;;;;;;;;-4.1;;-4.7;;;;;;;;;;;;;;;;;;;;;0.2;-0.3;-3.8;3.9;5.6;;3.7;2.4;;;-1.1;3.8;2.8;2.1;-0.4;;;-2.6;-1.4;;;;-6.0;;-5.4;;;;;;;;;;;-0.7;;;;;;;;;;;-1.5;;;;;;;3.7;;;1.6;;;;;;;;;;;;;;;;;;;;;;;;;-7.3;-5.9;;21.1;;6.7;;2.8;0.8;0.4;4.0;;;;;;;;;;;;;;;;;;;;-0.2;4.9;-3.1;2.6;;1.8;8.2;;;-5.9;-2.5;
2025-01-25;;3.3;;;;;-6.3;-1.0;;;;;;;;1.2;;;;;-2.9;;-9.0;;;-1.1;;;;;;;;;;;;2.3;;;-1.5;;;;;0.8;;;;;;;;;;;;;-8.8;2.2;1.5;-0.5;-1.8;;;;;;;;;;;;;;;;;;;;;;;;;;;;-5.9;;;;;;;;;;;;;;;;;;;;-4.9;;;;;3.7;3.2;5.7;1.4;1.0;-0.4;1.8;2.2;4.0;3.5;6.1;;3.6;2.1;;2.2;5.2;1.3;2.3;2.1;0.1;0.7;5.8;1.3;6.3;;4.5;;;2.9;;;1.8;;4.6;;;;1.2;;;;2.0;4.7;1.0;-3.0;1.7;1.5;;;;;;2.0;0.7;;;;2.9;;;2.4;;;;;;;;;;;;;;;;;;;;;;;;;;;-4.1;;-4.8;;;;;;;;;;;;;;;;;;;;;0.8;-0.4;-3.7;3.9;5.5;;3.7;2.4;;;-1.2;3.8;2.8;2.2;-0.3;;;-2.8;-1.3;;;;-6.0;;-5.3;;;;;;;;;;;-0.5;;;;;;;;;;;-1.5;;;;;;;3.7;;;1.6;;;;;;;;;;;;;;;;;;;;;;;;;-7.3;-6.1;;21.1;;6.6;;2.8;0.8;0.4;3.9;;;;;;;;;;;;;;;;;;;;;4.9;-3.0;2.6;;1.8;8.2;;;-5.9;-2.5;
2025-01-26;;3.2;;;;;-6.2;-1.0;;;;;;;;1.2;;;;;-3.0;;-8.8;;;;;;;;;;;;;;;2.3;;;-1.5;;;;;0.8;;;;;;;;;;;;;-8.8;2.3;1.5;-0.5;-1.8;;;;;;;;;;;;;;;;;;;;;;;;;;;;;;;;;;;;;;;;;;;;;;;;-4.8;;;;;3.7;3.2;5.7;1.4;1.0;-0.4;1.8;2.2;4.0;3.5;6.2;;3.7;2.1;;2.2;5.2;1.3;2.3;2.1;0.1;0.7;5.8;1.3;6.4;;4.5;;;3.0;;;1.8;;4.6;;;;1.1;;;;1.9;4.4;0.9;-3.1;1.5;1.4;;;;;;2.0;0.7;;;;2.8;;;2.5;;;;;;;;;;;;;;;;;;;;;;;;;;;-4.1;;-4.8;;;;;;;;;;;;;;;;;;;;;1.1;-0.4;-3.7;3.9;5.4;;3.7;2.4;;;-0.9;3.8;2.8;2.0;-0.3;;;-2.9;-1.2;;;;-6.2;;-5.2;;;;;;;;;;;-0.3;;;;;;;;;;;-1.5;;;;;;;3.7;;;1.5;;;;;;;;;;;;;;;;;;;;;;;;;-7.3;-6.0;;21.1;;6.6;;2.9;0.8;0.4;3.9;;;;;;;;;;;;;;;;;;;;;4.8;-2.9;2.6;;1.9;8.2;;;-6.0;-2.5;
2025-01-27;;3.2;;;;;-6.2;-1.0;;;;;;;;1.4;;;;;-2.9;;-8.8;;;;;;;;;;;;;;;2.3;;;-1.4;;;;;0.8;;;;;;;;;;;;;;;1.6;-0.3;;;;;;;;;;;;;;;;;;;;;;;;;;;;;-5.6;;;;;;;;;;;;;;;;;;;;;;;;;3.8;3.3;5.7;1.5;1.0;-0.4;;2.2;4.0;3.5;6.2;;3.7;2.1;;2.2;5.3;1.4;2.3;2.1;0.1;0.7;5.8;1.3;6.4;;4.5;;;3.0;;;;;4.6;;;;1.1;;;;;;;;;1.4;;;;;;2.0;0.8;;;;2.8;;;2.5;;;;;;;;;;;;;;;;;;;;;;;;;;;-4.1;;-4.8;;;;;;;;;;;;;;;;;;;;;1.7;-0.5;-3.7;3.8;5.4;;3.7;2.4;;;;3.7;2.8;2.0;-0.3;;;;;;;;;;;;;;;;;;;;;;;;;;;;;;;;-1.6;;;;;;;3.6;;;1.5;;;;;;;;;;;;;;;;;;;;;;;;;-7.3;-5.8;;21.0;;6.6;;2.9;0.8;0.5;3.9;;;;;;;;;;;;;;;;;;;;-0.3;4.8;-2.9;2.6;;2.0;8.2;;;-5.9;-2.3;
2025-01-28;;3.1;;;;;-6.3;;;;;;;;;1.5;;;;;-2.8;;-8.8;;;;;;;;;;;;;;;2.2;;;-1.4;;;;;0.8;;;;;;;;;;;;;-8.9;2.3;1.6;-0.2;-1.9;;;;;;;;;;;;;;;;;;;;;;;;;;;;-5.4;;;;;;;;;;;;;;;;;;;;;;;;;3.8;3.3;5.7;1.6;1.0;-0.4;2.0;2.3;3.9;3.5;6.3;;3.7;2.1;;2.3;5.4;1.4;2.3;2.1;0.2;0.9;5.9;1.3;6.5;;4.4;;;3.1;;;1.7;;4.7;;;;1.1;;;;;4.3;0.8;-2.8;;1.4;;;;;;2.0;0.8;;;;2.9;;;2.5;;;;;;;;;;;;;;;;;;;;;;;;;;;-4.1;;-4.8;;;;;;;;;;;;;;;;;;;;;1.9;-0.5;-3.7;3.7;5.4;;3.7;2.3;;;-1.3;3.7;2.8;2.0;-0.3;;;;;;;;;;;;;;;;;;;;;;;;;;;;;;;;-1.6;;;;;;;3.5;;;;;;;;;;;;;;;;;;;;;;;;;;;;-7.3;-6.0;;21.1;;6.6;;3.0;0.7;0.6;3.9;;;;;;;;;;;;;;;;;;;;-0.4;4.8;-3.0;2.6;;1.9;8.0;;;-5.9;-2.2;
2025-01-29;;3.2;;;;;-6.3;-0.9;;;;;;;;1.6;;;;;-2.8;;-8.9;;;-1.0;;;;;;;;;;;;2.1;;;-1.4;;;;;0.8;;;;;;;;;;;;;-8.9;2.4;1.7;-0.2;-1.9;;;;;;;;;;;;;;;;;;;;;;;;;;;;-5.2;;;;;;;;;;;;;;;;;;;;-4.8;;;;;3.8;3.3;5.7;1.6;1.0;-0.4;2.0;2.3;3.9;3.5;6.3;;3.8;2.1;;2.3;5.4;1.4;2.4;2.1;0.3;0.9;6.1;1.3;6.5;;4.4;;;3.1;;;1.8;;4.7;;;;0.9;;;;;;0.8;-2.7;1.4;1.5;;;;;;2.0;0.8;;;;2.9;;;2.5;;;;;;;;;;;;;;;;;;;;;;;;;;;-4.1;;-4.7;;;;;;;;;;;;;;;;;;;;;1.8;-0.5;-3.6;3.7;5.3;;3.8;2.4;;;-1.4;3.7;2.8;2.0;-0.4;;;-3.1;-1.2;;;;;;;;;;;;;;;;;0.0;;;;;;;;;;;-1.6;;;;;;;3.6;;;1.6;;;;;;;;;;;;;;;;;;;;;;;;;-7.2;-5.7;;21.0;;6.6;;3.0;0.7;0.7;4.0;;;;;;;;;;;;;;;;;;;;-0.3;4.8;-3.0;2.7;;1.9;8.0;;;-6.0;-2.2;
2025-01-30;;3.2;;;;;-6.2;-0.9;;;;;;;;1.7;;;;;-2.8;;-8.9;;;-1.3;;;;;;;;;;;;2.2;;;-1.4;;;;;0.9;;;;;;;;;;;;;-8.9;2.4;1.9;-0.2;-1.8;;;;;;;;;;;;;;;;;;;;;;;;;;;;-5.2;;;;;;;;;;;;;;;;;;;;-4.8;;;;;3.8;3.3;5.7;1.7;1.0;-0.4;2.2;2.5;3.9;3.7;6.6;;3.8;2.1;;2.4;5.4;1.4;2.4;2.2;0.3;0.9;6.1;1.4;6.5;;4.4;;;3.1;;;1.8;;4.7;;;;1.1;;;;;;0.9;-2.6;1.6;1.5;;;;;;2.0;0.7;;;;2.8;;;2.5;;;;;;;;;;;;;;;;;;;;;;;;;;;-4.1;;-4.7;;;;;;;;;;;;;;;;;;;;;1.9;-0.6;-3.7;3.7;5.3;;3.7;2.3;;;-1.6;3.6;2.8;2.0;-0.3;;;-3.4;-1.0;;;;-6.0;;-5.0;;;;;;;;;;;0.1;;;;;;;;;;;-1.6;;;;;;;3.6;;;1.5;;;;;;;;;;;;;;;;;;;;;;;;;-7.3;-5.5;;20.9;;6.6;;3.0;0.7;0.7;3.9;;;;;;;;;;;;;;;;;;;;-0.4;4.8;-3.1;2.8;;1.9;7.9;;;-6.0;-2.3;
2025-01-31;;3.1;;;;;-6.2;-1.0;;;;;;;;1.7;;;;;-2.7;;-8.8;;;-1.1;;;;;;;;;;;;2.4;;;-1.6;;;;;0.8;;;;;;;;;;;;;-8.8;;;;;;;;;;;;;;;;;;;;;;;;;;;;;;;;-5.2;;;;;;;;;;;;;;;;;;;;-4.8;;;;;3.7;3.2;5.7;1.6;1.0;-0.4;2.1;2.3;3.8;3.6;6.4;;3.8;2.1;;2.3;5.4;1.3;2.4;2.2;0.1;0.9;6.0;1.3;6.5;;4.4;;;3.0;;;1.7;;4.6;;;;1.0;;;;;;0.9;-2.6;1.8;1.4;;;;;;1.9;0.7;;;;2.8;;;2.3;;;;;;;;;;;;;;;;;;;;;;;;;;;-4.1;;-4.7;;;;;;;;;;;;;;;;;;;;;0.1;-0.6;-3.8;3.8;5.2;;3.8;2.4;;;-1.8;3.6;2.7;1.9;-0.3;;;-3.7;-0.9;;;;-6.0;;-4.8;;;;;;;;;;;0.3;;;;;;;;;;;-1.6;;;;;;;3.6;;;1.5;;;;;;;;;;;;;;;;;;;;;;;;;-7.4;-5.9;;20.8;;6.6;;3.0;0.6;0.7;3.8;;;;;;;;;;;;;;;;;;;;-0.4;4.8;-3.1;2.8;;1.8;7.9;;;-6.1;-2.4;
2025-02-01;;3.1;;;;;-6.2;-1.0;;;;;;;;1.6;;;;;-2.8;;-8.8;;;-0.9;;;;;;;;;;;;2.4;;;-1.6;;;;;0.8;;;;;;;;;;;;;-8.7;2.2;1.9;0.0;-1.8;;;;;;;;;;;;;;;;;;;;;;;;;;;;-5.1;;;;;;;;;;;;;;;;;;;;-4.8;;;;;3.8;3.3;5.8;1.6;1.0;-0.3;2.1;2.4;3.9;3.6;6.5;;3.9;2.1;;2.4;5.3;1.3;2.3;2.3;0.0;0.9;6.1;1.3;6.6;;4.4;;;3.1;;;1.6;;4.5;;;;0.9;;;;;;0.9;-2.6;1.9;1.5;;;;;;1.8;0.8;;;;2.9;;;2.2;;;;;;;;;;;;;;;;;;;;;;;;;;;-4.1;;-4.7;;;;;;;;;;;;;;;;;;;;;0.5;-0.6;-3.8;3.7;5.3;;3.7;2.6;;;-1.8;3.6;2.8;1.8;-0.2;;;-4.0;-0.6;;;;-6.0;;-4.7;;;;;;;;;;;0.5;;;;;;;;;;;-1.6;;;;;;;3.6;;;1.5;;;;;;;;;;;;;;;;;;;;;;;;;-7.3;-6.0;;20.6;;6.6;;2.9;0.6;0.7;3.7;;;;;;;;;;;;;;;;;;;;-0.4;4.8;-3.3;2.8;;1.9;7.9;;;-6.0;-2.3;
2025-02-02;;3.2;;;;;-6.2;-1.1;;;;;;;;1.3;;;;;-2.9;;-8.8;;;-0.8;;;;;;;;;;;;2.3;;;-1.7;;;;;0.8;;;;;;;;;;;;;-8.7;2.3;1.9;0.1;-1.6;;;;;;;;;;;;;;;;;;;;;;;;;;;;-5.0;;;;;;;;;;;;;;;;;;;;-4.8;;;;;3.8;3.3;5.8;1.6;0.9;-0.3;2.0;2.3;3.8;3.4;6.2;;4.0;2.0;;2.4;5.2;1.4;2.2;2.3;0.0;0.9;6.1;1.2;6.6;;4.3;;;3.1;;;1.6;;4.4;;;;0.8;;;;;;0.9;-2.7;1.6;1.6;;;;;;1.8;0.8;;;;2.7;;;2.2;;;;;;;;;;;;;;;;;;;;;;;;;;;-4.1;;-4.6;;;;;;;;;;;;;;;;;;;;;0.9;-0.7;-3.8;3.8;5.2;;3.8;2.6;;;-1.8;3.6;2.7;1.8;-0.3;;;-3.6;-0.4;;;;-5.9;;-4.4;;;;;;;;;;;0.3;;;;;;;;;;;-1.6;;;;;;;3.6;;;1.5;;;;;;;;;;;;;;;;;;;;;;;;;-7.3;-6.2;;20.5;;6.5;;2.9;0.6;0.7;3.7;;;;;;;;;;;;;;;;;;;;-0.3;4.9;-3.3;2.7;;1.8;8.0;;;-6.0;-2.2;
2025-02-03;;3.1;;;;;-6.3;-1.1;;;;;;;;1.4;;;;;-2.9;;-8.9;;;-0.9;;;;;;;;;;;;2.3;;;-1.7;;;;;0.8;;;;;;;;;;;;;-8.6;2.4;1.9;0.2;-1.5;;;;;;;;;;;;;;;;;;;;;;;;;;;;-4.8;;;;;;;;;;;;;;;;;;;;-4.9;;;;;3.8;3.3;5.7;1.4;0.9;-0.4;1.9;2.3;3.8;3.4;6.1;;4.0;1.9;;2.3;5.2;1.4;2.1;2.3;-0.1;0.7;6.0;1.1;6.7;;4.3;;;3.1;;;1.6;;4.4;;;;0.7;;;;;;0.9;-2.8;1.5;1.6;;;;;;1.7;0.6;;;;2.5;;;2.2;;;;;;;;;;;;;;;;;;;;;;;;;;;-4.1;;-4.7;;;;;;;;;;;;;;;;;;;;;0.2;-0.6;-3.7;3.9;5.1;;3.7;2.6;;;-1.6;3.7;2.6;1.8;-0.3;;;-3.2;-0.1;;;;-5.8;;-4.4;;;;;;;;;;;0.3;;;;;;;;;;;-1.6;;;;;;;3.6;;;1.6;;;;;;;;;;;;;;;;;;;;;;;;;-7.3;-6.2;;20.2;;6.4;;2.7;0.6;0.7;3.7;;;;;;;;;;;;;;;;;;;;-0.1;4.9;-3.3;2.8;;1.8;8.0;;;-6.0;-2.1;
2025-02-04;;3.1;;;;;-6.3;-1.1;;;;;;;;1.3;;;;;-3.0;;-9.0;;;-0.7;;;;;;;;;;;;2.5;;;-1.7;;;;;0.8;;;;;;;;;;;;;-8.5;2.4;;;-1.5;;;;;;;;;;;;;;;;;;;;;;;;;;;;-4.8;;;;;;;;;;;;;;;;;;;;-4.9;;;;;3.7;3.3;5.8;1.2;0.9;-0.5;1.8;2.3;3.5;3.3;5.8;;3.9;1.8;;2.2;5.1;1.2;2.1;2.3;-0.3;0.7;5.9;1.0;6.4;;4.2;;;3.2;;;1.6;;4.3;;;;0.4;;;;;;0.9;-2.8;1.5;1.5;;;;;;1.6;0.4;;;;2.3;;;2.0;;;;;;;;;;;;;;;;;;;;;;;;;;;-4.0;;-4.8;;;;;;;;;;;;;;;;;;;;;0.8;-0.6;-3.7;4.0;5.1;;3.7;2.3;;;-1.7;3.7;2.7;1.9;-0.2;;;-2.9;0.1;;;;-5.8;;-4.3;;;;;;;;;;;0.3;;;;;;;;;;;-1.6;;;;;;;;;;1.6;;;;;;;;;;;;;;;;;;;;;;;;;-7.3;-6.1;;19.9;;6.4;;2.7;0.4;0.5;3.6;;;;;;;;;;;;;;;;;;;;-0.1;4.9;-3.3;2.8;;1.6;8.0;;;-6.0;-2.1;
2025-02-05;;3.2;;;;;-6.4;-1.1;;-2.4;;;;;;1.5;;;;;-3.0;;-9.0;;;-0.8;;;;;;;;;;;;2.6;;;-1.8;;;;;0.7;;;;;;;;;;;;;-8.5;2.5;1.9;0.4;-1.3;;;;;;;;;;;;;;;;;;;;;;;;;;;;-4.7;;;;;;;;;;;;;;;;;;;;-4.8;;;;;3.7;3.1;5.7;1.0;0.9;-0.6;1.7;2.2;3.4;3.3;5.6;;3.8;2.0;;2.2;5.1;1.1;2.1;2.1;-0.4;0.6;5.7;0.8;6.2;;4.2;;;3.2;;;1.6;;4.2;;;;0.4;;;;;;;-2.7;1.6;1.6;;;;;;1.6;0.3;;;;2.1;;;1.9;;;;;;;;;;;;;;;;;;;;;;;;;;;-4.1;;-4.8;;;;;;;;;;;;;;;;;;;;;1.1;-0.6;-3.7;4.0;5.0;;3.7;2.3;;;-2.0;3.8;2.8;2.0;-0.1;;;-2.8;0.2;;;;-5.8;;-4.1;;;;;;;;;;;0.4;;;;;;;;;;;-1.6;;;;;;;;;;1.6;;;;;;;;;;;;;;;;;;;;;;;;;-7.5;-6.3;;19.7;;6.3;;2.5;0.5;0.6;3.7;;;;;;;;;;;;;;;;;;;;-0.1;4.9;-3.3;2.9;;1.7;8.1;;;-6.0;-2.2;
2025-02-06;;3.2;;;;;-6.5;-1.0;;-2.4;;;;;;1.5;;;;;-3.0;;-9.1;;;-0.8;;;;;;;;;;;;2.6;;;-1.8;;;;;0.6;;;;;;;;;;;;;-8.5;;1.9;0.4;-1.3;;;;;;;;;;;;;;;;;;;;;;;;;;;;-4.5;;;;;;;;;;;;;;;;;;;;-4.8;;;;;3.7;3.0;5.6;1.0;1.0;-0.7;1.7;2.3;3.5;3.3;5.7;;3.7;1.8;;2.2;5.1;1.1;2.1;1.9;-0.4;0.4;5.6;0.7;6.2;;4.1;;;3.2;;;1.6;;4.2;;;;0.4;;;;;;0.8;-2.8;1.7;1.6;;;;;;1.5;0.2;;;;2.0;;;1.9;;;;;;;;;;;;;;;;;;;;;;;;;;;-4.2;;-4.9;;;;;;;;;;;;;;;;;;;;;1.2;-0.6;-3.7;4.0;5.0;;3.6;2.3;;;-2.0;3.8;2.8;2.0;-0.1;;;-2.6;0.2;;;;-5.8;;-4.0;;;;;;;;;-6.7;;0.4;;;;;;;;;;;-1.6;;;;;;;;;;1.3;;;;;;;;;;;;;;;;;;;;;;;;;-7.6;-6.4;;19.5;;6.2;;2.4;0.6;0.5;3.7;;;;;;;;;;;;;;;;;;;;-0.2;4.9;-3.3;3.0;;1.7;8.1;;;-5.9;-2.1;
2025-02-07;;3.2;;;;;-6.4;-0.9;;-2.4;;;;;;1.6;;;;;-2.8;;-9.1;;;-0.8;;;;;;;;;;;;2.7;;;-1.8;;;;;0.6;;;;;;;;;;;;;-8.5;2.5;2.0;0.3;-1.3;;;;;;;;;;;;;;;;;;;;;;;;;;;;-4.4;;;;;;;;;;;;;;;;;;;;-4.8;;;;;3.6;3.1;5.5;1.0;1.0;-0.7;1.7;2.3;3.7;3.2;5.9;;3.6;1.8;;2.0;5.0;1.1;2.0;1.9;-0.4;0.4;5.6;0.5;6.1;;4.1;;;3.3;;;1.6;;4.3;;;;0.5;;;;;;0.7;-2.8;1.6;1.6;;;;;;1.5;0.3;;;;2.1;;;2.0;;;;;;;;;;;;;;;;;;;;;;;;;;;-4.2;;-4.9;;;;;;;;;;;;;;;;;;;;;1.2;-0.7;-3.7;4.0;4.9;;;2.5;;;-2.0;3.8;2.8;2.0;0.0;;;-2.5;0.4;;;;-5.4;;-3.8;;;;;;;;;-6.8;;0.5;;;;;;;;;;;-1.6;;;;;;;3.6;;;1.5;;;;;;;;;;;;;;;;;;;;;;;;;-7.4;-6.3;;19.3;;6.0;;2.4;0.5;0.6;3.8;;;;;;;;;;;;;;;;;;;;-0.1;5.0;-3.3;3.0;;1.6;8.1;;;-6.0;-2.3;
2025-02-08;;3.1;;;;;-6.4;-0.9;;-2.4;;;;;;1.6;;;;;-2.9;;-9.1;;-1.9;-0.8;;;;;;;;;;;;2.6;;;-1.7;;;;;0.6;;;;;;;;;;;;;-8.5;2.8;2.0;0.5;-1.3;;;;;;;;;;;;;;;;;;;;;;;;;;;;-4.4;;;;;;;;;;;;;;;;;;;;-4.9;;;;;3.7;3.2;5.6;1.0;1.0;-0.7;1.7;2.5;3.7;3.3;5.7;;3.6;1.9;;2.0;5.1;1.1;2.0;1.8;-0.4;0.3;5.6;0.6;6.1;;4.2;;;3.2;;;1.6;;4.3;;;;0.5;;;;;;0.7;-2.7;1.7;1.6;;;;;;1.6;0.2;;;;2.1;;;2.0;;;;;;;;;;;;;;;;;;;;;;;;;;;-4.1;;-4.9;;;;;;;;;;;;;;;;;;;;;1.2;-0.7;-3.6;3.9;5.0;;3.6;2.7;;;-2.2;3.9;2.8;2.1;-0.1;;;-2.4;0.4;;;;-5.3;;-3.8;;;;;;;;;-6.7;;0.5;;;;;;;;;;;-1.6;;;;;;;3.6;;;1.4;;;;;;;;;;;;;;;;;;;;;;;;;-7.4;-6.3;;19.2;;6.1;;2.4;0.4;0.6;3.8;;;;;;;;;;;;;;;;;;;;-0.2;5.1;-3.2;3.0;;1.5;8.0;;;-6.0;-2.3;
2025-02-09;;3.2;;;;;-6.4;-0.8;;-2.3;;;;;;1.6;;;;;-3.0;;-9.2;;-1.9;-0.8;;;;;;;;;;;;2.7;;;-1.7;;;;;0.6;;;;;;;;;;;;;-8.6;2.9;1.9;0.7;-1.2;;;;;;;;;;;;;;;;;;;;;;;;;;;;-4.5;;;;;;;;;;;;;;;;;;;;-4.9;;;;;3.7;3.2;5.7;1.1;1.0;-0.8;1.8;2.3;3.9;3.3;5.6;;3.6;1.9;;1.9;5.2;1.2;2.0;1.9;-0.3;0.2;5.5;0.7;6.2;;4.2;;;3.1;;;1.7;;4.2;;;;0.6;;;;;;0.7;-2.7;1.6;1.7;;;;;;1.5;0.1;;;;2.3;;;2.1;;;;;;;;;;;;;;;;;;;;;;;;;;;-4.2;;-4.9;;;;;;;;;;;;;;;;;;;;;1.1;-0.7;-3.6;3.9;4.9;;3.5;2.7;;;-2.3;4.0;2.9;2.2;0.0;;;-2.5;0.5;;;;-5.2;;-3.6;;;;;;;;;-6.7;;0.6;;;;;;;;;;;-1.6;;;;;;;3.6;;;0.9;;;;;;;;;;;;;;;;;;;;;;;;;-7.3;-6.3;;-0.1;;5.9;;2.4;0.4;0.7;3.9;;;;;;;;;;;;;;;;;;;;-0.3;5.0;-3.1;3.1;;1.5;7.9;;;;-2.4;
2025-02-10;;3.2;;;;;-6.3;-0.8;;-2.4;;;;;;1.5;;;;;-2.9;;-9.3;;-1.9;-0.6;;;;;;;;;;;;2.7;;;-1.8;;;;;0.5;;;;;;;;;;;;;-8.6;3.0;2.0;0.9;;;;;;;;;;;;;;;;;;;;;;;;;;;;;-4.6;;;;;;;;;;;;;;;;;;;;-4.9;;;;;3.7;3.1;5.7;1.1;1.0;-0.8;1.7;2.3;4.0;3.1;5.5;;3.5;1.8;;2.0;5.2;1.1;2.0;2.0;-0.4;0.1;5.4;0.5;6.0;;4.2;;;3.1;;;1.8;;4.2;;;;0.5;;;;;;0.8;-2.8;1.6;1.7;;;;;;1.4;0.1;;;;2.1;;;1.9;;;;;;;;;;;;;;;;;;;;;;;;;;;-4.2;;-4.9;;;;;;;;;;;;;;;;;;;;;1.1;-0.6;-3.6;3.9;5.0;;3.5;2.9;;;-2.3;;;2.2;0.0;;;-2.3;0.7;;;;-5.1;;-3.4;;;;;;;;;-6.6;;0.8;;;;;;;;;;;-1.6;;;;;;;3.7;;;0.5;;;;;;;;;;;;;;;;;;;;;;;;;-7.3;-6.4;;-0.2;;5.9;;2.4;0.5;0.8;4.0;;;;;;;;;;;;;;;;;;;;-0.4;5.1;-2.9;3.0;;1.5;7.9;;;-6.0;-2.3;
2025-02-11;;3.3;;;;;-6.3;-0.7;;-2.4;;;;;;1.4;;;;;-2.9;;-9.4;;;-0.7;;;;;;;;;;;;2.7;;;-1.7;;;;;0.5;;;;;;;;;;;;;-8.6;2.8;2.0;0.9;-1.1;;;;;;;;;;;;;;;;;;;;;;;;;;;;-4.5;;;;;;;;;;;;;;;;;;;;-4.9;;;;;3.6;3.1;5.6;1.1;1.0;-0.9;1.8;2.2;5.7;2.9;5.4;;3.3;1.7;;2.0;5.1;1.1;1.9;1.9;-0.6;0.0;5.3;0.5;5.9;;4.3;;;3.0;;;1.8;;4.3;;;;0.4;;;;;;0.7;-2.8;1.8;1.6;;;;;;1.3;0.0;;;;2.1;;;1.9;;;;;;;;;;;;;;;;;;;;;;;;;;;-4.1;;-5.0;;;;;;;;;;;;;;;;;;;;;1.1;-0.7;-3.6;3.8;5.0;;3.5;2.8;;;-2.3;3.9;2.9;2.2;0.0;;;-2.3;0.9;;;;-5.1;;-3.0;;;;;;;;;-6.4;;1.0;;;;;;;;;;;-1.6;;;;;;;3.7;;;0.4;;;;;;;;;;;;;;;;;;;;;;;;;;;;-0.3;;5.7;;2.4;0.4;0.7;4.0;;;;;;;;;;;;;;;;;;;;-0.5;5.0;-2.8;3.0;;1.6;7.9;;;;-2.3;
2025-02-12;;3.3;;;;;-6.4;-0.7;;-2.4;;;;;;1.4;;;;;-2.8;;-9.3;;;-0.5;;;;;;;;;;;;2.9;;;-1.7;;;;;0.5;;;;;;;;;;;;;-8.6;2.8;2.1;0.7;-1.4;;;;;;;;;;;;;;;;;;;;;;;;;;;;-4.6;;;;;;;;;;;;;;;;;;;;-4.8;;;;;3.7;3.1;5.5;1.1;1.1;-0.8;1.8;2.2;5.7;2.9;5.4;;3.4;1.6;;2.0;5.2;1.2;2.0;1.9;-0.7;-0.1;5.4;0.5;6.0;;4.2;;;2.9;;;1.9;;4.3;;;;0.4;;;;;;0.6;-2.9;;1.6;;;;;;1.2;0.0;;;;2.0;;;2.0;;;;;;;;;;;;;;;;;;;;;;;;;;;-4.1;;-5.0;;;;;;;;;;;;;;;;;;;;;1.1;-0.6;-3.6;3.8;5.0;;3.6;3.0;;;-2.2;3.8;2.8;2.3;0.0;;;-2.2;1.1;;;;-4.7;;-3.0;;;;;;;;;-6.3;;1.0;;;;;;;;;;;-1.6;;;;;;;3.8;;;0.5;;;;;;;;;;;;;;;;;;;;;;;;;-7.3;-6.6;;-0.7;;5.6;;2.3;0.4;0.7;4.0;;;;;;;;;;;;;;;;;;;;-0.5;5.0;-2.7;3.0;;1.6;7.9;;;-6.0;-2.3;
2025-02-13;;3.3;;;;;-6.4;-0.7;;-2.4;;;;;;1.6;;;;;-2.7;;-9.3;;;-0.3;;;;;;;;;;;;2.8;;;-1.8;;;;;0.5;;;;;;;;;;;;;-8.7;2.8;2.1;0.5;-1.5;;;;;;;;;;;;;;;;;;;;;;;;;;;;-4.6;;;;;;;;;;;;;;;;;;;;-4.9;;;;;3.5;3.0;5.5;1.1;1.0;-0.9;1.6;2.1;5.8;2.7;5.0;;3.2;1.6;;2.0;5.0;1.0;2.0;1.8;-1.1;-0.3;5.4;0.3;6.0;;4.0;;;2.9;;;1.9;;4.2;;;;0.4;;;;;;0.6;-2.9;1.7;1.6;;;;;;1.0;-0.1;;;;1.9;;;1.9;;;;;;;;;;;;;;;;;;;;;;;;;;;-4.1;;-5.0;;;;;;;;;;;;;;;;;;;;;1.2;-0.6;-3.6;3.9;4.9;;3.5;2.9;;;-2.2;3.8;2.7;2.3;0.1;;;-2.0;1.2;;;;-4.5;;-2.9;;;;;;;;;-6.2;;1.1;;;;;;;;;;;-1.6;;;;;;;3.8;;;0.5;;;;;;;;;;;;;;;;;;;;;;;;;-7.3;-6.9;;-0.9;;5.6;;2.3;0.1;0.3;3.9;;;;;;;;;;;;;;;;;;;;-0.4;5.0;-2.6;3.0;;1.5;8.0;;;-6.0;-2.3;
2025-02-14;;3.3;;;;;-6.3;-0.8;;-2.4;;;;;;1.7;;;;;-2.7;;-9.2;;;-0.3;;;;;;;;;;;;3.0;;;-1.8;;;;;0.6;;;;;;;;;;;;;-8.7;2.7;;0.5;-1.4;;;;;;;;;;;;;;;;;;;;;;;;;;;;-4.5;;;;;;;;;;;;;;;;;;;;-4.8;;;;;3.5;2.9;5.5;1.0;0.9;-1.1;1.5;2.1;5.9;2.6;4.8;;3.1;1.5;;2.0;5.0;0.8;2.0;1.7;-1.2;-0.4;5.4;0.3;5.9;;4.0;;;2.9;;;1.8;;4.1;;;;0.2;;;;;;0.6;-3.0;1.7;1.7;;;;;;0.8;-0.2;;;;1.7;;;1.9;;;;;;;;;;;;;;;;;;;;;;;;;;;-4.1;;-5.1;;;;;;;;;;;;;;;;;;;;;1.2;-0.6;-3.5;3.9;4.9;;3.6;3.0;;;-2.0;3.8;2.8;2.4;0.2;;;-1.9;1.3;;;;-4.4;;-2.8;;;;;;;;;-6.0;;1.2;;;;;;;;;;;-1.6;;;;;;;3.8;;;0.4;;;;;;;;;;;;;;;;;;;;;;;;;-7.4;-7.2;;-0.9;;5.5;;2.3;0.0;0.1;3.8;;;;;;;;;;;;;;;;;;;;-0.4;5.0;-2.6;3.0;;1.5;8.0;;;-6.0;-2.2;
2025-02-15;;3.3;;;;;-6.4;-0.9;;-2.4;;;;;;1.7;;;;;-2.7;;-9.4;;;-0.4;;;;;;;;;;;;3.0;;;-1.8;;;;;0.5;;;;;;;;;;;;;-8.8;2.6;2.0;0.5;-1.6;;;;;;;;;;;;;;;;;;;;;;;;;;;;-4.4;;;;;;;;;;;;;;;;;;;;-4.8;;;;;3.5;3.0;5.3;0.7;0.7;-1.1;1.4;2.0;5.9;2.4;4.6;;3.1;1.3;;1.9;4.8;0.6;1.8;1.5;-1.5;-0.6;5.1;0.2;5.6;;3.9;;;2.7;;;1.8;;4.2;;;;0.2;;;;;;0.6;-3.0;1.6;1.7;;;;;;0.8;-0.4;;;;1.7;;;1.8;;;;;;;;;;;;;;;;;;;;;;;;;;;-4.1;;-5.2;;;;;;;;;;;;;;;;;;;;;1.2;-0.6;-3.5;4.0;4.9;;;;;;;3.9;2.8;2.5;0.2;;;-1.8;1.5;;;;-4.2;;-2.6;;;;;;;;;-5.9;;1.2;;;;;;;;;;;-1.5;;;;;;;3.7;;;0.2;;;;;;;;;;;;;;;;;;;;;;;;;-7.4;-6.8;;-1.0;;5.7;;;0.1;-0.1;3.6;;;;;;;;;;;;;;;;;;;;-0.3;5.0;-2.6;3.0;;1.5;8.0;;;-6.0;-2.2;
2025-02-16;;3.3;;;;;-6.4;-0.8;;-2.4;;;;;;1.6;;;;;-2.7;;-9.3;;;-0.4;;;;;;;;;;;;3.1;;;-1.7;;;;;0.6;;;;;;;;;;;;;-8.7;2.8;1.9;0.3;-1.7;;;;;;;;;;;;;;;;;;;;;;;;;;;;-4.4;;;;;;;;;;;;;;;;;;;;-4.8;;;;;3.5;3.0;5.3;0.6;0.7;-1.1;1.3;2.0;6.1;2.3;4.6;;2.9;1.2;;2.0;5.0;0.5;1.9;1.5;-1.7;-0.7;5.0;0.1;5.5;;4.0;;;2.6;;;1.8;;4.1;;;;0.2;;;;;;0.5;-3.0;1.6;1.8;;;;;;0.8;-0.4;;;;1.7;;;1.7;;;;;;;;;;;;;;;;;;;;;;;;;;;-4.0;;-5.3;;;;;;;;;;;;;;;;;;;;;1.3;-0.6;-3.4;3.9;4.9;;3.6;3.1;;;-1.9;3.9;2.8;2.5;0.1;;;-1.2;2.2;;;;-3.9;;-2.0;;;;;;;;;-5.7;;1.2;;;;;;;;;;;-1.5;;;;;;;3.8;;;0.6;;;;;;;;;;;;;;;;;;;;;;;;;-7.4;-6.8;;-1.1;;5.6;;2.2;0.2;0.0;3.5;;;;;;;;;;;;;;;;;;;;-0.3;5.1;-2.6;2.9;;1.5;8.1;;;-6.0;-2.2;
2025-02-17;;3.3;;;;;-6.4;-0.9;;-2.3;;;;;;1.6;;;;;-2.8;;-9.1;;;-0.5;;;;;;;;;;;;3.1;;;-1.7;;;;;0.6;;;;;;;;;;;;;-8.7;2.7;1.9;0.3;-1.7;;;;;;;;;;;;;;;;;;;;;;;;;;;;-4.4;;;;;;;;;;;;;;;;;;;;-4.7;;;;;3.5;2.9;5.4;0.6;0.8;-0.8;1.3;2.0;6.2;2.5;4.6;;2.9;1.2;;2.1;4.9;0.5;1.9;1.5;-1.6;-0.6;5.0;0.2;5.3;;4.0;;;2.4;;;1.9;;4.1;;;;0.3;;;;;;0.4;;1.7;1.8;;;;;;0.9;-0.4;;;;1.7;;;1.6;;;;;;;;;;;;;;;;;;;;;;;;;;;-4.0;;-5.3;;;;;;;;;;;;;;;;;;;;;1.2;-0.6;-3.3;4.0;5.0;;3.5;3.1;;;-1.6;3.9;2.9;2.5;0.2;;;-0.4;3.0;;;;-3.2;;-1.7;;;;;;;;;-5.6;;1.4;;;;;;;;;;;-1.5;;;;;;;3.8;;;0.5;;;;;;;;;;;;;;;;;;;;;;;;;-7.5;-7.0;;-1.2;;5.7;;2.1;0.2;-0.1;3.5;;;;;;;;;;;;;;;;;;;;-0.3;5.1;-2.5;2.9;;1.7;8.0;;;-5.9;-2.2;
2025-02-18;;3.3;;;;;-6.4;-0.9;;;;;;;;1.6;;;;;-2.8;;-9.1;;;-0.6;;;;;;;;;;;;3.0;;;-1.6;;;;;0.5;;;;;;;;;;;;;-8.8;2.7;1.9;0.3;-1.7;;;;;;;;;;;;;;;;;;;;;;;;;;;;-4.4;;;;;;;;;;;;;;;;;;;;-4.5;;;;;3.5;3.0;5.4;0.4;0.7;-0.9;1.4;2.0;6.4;2.4;4.5;;2.8;1.2;;2.1;4.9;0.3;1.8;1.5;-1.7;-0.6;4.9;0.1;5.3;;4.0;;;2.3;;;1.9;;4.1;;;;0.3;;;;;;0.4;-2.9;1.7;1.8;;;;;;0.9;-0.4;;;;1.8;;;1.6;;;;;;;;;;;;;;;;;;;;;;;;;;;-4.0;;-5.3;;;;;;;;;;;;;;;;;;;;;1.2;-0.7;-3.4;4.0;5.0;;3.6;;;;-1.6;4.0;2.9;2.4;0.1;;;0.1;3.5;;;;-2.5;;-1.0;;;;;;;;;-5.3;;1.5;;;;;;;;;;;-1.5;;;;;;;3.8;;;0.1;;;;;;;;;;;;;;;;;;;;;;;;;-7.5;-6.8;;-1.3;;5.5;;2.0;0.2;0.0;3.4;;;;;;;;;;;;;;;;;;;;-0.3;5.1;-2.4;2.8;;1.7;8.0;;;-5.9;-2.1;
2025-02-19;;3.2;;;;;-6.4;-0.8;;-2.3;;;;;;1.6;;;;;-2.7;;-9.2;;;-0.5;;;;;;;;;;;;3.1;;;-1.6;;;;;0.6;;;;;;;;;;;;;-8.8;2.9;1.8;0.4;-1.7;;;;;;;;;;;;;;;;;;;;;;;;;;;;-4.4;;;;;;;;;;;;;;;;;;;;-4.0;;;;;3.5;2.8;5.2;0.4;0.6;-1.0;1.3;1.9;6.4;2.4;4.3;;2.6;1.2;;2.1;4.9;0.2;1.7;1.5;-1.7;-0.6;4.8;0.1;5.2;;3.9;;;2.1;;;1.9;;4.1;;;;0.3;;;;;;0.5;-3.0;1.7;1.8;;;;;;0.9;-0.3;;;;1.9;;;1.5;;;;;;;;;;;;;;;;;;;;;;;;;;;-3.9;;-5.3;;;;;;;;;;;;;;;;;;;;;1.2;-0.7;-3.3;4.0;5.0;;3.7;3.1;;;-1.6;4.1;3.0;2.4;0.1;;;0.8;4.1;;;;-1.9;;-0.4;;;;;;;;;-5.1;;1.7;;;;;;;;;;;-1.5;;;;;;;3.8;;;-0.1;;;;;;;;;;;;;;;;;;;;;;;;;-7.5;-6.8;;-1.3;;5.5;;2.1;0.2;0.0;3.4;;;;;;;;;;;;;;;;;;;;-0.3;5.1;-2.4;2.8;;1.7;7.9;;;-5.9;-2.1;
2025-02-20;;3.2;;;;;-6.3;-0.8;;-2.4;;;;;;1.6;;;;;-2.5;;-9.1;;;-0.4;;;;;;;;;;;;3.1;;;-1.6;;;;;0.7;;;;;;;;;;;;;-8.9;2.7;1.6;0.2;-1.8;;;;;;;;;;;;;;;;;;;;;;;;;;;;-4.5;;;;;;;;;;;;;;;;;;;;-3.7;;;;;3.4;2.8;5.1;0.4;0.5;-1.1;1.4;1.8;6.5;2.3;4.1;;2.3;1.2;;2.1;4.9;0.0;1.8;1.6;-1.7;-0.6;4.7;0.0;5.0;;3.8;;;1.9;;;1.9;;4.1;;;;0.3;;;;;;0.5;-3.0;1.8;1.8;;;;;;0.8;-0.2;;;;1.9;;;1.3;;;;;;;;;;;;;;;;;;;;;;;;;;;-3.9;;-5.3;;;;;;;;;;;;;;;;;;;;;1.2;-0.7;-3.3;3.9;4.9;;3.7;3.2;;;-1.2;4.2;3.0;2.5;0.1;;;-0.1;3.6;;;;-1.4;;0.1;;;;;;;;;-4.9;;1.7;;;;;;;;;;;-1.5;;;;;;;3.8;;;-0.1;;;;;;;;;;;;;;;;;;;;;;;;;-7.6;-6.9;;-1.4;;5.5;;1.9;0.0;-0.2;3.3;;;;;;;;;;;;;;;;;;;;-0.3;5.1;-2.4;2.8;;1.8;8.0;;;-5.9;-2.1;
2025-02-21;;3.2;;;;;-6.2;-0.8;;-2.4;;;;;;1.6;;;;;-2.4;;-9.0;;;-0.3;;;;;;;;;;;;3.1;;;-1.6;;;;;0.6;;;;;;;;;;;;;-9.0;2.7;1.5;0.1;-1.7;;;;;;;;;;;;;;;;;;;;;;;;;;;;-4.4;;;;;;;;;;;;;;;;;;;;-3.1;;;;;3.5;2.8;5.2;0.6;0.6;-1.1;1.6;1.8;6.6;2.3;4.3;;2.4;1.2;;2.1;4.9;0.0;1.8;1.5;-1.7;-0.5;4.6;0.0;5.1;;3.9;;;1.8;;;1.9;;4.1;;;;0.2;;;;;;0.5;-2.9;2.0;1.7;;;;;;0.9;-0.2;;;;2.2;;;1.3;;;;;;;;;;;;;;;;;;;;;;;;;;;-3.8;;-5.3;;;;;;;;;;;;;;;;;;;;;1.2;-0.7;-3.1;3.9;4.9;;3.7;3.2;;;-1.2;4.1;3.0;2.5;0.1;;;0.0;3.6;;;;0.0;;3.4;;;;;;;;;-4.8;;2.0;;;;;;;;;;;-1.5;;;;;;;3.8;;;-0.2;;;;;;;;;;;;;;;;;;;;;;;;;-7.5;-7.1;;-1.4;;5.6;;2.0;0.1;-0.2;3.2;;;;;;;;;;;;;;;;;;;;-0.3;5.1;-2.4;2.8;;1.8;7.9;;;-6.0;-2.0;
2025-02-22;;3.3;;;;;-6.3;-0.8;;-2.4;;;;;;1.7;;;;;-2.4;;-9.2;;;-0.2;;;;;;;;;;;;3.1;;;-1.5;;;;;0.7;;;;;;;;;;;;;-9.0;2.5;1.4;0.0;-1.6;;;;;;;;;;;;;;;;;;;;;;;;;;;;-4.6;;;;;;;;;;;;;;;;;;;;0.3;;;;;3.5;2.8;5.2;0.7;0.6;-0.9;1.5;1.8;6.8;2.3;4.3;;2.3;1.1;;2.1;4.8;-0.1;1.7;1.5;-1.8;-0.5;4.6;-0.1;5.1;;3.9;;;1.7;;;2.0;;4.1;;;;0.2;;;;;;0.5;-2.8;1.9;1.7;;;;;;0.9;-0.2;;;;2.2;;;1.3;;;;;;;;;;;;;;;;;;;;;;;;;;;-3.8;;-5.2;;;;;;;;;;;;;;;;;;;;;1.2;-0.7;-3.0;3.8;4.9;;3.7;3.2;;;-1.3;4.1;3.1;2.4;0.2;;;0.1;3.6;;;;-0.1;;3.4;;;;;;;;;-4.7;;2.1;;;;;;;;;;;-1.5;;;;;;;3.8;;;-0.1;;;;;;;;;;;;;;;;;;;;;;;;;-7.6;-7.3;;;;5.7;;2.0;0.2;-0.2;3.3;;;;;;;;;;;;;;;;;;;;-0.2;5.0;-2.4;2.8;;1.6;7.9;;;-6.0;-2.1;
2025-02-23;;3.3;;;;;-6.3;-0.8;;-2.4;;;;;;1.7;;;;;-2.4;;-9.1;;;-0.2;;;;;;;;;;;;3.2;;;-1.5;;;;;0.8;;;;;;;;;;;;;-9.0;;1.4;-0.1;;;;;;;;;;;;;;;;;;;;;;;;;;;;;-4.6;;;;;;;;;;;;;;;;;;;;0.3;;;;;3.5;2.8;5.1;0.7;0.5;-0.9;1.4;1.8;6.9;2.3;4.4;;2.2;1.0;;2.1;4.8;-0.2;1.7;1.6;-1.7;-0.6;4.5;-0.1;5.1;;3.8;;;1.7;;;2.0;;4.1;;;;0.2;;;;;;0.5;-2.9;1.9;1.7;;;;;;0.8;-0.2;;;;2.2;;;1.2;;;;;;;;;;;;;;;;;;;;;;;;;;;-3.7;;-5.2;;;;;;;;;;;;;;;;;;;;;1.1;-0.7;-2.9;3.9;4.9;;3.7;3.2;;;-1.6;4.1;3.1;2.4;0.2;;;0.2;3.6;;;;-0.1;;3.4;;;;;;;;;-4.5;;2.2;;;;;;;;;;;-1.5;;;;;;;3.9;;;-0.1;;;;;;;;;;;;;;;;;;;;;;;;;-7.6;-7.4;;-1.5;;5.7;;2.0;0.2;-0.4;3.2;;;;;;;;;;;;;;;;;;;;-0.2;5.1;-2.4;2.8;;1.5;7.9;;;;-2.1;
2025-02-24;;3.3;;;;;-6.3;-0.9;;-2.4;;;;;;1.6;;;;;-2.4;;-9.1;;;-0.2;;;;;;;;;;;;3.2;;;-1.5;;;;;0.7;;;;;;;;;;;;;-9.0;2.5;1.3;0.0;-1.7;;;;;;;;;;;;;;;;;;;;;;;;;;;;-4.6;;;;;;;;;;;;;;;;;;;;0.4;;;;;3.6;2.8;5.2;0.8;0.5;-0.9;1.5;1.8;7.1;2.3;4.4;;2.4;1.1;;2.1;4.7;-0.3;1.8;1.6;-1.6;-0.6;4.6;0.0;5.1;;3.9;;;1.6;;;2.0;;4.1;;;;0.1;;;;;;0.4;-2.9;1.9;1.7;;;;;;0.9;0.0;;;;2.2;;;1.2;;;;;;;;;;;;;;;;;;;;;;;;;;;-3.8;;-5.2;;;;;;;;;;;;;;;;;;;;;1.1;-0.7;-2.7;3.9;4.9;;3.8;3.2;;;-1.3;4.2;3.2;2.5;0.1;;;0.3;3.4;;;;-0.1;;3.4;;;;;;;;;-4.5;;2.3;;;;;;;;;;;-1.4;;;;;;;3.9;;;-0.2;;;;;;;;;;;;;;;;;;;;;;;;;-7.6;-7.7;;-1.5;;5.7;;2.2;0.2;-0.2;3.2;;;;;;;;;;;;;;;;;;;;-0.1;5.1;-2.4;2.7;;1.5;7.9;;;-6.0;-2.2;
2025-02-25;;3.4;;;;;-6.3;-0.8;;;;;;;;1.6;;;;;-2.4;;-9.2;;;-0.2;;;;;;;;;;;;3.2;;;-1.6;;;;;0.8;;;;;;;;;;;;;-8.9;2.6;1.5;-0.1;-1.6;;;;;;;;;;;;;;;;;;;;;;;;;;;;-4.6;;;;;;;;;;;;;;;;;;;;0.4;;;;;3.7;2.9;5.2;0.8;0.6;-0.9;1.5;1.8;7.2;2.3;4.4;;2.5;1.1;;2.3;4.8;-0.2;2.0;1.6;-1.6;-0.6;4.7;0.1;5.1;;4.0;;;1.7;;;2.1;;4.2;;;;0.1;;;;;;0.5;-2.8;1.8;1.8;;;;;;0.9;0.0;;;;2.2;;;1.2;;;;;;;;;;;;;;;;;;;;;;;;;;;-3.8;;-5.2;;;;;;;;;;;;;;;;;;;;;1.1;-0.7;-2.5;3.9;4.9;;;3.2;;;-1.3;4.3;3.2;2.5;0.1;;;0.4;3.4;;;;-0.1;;3.4;;;;;;;;;-4.5;;2.2;;;;;;;;;;;-1.4;;;;;;;3.9;;;-0.1;;;;;;;;;;;;;;;;;;;;;;;;;-7.7;-7.5;;-1.5;;5.7;;2.2;0.4;-0.1;3.2;;;;;;;;;;;;;;;;;;;;-0.1;5.0;-2.4;2.7;;1.6;7.9;;;-6.0;-2.2;
2025-02-26;;3.3;;;;;-6.3;-0.9;;;;;;;;1.7;;;;;-2.5;;-9.2;;;-0.1;;;;;;;;;;;;3.2;;;-1.6;;;;;0.9;;;;;;;;;;;;;-8.9;2.6;1.5;0.0;-1.6;;;;;;;;;;;;;;;;;;;;;;;;;;;;-4.5;;;;;;;;;;;;;;;;;;;;0.5;;;;;3.7;2.8;5.2;0.7;0.6;-1.1;1.4;1.9;7.2;2.3;4.4;;2.4;1.2;;2.3;4.7;-0.3;1.9;1.6;-1.6;-0.7;4.6;0.1;4.9;;4.1;;;1.6;;;2.1;;4.2;;;;0.1;;;;;;0.4;-2.9;1.9;1.9;;;;;;1.0;0.0;;;;2.1;;;1.2;;;;;;;;;;;;;;;;;;;;;;;;;;;-3.7;;-5.2;;;;;;;;;;;;;;;;;;;;;1.1;-0.7;-2.4;3.9;4.9;;3.7;3.2;;;-1.5;4.4;3.2;2.5;0.2;;;0.4;3.5;;;;-0.1;;3.5;;;;;;;;;-4.4;;2.4;;;;;;;;;;;-1.4;;;;;;;3.9;;;-0.1;;;;;;;;;;;;;;;;;;;;;;;;;-7.8;-7.5;;-1.7;;5.7;;2.0;0.4;-0.1;3.3;;;;;;;;;;;;;;;;;;;;-0.1;5.0;-2.4;2.7;;1.6;7.9;;;-6.0;-2.2;
2025-02-27;;3.4;;;;;-6.4;-1.0;;;;;;;;1.7;;;;;-2.5;;-9.2;;;-0.1;;;;;;;;;;;;3.2;;;-1.6;;;;;0.9;;;;;;;;;;;;;-9.0;2.5;1.5;0.3;-1.5;;;;;;;;;;;;;;;;;;;;;;;;;;;;-4.5;;;;;;;;;;;;;;;;;;;;0.4;;;;;3.7;2.8;5.2;0.6;0.6;-1.1;1.4;1.8;7.3;2.1;3.9;;2.3;1.3;;2.4;4.8;-0.3;1.9;1.5;-1.8;-0.7;4.6;0.0;4.8;;4.1;;;1.7;;;2.1;;4.1;;;;0.0;;;;;;0.4;-2.8;1.9;1.8;;;;;;0.8;0.0;;;;2.0;;;1.1;;;;;;;;;;;;;;;;;;;;;;;;;;;-3.6;;-5.2;;;;;;;;;;;;;;;;;;;;;1.2;-0.7;-2.3;3.8;5.0;;3.6;3.2;;;-1.6;4.4;3.2;2.7;0.2;;;0.5;3.6;;;;-0.2;;3.7;;;;;;;;;-4.4;;2.3;;;;;;;;;;;-1.4;;;;;;;;;;-0.4;;;;;;;;;;;;;;;;;;;;;;;;;-7.7;-7.3;;-1.7;;5.7;;2.0;0.3;-0.3;3.3;;;;;;;;;;;;;;;;;;;;0.0;5.0;-2.5;2.6;;1.6;7.9;;;-6.0;-2.2;
2025-02-28;;3.4;;;;;-6.4;-1.0;;;;;;;;1.5;;;;;-2.5;;-9.1;;;-0.3;;;;;;;;;;;;3.2;;;-1.7;;;;;0.8;;;;;;;;;;;;;-9.1;2.5;1.6;0.2;-1.5;;;;;;;;;;;;;;;;;;;;;;;;;;;;-4.4;;;;;;;;;;;;;;;;;;;;0.4;;;;;3.8;2.9;5.2;0.7;0.6;-1.0;1.4;2.0;7.4;2.3;4.1;;2.4;1.4;;2.5;4.9;-0.3;2.0;1.6;-1.7;-0.7;4.7;0.2;4.8;;4.0;;;1.9;;;2.0;;4.1;;;;0.0;;;;;;0.4;-2.8;2.0;1.8;;;;;;1.0;0.3;;;;2.2;;;1.2;;;;;;;;;;;;;;;;;;;;;;;;;;;-3.6;;-5.1;;;;;;;;;;;;;;;;;;;;;1.1;-0.7;-2.2;3.9;5.0;;3.6;3.2;;;-1.5;4.4;3.1;2.7;0.1;;;0.5;3.7;;;;-0.1;;3.7;;;;;;;;;-4.4;;2.2;;;;;;;;;;;-1.4;;;;;;;;;;-0.6;;;;;;;;;;;;;;;;;;;;;;;;;-7.8;-7.4;;-1.7;;5.8;;2.0;0.6;-0.1;3.4;;;;;;;;;;;;;;;;;;;;0.0;5.0;-2.5;2.6;;1.7;8.0;;;-6.1;-2.2;
2025-03-01;;3.5;;;;;-6.4;-1.1;;;;;;;;1.4;;;;;-2.7;;-9.2;;;;;;;;;;;;;;;3.2;;;-1.7;;;;;0.8;;;;;;;;;;;;;-9.0;;1.8;0.4;;;;;;;;;;;;;;;;;;;;;;;;;;;;;-4.4;;;;;;;;;;;;;;;;;;;;0.4;;;;;3.9;2.9;5.3;0.7;0.7;-1.0;1.5;2.1;7.4;2.4;4.5;;2.4;1.4;;2.6;5.0;-0.3;2.1;1.6;-1.7;-0.6;4.7;0.2;5.1;;3.9;;;1.9;;;2.1;;4.1;;;;0.0;;;;;;0.4;-2.8;2.0;1.8;;;;;;1.0;0.4;;;;;;;1.2;;;;;;;;;;;;;;;;;;;;;;;;;;;-3.5;;-5.1;;;;;;;;;;;;;;;;;;;;;1.1;-0.7;-2.1;4.0;5.0;;3.4;3.2;;;-1.7;4.2;3.2;2.7;0.2;;;0.5;3.6;;;;-0.2;;3.7;;;;;;;;;-4.3;;2.2;;;;;;;;;;;-1.4;;;;;;;;;;-0.6;;;;;;;;;;;;;;;;;;;;;;;;;-7.6;-7.6;;-1.5;;5.8;;2.0;0.7;0.0;3.5;;;;;;;;;;;;;;;;;;;;0.0;5.0;-2.5;2.6;;1.6;8.0;;;-5.9;-2.2;
2025-03-02;;3.5;;;;;-6.5;-1.1;;;;;;;;1.4;;;;;-2.7;;-9.3;;;;;;;;;;;;;;;3.2;;;-1.7;;;;;0.8;;;;;;;;;;;;;-8.9;2.4;1.8;0.3;-1.5;;;;;;;;;;;;;;;;;;;;;;;;;;;;-4.3;;;;;;;;;;;;;;;;;;;;0.3;;;;;4.1;3.0;5.3;0.9;0.9;-0.8;1.7;2.2;7.4;2.7;3.7;;2.7;1.5;;2.7;5.0;0.0;2.3;1.6;-1.5;-0.4;4.7;0.2;5.3;;4.0;;;1.9;;;2.2;;4.1;;;;0.2;;;;;;0.4;-2.9;1.9;1.8;;;;;;1.2;0.6;;;;2.2;;;1.4;;;;;;;;;;;;;;;;;;;;;;;;;;;-3.5;;-5.1;;;;;;;;;;;;;;;;;;;;;1.1;-0.8;-1.9;4.0;4.9;;3.4;3.1;;;-1.8;4.3;3.2;2.7;0.1;;;0.6;3.6;;;;-0.2;;3.7;;;;;;;;;-4.3;;2.2;;;;;;;;;;;-1.4;;;;;;;;;;-0.6;;;;;;;;;;;;;;;;;;;;;;;;;-7.6;-7.5;;-1.5;;6.0;;2.2;0.7;0.1;3.6;;;;;;;;;;;;;;;;;;;;0.0;5.0;-2.5;2.6;;1.6;7.9;;;;-2.3;
2025-03-03;;3.6;;;;;-6.4;-1.0;;;;;;;;1.4;;;;;-2.7;;-9.2;;;-0.3;;;;;;;;;;;;3.2;;;-1.7;;;;;0.9;;;;;;;;;;;;;-8.9;2.4;1.8;0.1;-1.5;;;;;;;;;;;;;;;;;;;;;;;;;;;;-4.4;;;;;;;;;;;;;;;;;;;;0.2;;;;;4.2;3.2;5.6;1.1;1.0;-0.7;1.9;2.4;7.5;2.8;3.8;;3.0;1.7;;2.7;5.0;0.2;2.2;1.9;-1.2;-0.4;4.7;0.5;5.6;;4.1;;;2.0;;;2.3;;4.0;;;;0.3;;;;;;0.4;-2.9;1.9;1.9;;;;;;1.3;0.7;;;;2.5;;;1.6;;;;;;;;;;;;;;;;;;;;;;;;;;;-3.4;;-4.9;;;;;;;;;;;;;;;;;;;;;1.1;-0.8;-1.9;3.9;4.9;;3.4;3.0;;;-1.6;4.4;3.2;2.8;0.1;;;0.7;3.6;;;;-0.3;;4.0;;;;;;;;;-4.3;;2.1;;;;;;;;;;;-1.4;;;;;;;;;;-0.6;;;;;;;;;;;;;;;;;;;;;;;;;-7.6;-7.4;;-1.4;;6.2;;2.4;0.8;0.3;3.7;;;;;;;;;;;;;;;;;;;;0.0;5.0;-2.6;2.6;;1.6;7.9;;;;-2.3;
2025-03-04;;3.5;;;;;-6.5;-0.9;;-2.5;;;;;;1.2;;;;;-2.7;;-9.1;;;-0.3;;;;;;;;;;;;3.3;;;-1.8;;;;;1.0;;;;;;;;;;;;;-9.0;2.2;1.7;0.0;-1.5;;;;;;;;;;;;;;;;;;;;;;;;;;;;-4.5;;;;;;;;;;;;;;;;;;;;0.2;;;;;4.3;3.2;5.9;1.3;0.9;-0.6;1.9;2.5;7.7;2.9;3.5;6.2;2.9;1.9;;2.9;5.1;0.3;2.4;1.9;-0.9;-0.1;4.8;0.5;5.8;;4.3;;;2.0;;;2.4;;4.1;;;;0.4;;;;;;0.4;-2.8;1.9;2.0;;;;;;1.4;0.7;;;;2.5;;;1.8;;;;;;;;;;;;;;;;;;;;;;;;;;;-3.3;;-4.9;;;;;;;;;;;;;;;;;;;;;1.0;-0.8;-1.7;3.9;4.8;;3.5;3.0;;;-1.8;4.4;3.2;2.8;-0.1;;;;3.6;;;;;;;;;;;;;;;;;2.2;;;;;;;;;;;-1.4;;;;;;;;;;-0.6;;;;;;;;;;;;;;;;;;;;;;;;;-7.6;-7.3;;-1.4;;6.2;;2.4;0.8;0.5;3.8;;;;;;;;;;;;;;;;;;;;0.0;5.0;-2.6;2.5;;1.6;7.9;;;;-2.3;
2025-03-05;;3.4;;;;;-6.5;-0.8;;-2.5;;;;;;1.1;;;;;-2.7;;-9.0;;;-0.3;;;;;;;;;;;;3.2;;;-1.8;;;;;1.1;;;;;;;;;;;;;-8.9;2.1;1.7;-0.2;-1.6;;;;;;;;;;;;;;;;;;;;;;;;;;;;-4.5;;;;;;;;;;;;;;;;;;;;0.2;;;;;4.3;3.3;6.1;1.4;1.1;-0.5;2.1;2.5;7.7;3.1;3.7;6.2;3.2;1.9;;3.0;5.2;0.3;2.4;1.9;-0.8;-0.1;4.9;0.6;5.9;;4.4;;;2.0;;;2.5;;4.2;;;;0.4;;;;;;0.4;-2.8;1.8;2.1;;;;;;1.5;0.9;;;;2.5;;;1.9;;;;;;;;;;;;;;;;;;;;;;;;;;;-3.3;;-4.8;;;;;;;;;;;;;;;;;;;;;1.0;-0.8;-1.6;3.8;4.8;;3.4;3.0;;;-1.6;4.4;3.2;3.3;0.0;;;0.7;3.6;;;;-0.3;;4.0;;;;;;;;;-4.3;;2.3;;;;;;;;;;;-1.4;;;;;;;;;;0.1;;;;;;;;;;;;;;;;;;;;;;;;;-7.5;-7.0;;-1.3;;6.3;;2.6;0.7;0.7;3.8;;;;;;;;;;;;;;;;;;;;0.0;5.0;;2.5;;1.6;7.9;;;;-2.3;
2025-03-06;;3.3;;;;;-6.4;-0.8;;-2.5;;;;;;1.2;;;;;-2.7;;-9.0;;;0.4;;;;;;;;;;;;3.2;;;-1.7;;;;;1.0;;;;;;;;;;;;;-8.9;2.1;1.7;-0.2;-1.6;;;;;;;;;;;;;;;;;;;;;;;;;;;;-4.4;;;;;;;;;;;;;;;;;;;;0.1;;;;;4.3;3.4;6.4;1.4;1.2;-0.4;2.3;2.6;7.8;3.3;3.7;6.4;3.4;1.9;;3.2;5.2;0.3;2.5;2.2;-0.7;0.1;5.2;0.7;6.0;;4.4;;;2.1;;;2.5;;4.2;;;;0.5;;;;;;0.4;-2.8;1.8;2.1;;;;;;1.7;1.1;;;;2.6;;;2.0;;;;;;;;;;;;;;;;;;;;;;;;;;;-3.3;;-4.8;;;;;;;;;;;;;;;;;;;;;1.0;-0.8;-1.5;3.9;4.7;;3.4;3.0;;;-1.6;4.4;3.2;3.2;-0.1;;;0.9;;;;;-0.3;;4.1;;;;;;;;;-4.3;;2.3;;;;;;;;;;;-1.4;;;;;;;;;;0.1;;;;;;;;;;;;;;;;;;;;;;;;;-7.5;-6.9;;-1.3;;6.5;;2.8;0.9;0.9;4.0;;;;;;;;;;;;;;;;;;;;0.0;5.0;-2.6;2.5;;1.5;7.9;;;;-2.3;
2025-03-07;;3.3;;;;;-6.5;-0.7;;-2.5;;;;;;1.2;;;;;-2.7;;-9.0;;;0.4;;;;;;;;;;;;3.3;;;-1.6;;;;;1.0;;;;;;;;;;;;;-8.9;2.0;1.7;-0.2;-1.7;;;;;;;;;;;;;;;;;;;;;;;;;;;;-4.4;;;;;;;;;;;;;;;;;;;;0.1;;;;;4.3;3.4;6.6;1.6;1.3;-0.4;2.4;2.7;7.9;3.5;3.4;6.4;3.5;2.1;;3.3;5.3;0.4;2.7;2.3;-0.5;0.2;5.3;0.8;6.2;;4.5;;;2.0;;;2.6;;4.1;;;;0.5;;;;;;0.4;-2.9;1.9;2.1;;;;;;1.8;1.2;;;;2.7;;;2.2;;;;;;;;;;;;;;;;;;;;;;;;;;;-3.3;;-4.8;;;;;;;;;;;;;;;;;;;;;1.0;-0.8;-1.5;3.9;4.7;;3.4;2.9;;;-1.5;4.4;3.2;3.2;-0.1;;;1.0;;;;;-0.4;;4.4;;;;;;;;;-4.3;;2.4;;;;;;;;;;;-1.4;;;;;;;;;;0.1;;;;;;;;;;;;;;;;;;;;;;;;;-7.4;-6.9;;-1.3;;6.7;;2.9;0.9;1.0;4.1;;;;;;;;;;;;;;;;;;;;-0.1;5.0;-2.7;2.5;;1.5;8.0;;;;-2.3;
2025-03-08;;3.3;;;;;-6.6;-0.7;;-2.5;;;;;;1.3;;;;;-2.7;;-9.0;;;0.6;;;;;;;;;;;;3.3;;;-1.5;;;;;1.0;;;;;;;;;;;;;-9.0;1.9;1.7;-0.2;-1.7;;;;;;;;;;;;;;;;;;;;;;;;;;;;-4.4;;;;;;;;;;;;;;;;;;;;0.1;;;;;4.2;3.5;6.9;1.7;1.2;-0.3;2.4;2.7;7.9;3.5;3.6;6.4;3.4;2.1;;3.3;5.3;0.5;2.8;2.4;-0.4;0.2;5.3;0.8;6.4;;4.5;;;2.0;;;2.7;;4.2;;;;0.5;;;;;;0.3;-2.8;1.8;2.1;;;;;;1.8;1.3;;;;2.8;;;2.3;;;;;;;;;;;;;;;;;;;;;;;;;;;-3.3;;-4.7;;;;;;;;;;;;;;;;;;;;;0.9;-0.8;-1.4;3.9;4.7;;3.3;2.9;;;-1.3;4.4;3.3;3.3;-0.1;;;1.2;;;;;-0.6;;4.5;;;;;;;;;-4.3;;2.6;;;;;;;;;;;-1.5;;;;;;;;;;0.3;;;;;;;;;;;;;;;;;;;;;;;;;-7.6;-6.8;;-1.3;;6.8;;2.9;0.9;0.8;4.0;;;;;;;;;;;;;;;;;;;;-0.1;4.9;-2.7;2.4;;1.6;8.0;;;;-2.4;
2025-03-09;;3.4;;;;;-6.7;-0.6;;-2.5;;;;;;1.3;;;;;-2.7;;-8.8;;;0.7;;;;;;;;;;;;3.2;;;-1.5;;;;;0.9;;;;;;;;;;;;;-9.2;1.9;1.7;-0.2;-1.7;;;;;;;;;;;;;;;;;;;;;;;;;;;;-4.4;;;;;;;;;;;;;;;;;;;;0.1;;;;;4.2;3.6;7.1;1.8;;-0.3;2.4;2.8;7.9;3.7;3.7;6.5;3.6;2.2;;3.3;5.4;0.6;2.9;2.3;-0.3;0.3;5.3;0.9;6.5;;4.6;;;2.2;;;2.6;;4.2;;;;0.5;;;;;4.2;0.3;-2.7;1.7;2.1;;;;;;1.9;1.3;;;;2.7;;;2.4;;;;;;;;;;;;;;;;;;;;;;;;;;;-3.2;;-4.7;;;;;;;;;;;;;;;;;;;;;0.9;;-1.4;3.9;4.8;;3.3;2.9;;;-1.0;4.5;3.3;3.4;0.0;;;1.3;;;;;-0.8;;4.4;;;;;;;;;-4.2;;1.4;;;;;;;;;;;-1.5;;;;;;;;;;0.6;;;;;;;;;;;;;;;;;;;;;;;;;-7.5;-6.9;;-1.2;;6.8;;2.9;0.9;0.8;4.0;;;;;;;;;;;;;;;;;;;;-0.2;4.9;-2.7;2.4;;1.5;;;;;;
2025-03-10;;3.5;;;;;-6.8;-0.7;;-2.4;;;;;;1.3;;;;;-2.6;;-8.6;;;0.9;;;;;;;;;;;;3.2;;;-1.5;;;;;1.0;;;;;;;;;;;;;-9.2;1.8;1.6;-0.2;-1.7;;;;;;;;;;;;;;;;;;;;;;;;;;;;-4.4;;;;;;;;;;;;;;;;;;;;0.0;;;;;4.2;3.6;7.2;1.7;1.4;-0.3;2.5;2.7;7.9;3.7;3.0;6.6;3.9;2.3;;3.3;5.4;0.6;2.8;2.3;-0.3;0.3;5.3;0.9;6.6;;4.6;;;2.2;;;2.6;;4.2;;;;0.4;;;;;4.1;0.2;-2.7;1.7;2.2;;;;;;2.0;1.2;;;;2.7;;;2.5;;;;;;;;;;;;;;;;;;;;;;;;;;;-3.2;;-4.8;;;;;;;;;;;;;;;;;;;;;0.9;-0.9;-1.4;3.9;4.8;;3.3;2.9;;;-1.0;4.5;3.3;3.5;0.0;;;1.7;;;;;-1.0;;4.4;;;;;;;;;-4.0;;1.7;;;;;;;;;;;-1.5;;;;;;;;;;0.6;;;;;;;;;;;;;;;;;;;;;;;;;-7.4;-6.7;;;;6.8;;2.9;0.8;0.8;3.9;;;;;;;;;;;;;;;;;;;;-0.2;4.9;-2.8;2.5;;1.4;8.0;;;;-2.6;
2025-03-11;;3.5;;;;;-6.8;-0.7;;-2.2;;;;;;1.2;;;;;-2.7;;-8.5;;;0.8;;;;;;;;;;;;3.3;;;-1.5;;;;;0.9;;;;;;;;;;;;;-9.1;1.9;1.6;-0.3;-1.7;;;;;;;;;;;;;;;;;;;;;;;;;;;;-4.3;;;;;;;;;;;;;;;;;;;;-0.1;;;;;4.2;3.6;7.4;1.8;1.4;-0.4;2.4;2.7;7.9;3.7;2.9;6.5;3.8;2.2;;3.4;5.4;0.6;2.7;2.3;-0.4;0.4;5.2;0.9;6.4;;4.6;;;2.2;;;2.6;;4.3;;;;0.4;;;;;3.9;0.2;-2.8;1.7;2.3;;;;;;1.9;1.2;;;;2.8;;;2.4;;;;;;;;;;;;;;;;;;;;;;;;;;;-3.2;;-4.7;;;;;;;;;;;;;;;;;;;;;0.9;-0.9;-1.4;3.9;4.8;;3.1;2.9;;;-1.0;4.4;3.3;4.0;0.1;;;1.7;;;;;-1.0;;4.4;;;;;;;;;-3.9;;1.9;;;;;;;;;;;-1.5;;;;;;;;;;0.9;;;;;;;;;;;;;;;;;;;;;;;;;-7.4;-6.6;;-1.2;;6.9;;2.8;0.8;0.7;3.9;;;;;;;;;;;;;;;;;;;;-0.3;4.8;-2.8;2.4;;1.5;8.0;;;;-2.7;
2025-03-12;;3.5;;;;;-7.0;-0.7;;-2.1;;;;;;1.2;;;;;-2.7;;-8.5;;;1.1;;;;;;;;;;;;3.3;;;-1.6;;;;;1.1;;;;;;;;;;;;;-9.1;1.9;1.6;-0.3;-1.7;;;;;;;;;;;;;;;;;;;;;;;;;;;;-4.3;;;;;;;;;;;;;;;;;;;;0.0;;;;;4.3;3.7;7.6;1.8;1.3;-0.4;2.5;2.9;8.0;3.7;3.0;6.5;3.9;2.3;;3.4;5.4;0.6;2.8;2.5;-0.3;0.4;5.3;0.9;6.5;;4.5;;;2.2;;;2.6;;4.3;;;;0.4;;;;;3.5;0.2;-2.7;1.7;2.3;;;;;;2.0;1.1;;;;2.8;;;2.5;;;;;;;;;;;;;;;;;;;;;;;;;;;-3.2;;-4.6;;;;;;;;;;;;;;;;;;;;;0.9;-0.9;-1.3;3.9;4.9;;3.1;2.8;;;-1.0;4.4;3.3;4.3;0.1;;;1.9;;;;;-0.9;;4.6;;;;;;;;;-3.8;;2.2;;;;;;;;;;;-1.5;;;;;;;;;;1.0;;;;;;;;;;;;;;;;;;;;;;;;;-7.3;-6.6;;-1.1;;6.9;;2.9;0.7;0.8;4.0;;;;;;;;;;;;;;;;;;;;-0.4;4.7;-2.8;2.4;;1.5;8.0;;;;-2.6;
2025-03-13;;3.4;;;;;-7.2;-0.8;;-2.1;;;;;;1.2;;;;;-2.8;;-8.5;;;1.4;;;;;;;;;;;;3.4;;;-1.6;;;;;1.0;;;;;;;;;;;;;-9.0;1.8;1.6;-0.2;-1.7;;;;;;;;;;;;;;;;;;;;;;;;;;;;-4.3;;;;;;;;;;;;;;;;;;;;0.0;;;;;4.2;3.8;7.8;1.9;1.4;-0.3;2.6;2.9;8.0;3.8;3.1;6.6;4.1;2.4;;3.3;5.5;0.7;2.8;2.6;-0.1;0.5;5.4;1.1;6.6;;4.4;;;2.3;;;2.7;;4.3;;;;0.4;;;;;3.2;0.3;-2.7;1.6;2.3;;;;;;2.0;1.1;;;;2.9;;;2.5;;;;;;;;;;;;;;;;;;;;;;;;;;;-3.3;;-4.7;;;;;;;;;;;;;;;;;;;;;0.9;-0.8;-1.3;3.8;4.8;;3.1;2.7;;;-1.0;4.4;3.2;4.4;0.1;;;2.5;;;;;-0.9;;4.6;;;;;;;;;-3.7;;2.5;;;;;;;;;;;-1.5;;;;;;;;;;1.1;;;;;;;;;;;;;;;;;;;;;;;;;-7.3;-6.5;;-1.1;;6.9;;2.9;0.8;0.8;4.1;;;;;;;;;;;;;;;;;;;;-0.4;4.6;-2.8;2.4;;1.6;8.0;;;;-2.6;
2025-03-14;;3.4;;;;;-7.2;-0.7;;-2.2;;;;;;1.3;;;;;-2.7;;-8.3;;;1.6;;;;;;;;;;;;3.2;;;-1.8;;;;;0.9;;;;;;;;;;;;;-8.9;1.9;1.7;-0.3;-1.7;;;;;;;;;;;;;;;;;;;;;;;;;;;;-4.2;;;;;;;;;;;;;;;;;;;;0.0;;;;;4.2;3.8;8.0;1.8;1.4;-0.4;2.6;2.7;8.0;3.9;3.2;6.6;4.1;2.5;;3.3;5.5;0.7;2.7;2.6;-0.1;0.5;5.4;1.2;6.6;;4.4;;;2.3;;;2.8;;4.3;;;;0.5;;;;;3.1;0.3;-2.8;1.6;2.4;;;;;;1.9;1.3;;;;2.8;;;2.6;;;;;;;;;;;;;;;;;;;;;;;;;;;-3.4;;-4.5;;;;;;;;;;;;;;;;;;;;;0.8;-0.8;-1.4;3.8;4.8;;3.1;2.7;;;-1.0;4.4;3.2;4.6;0.0;;;2.9;;;;;-1.1;;4.7;;;;;;;;;-3.4;;2.9;;;;;;;;;;;-1.4;;;;;;;;;;1.2;;;;;;;;;;;;;;;;;;;;;;;;;-7.2;-6.5;;-1.2;;6.8;;2.9;0.9;0.8;4.1;;;;;;;;;;;;;;;;;;;;-0.4;4.6;-2.8;2.3;;1.5;8.0;;;;-2.5;
2025-03-15;;3.5;;;;;-7.2;-0.7;;-2.2;;;;;;1.4;;;;;-2.7;;-8.1;;;1.6;;;;;;;;;;;;3.3;;;-1.8;;;;;0.9;;;;;;;;;;;;;-9.0;1.9;1.7;-0.3;-1.7;;;;;;;;;;;;;;;;;;;;;;;;;;;;-4.3;;;;;;;;;;;;;;;;;;;;0.1;;;;;4.2;3.9;8.1;1.7;1.6;-0.2;2.6;2.7;8.0;3.9;3.0;6.6;4.1;2.4;;3.3;5.6;0.8;2.8;2.7;-0.2;0.5;5.7;1.3;6.5;;4.5;;;2.3;;;2.8;;4.3;;;;0.7;;;;;3.1;0.2;-2.9;1.6;2.5;;;;;;2.0;1.3;;;;2.8;;;2.7;;;;;;;;;;;;;;;;;;;;;;;;;;;-3.3;;-4.4;;;;;;;;;;;;;;;;;;;;;0.8;-0.8;-1.4;3.8;4.8;;3.0;2.8;;;-1.2;4.4;3.2;4.7;0.1;;;3.2;;;;;-1.2;;4.6;;;;;;;;;-3.2;;0.0;;;;;;;;;;;-1.4;;;;;;;;;;1.1;;;;;;;;;;;;;;;;;;;;;;;;;-7.1;-6.3;;-1.0;;6.8;;2.9;0.9;1.0;4.1;;;;;;;;;;;;;;;;;;;;-0.5;4.5;-2.8;2.2;;1.3;8.0;;;;-2.5;
2025-03-16;;3.5;;;;;-7.1;-0.7;;-2.2;;;;;;1.4;;;;;-2.9;;-7.8;;;1.9;;;;;;;;;;;;3.5;;;-1.8;;;;;1.0;;;;;;;;;;;;;-9.2;1.8;1.6;-0.4;-1.9;;;;;;;;;;;;;;;;;;;;;;;;;;;;-4.3;;;;;;;;;;;;;;;;;;;;0.1;;;;;4.2;3.8;8.2;1.7;1.5;-0.2;2.6;2.7;7.9;3.8;2.9;;4.2;2.3;;3.3;5.5;0.7;2.7;2.7;-0.2;0.5;5.6;1.2;6.5;;4.5;;;2.3;;;2.8;;4.3;;;;0.8;;;;;3.0;0.3;-2.9;1.6;2.4;;;;;;2.0;1.3;;;;2.8;;;2.6;;;;;;;;;;;;;;;;;;;;;;;;;;;-3.1;;-4.3;;;;;;;;;;;;;;;;;;;;;0.7;-0.8;-1.4;3.8;4.9;;3.0;2.8;;;-1.4;4.4;3.2;5.0;0.1;;;3.5;;;;;-1.4;;4.6;;;;;;;;;-3.0;;0.0;;;;;;;;;;;-1.4;;;;;;;;;;0.6;;;;;;;;;;;;;;;;;;;;;;;;;-7.0;-6.3;;-0.9;;6.6;;2.9;0.9;0.8;4.1;;;;;;;;;;;;;;;;;;;;-0.5;4.5;-2.8;2.3;;1.3;8.1;;;;-2.5;
2025-03-17;;3.5;;;;;-7.1;-0.6;;-2.2;;;;;;1.4;;;;;-2.9;;-7.8;;;2.4;;;;;;;;;;;;3.4;;;-1.7;;;;;0.9;;;;;;;;;;;;;-9.1;1.7;1.4;-0.4;-2.0;;;;;;;;;;;;;;;;;;;;;;;;;;;;-4.4;;;;;;;;;;;;;;;;;;;;0.0;;;;;4.2;3.8;8.3;1.7;1.5;-0.3;2.6;2.6;7.9;3.8;3.1;;4.2;2.1;;3.2;5.6;0.6;2.7;2.6;-0.2;;5.5;1.2;6.6;;4.4;;;2.4;;;2.9;;4.3;;;;0.7;;;;;2.8;0.3;-3.0;1.5;2.3;;;;;;2.2;1.3;;;;2.7;;;2.7;;;;;;;;;;;;;;;;;;;;;;;;;;;-3.2;;-4.4;;;;;;;;;;;;;;;;;;;;;0.8;-0.8;-1.3;3.8;4.9;;3.0;2.8;;;-1.2;4.4;3.2;5.0;0.0;;;4.0;;;;;-1.5;;4.5;;;;;;;;;-2.7;;0.1;;;;;;;;;;;-1.4;;;;;;;;;;0.5;;;;;;;;;;;;;;;;;;;;;;;;;-7.0;-6.2;;-0.9;;6.6;;2.9;0.9;1.0;4.0;;;;;;;;;;;;;;;;;;;;-0.4;4.6;-2.8;2.2;;1.2;8.1;;;;-2.5;
2025-03-18;;3.5;;;;;-7.1;-0.6;;-2.3;;;;;;1.3;;;;;-2.8;;-7.6;;;2.4;;;;;;;;;;;;3.4;;;-1.8;;;;;0.9;;;;;;;;;;;;;-9.2;1.7;1.4;-0.5;-2.0;;;;;;;;;;;;;;;;;;;;;;;;;;;;-4.5;;;;;;;;;;;;;;;;;;;;0.0;;;;;4.1;3.8;8.2;1.7;1.3;-0.4;2.5;2.5;7.9;3.7;3.0;;4.0;2.1;;3.2;5.5;0.6;2.5;2.5;-0.4;;5.4;1.2;6.5;;4.4;;;2.4;;;2.9;;4.3;;;;0.8;;;;;2.7;0.2;-3.1;1.5;2.3;;;;;;2.1;1.2;;;;2.6;;;2.7;;;;;;;;;;;;;;;;;;;;;;;;;;;-3.2;;-4.4;;;;;;;;;;;;;;;;;;;;;0.8;-0.8;-1.3;3.7;5.0;;3.0;2.7;;;-1.1;4.4;3.1;5.0;0.0;;;5.5;;;;;-1.5;;4.5;;;;;;;;;-2.5;;0.1;;;;;;;;;;;-1.3;;;;;;;;;;0.7;;;;;;;;;;;;;;;;;;;;;;;;;-7.1;-6.0;;-0.9;;6.6;;2.9;0.9;1.0;3.9;;;;;;;;;;;;;;;;;;;;-0.4;4.6;-2.8;2.3;;1.2;8.1;;;;-2.5;5.2
2025-03-19;;3.4;;;;;-7.3;-0.6;;-2.1;;;;;;1.3;;;;;-2.7;;-7.4;;;2.3;;;;;;;;;;;;3.4;;;-1.7;;;;;0.9;;;;;;;;;;;;;-9.1;1.7;1.3;-0.4;-2.1;;;;;;;;;;;;;;;;;;;;;;;;;;;;;;;;;;;;;;;;;;;;;;;;-0.1;;;;;4.2;3.8;8.1;1.8;1.2;-0.5;2.6;;7.9;3.8;3.2;;4.1;2.0;;3.2;5.5;0.6;2.6;2.5;-0.3;;5.5;1.2;6.6;;4.4;;;2.4;;;2.9;;4.3;;;;0.7;;;;;2.6;0.2;-3.1;1.5;2.3;;;;;;2.1;1.2;;;;2.6;;;2.6;;;;;;;;;;;;;;;;;;;;;;;;;;;-3.3;;-4.4;;;;;;;;;;;;;;;;;;;;;0.8;-0.7;-1.4;3.7;4.9;;;;;;;;;;;;;5.5;;;;;-1.6;;4.4;;;;;;;;;-2.4;;0.1;;;;;;;;;;;-1.3;;;;;;;;;;1.3;;;;;;;;;;;;;;;;;;;;;;;;;-7.2;-6.2;;-0.9;;6.6;;2.9;1.0;1.0;3.8;;;;;;;;;;;;;;;;;;;;-0.4;4.6;-2.8;2.3;;1.2;8.1;;;;-2.5;5.0
2025-03-20;;3.5;;;;;-7.3;-0.5;;-2.0;;;;;;1.3;;;;;-2.7;;-7.1;;;;;;;;;;;;;;;3.4;;;-1.7;;;;;0.8;;;;;;;;;;;;;-9.0;1.7;1.4;-0.3;-1.9;;;;;;;;;;;;;;;;;;;;;;;;;;;;-4.6;;;;;;;;;;;;;;;;;;;;0.0;;;;;4.2;3.8;8.0;1.8;1.3;-0.4;2.5;;8.1;3.9;3.2;;4.2;2.1;;3.2;5.5;0.5;2.6;2.5;-0.2;;5.4;1.4;6.6;;4.4;;;2.4;;;3.0;;4.3;;;;0.7;;;;;2.3;0.2;-3.2;1.4;2.3;;;;;;2.2;1.2;;;;2.7;;;2.5;;;;;;;;;;;;;;;;;;;;;;;;;;;-3.3;;-4.4;;;;;;;;;;;;;;;;;;;;;0.7;-0.8;-1.3;3.8;5.0;;3.0;2.8;;;-1.2;4.4;3.1;;0.2;;;5.5;;;;;-1.6;;4.3;;;;;;;;;-2.3;;0.1;;;;;;;;;;;-1.3;;;;;;;;;;1.4;;;;;;;;;;;;;;;;;;;;;;;;;;;;;;6.8;;2.8;1.0;1.1;3.9;;;;;;;;;;;;;;;;;;;;-0.4;4.6;-2.8;2.3;;1.2;8.1;;;;-2.4;5.0
2025-03-21;;3.5;;;;;-7.5;-0.4;;-2.0;;;;;;1.4;;;;;-2.7;;-7.0;;;;;;;;;;;;;;;3.3;;;-1.7;;;;;0.7;;;;;;;;;;;;;-8.9;1.8;1.3;-0.2;-1.8;;;;;;;;;;;;;;;;;;;;;;;;;;;;-4.6;;;;;;;;;;;;;;;;;;;;0.0;;;;;4.3;3.7;8.0;1.8;1.4;-0.5;2.5;;8.1;3.9;3.2;;4.3;2.0;;3.2;5.5;0.4;2.6;2.5;-0.3;;5.4;1.3;6.7;;4.3;;;2.3;;;3.0;;4.3;;;;0.6;;;;;2.0;0.2;-3.1;1.4;2.3;;;;;;2.2;1.2;;;;2.8;;;2.5;;;;;;;;;;;;;;;;;;;;;;;;;;;-3.4;;-4.4;;;;;;;;;;;;;;;;;;;;;0.8;-0.8;-1.2;3.8;5.0;;2.9;2.8;;;-1.0;4.3;3.1;4.5;0.3;;;5.1;;;;;-1.7;;4.2;;;;;;;;;-2.1;;0.1;;;;;;;;;;;-1.3;;;;;;;;;;1.5;;;;;;;;;;;;;;;;;;;;;;;;;-7.2;-6.2;;-0.8;;6.7;;2.9;1.0;1.0;3.8;;;;;;;;;;;;;;;;;;;;-0.5;4.6;-2.8;2.3;;1.3;8.0;;;;-2.4;5.0
2025-03-22;;3.4;;;;;-7.6;-0.4;;-2.0;;;;;;1.4;;;;;-2.7;;-6.9;;;1.9;;;;;;;;;;;;3.2;;;-1.7;;;;;0.8;;;;;;;;;;;;;-9.0;1.7;1.2;-0.2;-1.8;;;;;;;;;;;;;;;;;;;;;;;;;;;;-4.6;;;;;;;;;;;;;;;;;;;;0.0;;;;;4.2;3.7;7.9;1.7;1.5;-0.6;2.4;;8.0;3.8;3.2;;4.1;2.1;;3.3;5.5;0.4;2.6;2.4;-0.3;;5.5;1.4;6.7;;4.3;;;2.2;;;3.0;;4.3;;;;0.5;;;;;1.8;0.2;-3.1;1.5;2.2;;;;;;2.1;1.2;;;;2.9;;;2.4;;;;;;;;;;;;;;;;;;;;;;;;;;;-3.5;;-4.4;;;;;;;;;;;;;;;;;;;;;0.8;-0.8;-1.2;3.7;5.1;;2.9;2.8;;;-0.8;4.3;3.1;4.6;0.3;;;;;;;;;;;;;;;;;;;;;0.2;;;;;;;;;;;-1.3;;;;;;;;;;1.3;;;;;;;;;;;;;;;;;;;;;;;;;-7.1;-5.9;;-0.8;;6.8;;2.9;0.9;1.1;3.8;;;;;;;;;;;;;;;;;;;;-0.6;4.6;-2.8;2.3;;1.2;7.9;;;;-2.5;4.9
2025-03-23;;3.4;;;;;-5.8;-0.5;;-2.2;;;;;;1.5;;;;;-2.8;;-6.7;;;2.0;;;;;;;;;;;;3.2;;;-1.6;;;;;0.8;;;;;;;;;;;;;-9.0;1.8;1.2;-0.3;-1.9;;;;;;;;;;;;;;;;;;;;;;;;;;;;-4.5;;;;;;;;;;;;;;;;;;;;0.0;;;;;4.3;3.7;8.1;1.9;1.7;-0.5;2.6;;8.0;3.8;3.4;7.0;4.1;2.1;;3.3;5.5;0.6;2.7;2.4;-0.3;;5.7;1.5;6.6;;4.3;;;2.4;;;3.1;;4.3;;;;0.5;;;;;1.6;0.2;-3.1;1.5;2.3;;;;;;2.2;1.2;;;;2.9;;;2.5;;;;;;;;;;;;;;;;;;;;;;;;;;;-3.5;;-4.4;;;;;;;;;;;;;;;;;;;;;0.8;-0.8;-1.2;3.7;5.1;;2.8;2.7;;;-1.0;4.3;3.0;4.6;0.5;;;5.6;;;;;-1.8;;4.1;;;;;;;;;-1.5;;0.2;;;;;;;;;;;-1.2;;;;;;;;;;1.2;;;;;;;;;;;;;;;;;;;;;;;;;-6.9;-5.8;;-0.7;;6.9;;2.8;1.0;1.1;3.8;;;;;;;;;;;;;;;;;;;;-0.6;4.4;-2.8;2.3;;1.1;8.0;;;;-2.4;5.0
2025-03-24;;3.5;;;;;-6.3;-0.5;;-2.2;;;;;;1.7;;;;;-2.8;;-6.5;;;2.1;;;;;;;;;;;;3.1;;;-1.6;;;;;0.8;;;;;;;;;;;;;-9.0;1.8;1.1;-0.3;-1.8;;;;;;;;;;;;;;;;;;;;;;;;;;;;-4.5;;;;;;;;;;;;;;;;;;;;0.1;;;;;4.3;3.7;8.0;2.0;1.7;-0.5;2.6;;8.0;3.8;3.3;7.0;4.1;2.0;;3.3;5.4;0.6;2.6;2.4;-0.4;0.7;5.6;1.5;6.6;;4.2;;;2.4;;;3.1;;4.3;;;;0.6;;;;;1.5;0.2;-3.1;1.6;2.3;;;;;;2.1;1.2;;;;2.9;;;2.4;;;;;;;;;;;;;;;;;;;;;;;;;;;-3.6;;-4.3;;;;;;;;;;;;;;;;;;;;;0.9;-0.7;-1.2;3.8;5.1;;2.8;2.8;;;-1.1;4.3;3.1;3.9;0.5;;;5.9;;;;;-2.0;;4.0;;;;;;;;;-1.3;;0.3;;;;;;;;;;;-1.2;;;;;;;;;;1.1;;;;;;;;;;;;;;;;;;;;;;;;;-6.9;-5.9;;-0.7;;6.9;;2.8;1.0;1.1;3.9;;;;;;;;;;;;;;;;;;;;-0.6;4.3;-2.8;2.3;;1.1;8.0;;;;-2.4;4.9
2025-03-25;;3.5;;;;;-5.2;-0.5;;-2.3;;;;;;1.9;;;;;-2.8;;-6.4;;;2.1;;;;;;;;;;;;3.1;;;-1.8;;;;;0.8;;;;;;;;;;;;;-9.0;1.8;1.2;-0.3;-1.8;;;;;;;;;;;;;;;;;;;;;;;;;;;;-4.4;;;;;;;;;;;;;;;;;;;;0.1;;;;;4.3;3.6;7.9;1.9;1.6;-0.5;2.5;;8.0;3.7;3.1;6.8;4.1;2.0;;3.3;5.4;0.6;2.5;2.3;-0.5;0.7;5.4;1.4;6.6;;4.2;;;2.4;;;3.0;;4.2;;;;0.7;;;;;1.5;0.3;-3.1;1.5;2.3;;;;;;2.1;1.1;;;;2.7;;;2.4;;;;;;;;;;;;;;;;;;;;;;;;;;;-3.7;;-4.3;;;;;;;;;;;;;;;;;;;;;;;;;;;2.8;2.8;;;-1.3;4.2;3.2;3.8;0.5;;;6.0;;;;;-1.9;;3.7;;;;;;;;;-1.3;;0.5;;;;;;;;;;;-1.2;;;;;;;;;;1.0;;;;;;;;;;;;;;;;;;;;;;;;;-6.9;-5.9;;-0.7;;6.8;;2.8;1.0;1.0;3.7;;;;;;;;;;;;;;;;;;;;-0.5;4.3;-2.8;2.2;;1.1;8.0;;;;-2.3;4.9
2025-03-26;;3.5;;;;;-5.4;-0.7;;-2.3;;;;;;1.9;;;;;-2.8;;-6.4;;;2.3;;;;;;;;;;;;3.1;;;-1.8;;;;;0.9;;;;;;;;;;;;;-9.0;;1.2;-0.4;-1.8;;;;;;;;;;;;;;;;;;;;;;;;;;;;-4.5;;;;;;;;;;;;;;;;;;;;0.1;;;;;4.2;3.5;7.9;1.8;1.6;-0.5;2.5;;7.9;3.7;2.9;6.7;4.1;1.9;;3.3;5.4;0.5;2.5;2.4;-0.7;0.4;5.4;1.3;6.5;;4.1;;;2.2;;;3.0;;4.1;;;;0.9;;;;;1.5;0.3;-3.0;1.5;2.2;;;;;;2.0;1.0;;;;2.5;;;2.3;;;;;;;;;;;;;;;;;;;;;;;;;;;-3.8;;-4.4;;;;;;;;;;;;;;;;;;;;;;;;;;;2.8;2.7;;;-1.6;4.3;3.2;3.9;0.5;;;6.2;;;;;-1.9;;3.3;;;;;;;;;-1.1;;0.6;;;;;;;;;;;-1.1;;;;;;;;;;0.9;;;;;;;;;;;;;;;;;;;;;;;;;-7.0;-5.8;;-0.7;;6.6;;2.8;1.0;1.0;3.6;;;;;;;;;;;;;;;;;;;;-0.4;4.3;-2.9;2.3;;1.1;8.0;;;;-2.3;4.8
2025-03-27;;3.4;;;;;-5.8;-0.9;;-2.4;;;;;;2.1;;;;;-2.8;;-6.2;;;2.4;;;;;;;;;;;;3.2;;;-1.8;;;;;0.9;;;;;;;;;;;;;-9.0;1.9;1.1;-0.6;-1.8;;;;;;;;;;;;;;;;;;;;;;;;;;;;-4.5;;;;;;;;;;;;;;;;;;;;0.1;;;;;4.2;3.4;7.9;1.6;1.5;-0.6;2.4;;7.9;3.6;2.9;6.6;4.1;1.8;;3.3;5.3;0.4;2.4;2.4;-0.7;0.2;5.3;1.3;6.6;;4.1;;;2.1;;;2.9;;4.1;;;;1.1;;;;;1.4;0.3;-3.1;1.5;2.2;;;;;;2.0;0.8;;;;2.4;;;2.3;;;;;;;;;;;;;;;;;;;;;;;;;;;-3.9;;-4.4;;;;;;;;;;;;;;;;;;;;;;;;;;;2.8;2.8;;;-1.9;4.3;3.2;3.9;0.6;;;6.5;;;;;-1.8;;3.0;;;;;;;;;-1.0;;0.7;;;;;;;;;;;-1.0;;;;;;;;;;0.9;;;;;;;;;;;;;;;;;;;;;;;;;-7.1;-5.8;;-0.7;;6.5;;3.0;1.0;1.0;3.5;;;;;;;;;;;;;;;;;;;;-0.5;4.3;-2.9;2.3;;1.2;7.9;;;;-2.3;4.8
2025-03-28;;3.4;;;;;-5.6;;;-2.4;;;;;;2.2;;;;;-2.8;;-6.2;;;2.5;;;;;;;;;;;;3.1;;;-1.8;;;;;0.9;;;;;;;;;;;;;-8.8;1.9;1.3;-0.4;-1.9;;;;;;;;;;;;;;;;;;;;;;;;;;;;-4.5;;;;;;;;;;;;;;;;;;;;0.1;;;;;4.2;3.3;7.9;1.5;1.4;-0.7;2.4;;7.9;3.5;2.9;6.4;4.0;1.8;;3.3;5.2;0.3;2.3;2.4;-0.7;0.1;5.3;1.4;6.5;;4.1;;;2.2;;;3.0;;4.0;;;;1.1;;;;;1.4;0.3;-3.0;1.5;2.3;;;;;;2.0;0.7;;;;2.5;;;2.3;;;;;;;;;;;;;;;;;;;;;;;;;;;-3.9;;-4.4;;;;;;;;;;;;;;;;;;;;;0.7;-0.7;-1.1;3.7;5.2;;2.8;2.9;;;-2.2;4.3;3.2;4.2;0.5;;;6.8;;;;;-1.8;;3.0;;;;;;;;;-1.0;;0.9;;;;;;;;;;;-1.0;;;;;;;;;;0.9;;;;;;;;;;;;;;;;;;;;;;;;;-7.0;-5.5;;-0.7;;6.6;;2.9;1.0;1.0;3.5;;;;;;;;;;;;;;;;;;;;-0.4;4.3;-2.8;2.3;;1.1;7.9;;;;-2.4;4.8
2025-03-29;;3.3;;;;;;;;-2.5;;;;;;2.4;;;;;-2.8;;;;;2.5;;;;;;;;;;;;3.0;;;-1.9;;;;;0.9;;;;;;;;;;;;;-8.8;1.9;1.3;-0.4;-1.8;;;;;;;;;;;;;;;;;;;;;;;;;;;;-4.4;;;;;;;;;;;;;;;;;;;;0.2;;;;;4.2;3.3;7.9;1.3;1.3;-0.8;2.2;;7.8;3.6;2.9;6.3;3.8;1.6;;3.3;5.2;0.1;2.3;2.3;-0.8;0.1;5.3;1.1;6.5;;4.1;;;2.0;;;3.0;;3.9;;;;1.3;;;;;1.4;0.4;-3.1;1.5;;;;;;;;;;;;;;;;;;;;;;;;;;;;;;;;;;;;;;;;;;-3.9;;-4.4;;;;;;;;;;;;;;;;;;;;;;-0.7;-1.2;3.8;5.1;;3.0;2.9;;;-2.5;4.3;3.2;4.2;0.5;;;7.0;;;;;-1.8;;2.9;;;;;;;;;-0.8;;1.0;;;;;;;;;;;-1.0;;;;;;;;;;0.5;;;;;;;;;;;;;;;;;;;;;;;;;-6.9;-5.5;;-0.6;;6.6;;3.0;1.0;1.0;3.4;;;;;;;;;;;;;;;;;;;;-0.5;4.2;-2.8;2.3;;1.1;7.9;;;;-2.4;4.8
2025-03-30;;3.3;;;;;;-1.0;;-2.5;;;;;;2.6;;;;;-2.7;;-6.2;;;2.4;;;;;;;;;;;;3.0;;;-1.8;;;;;0.9;;;;;;;;;;;;;-8.7;1.9;1.4;-0.3;-1.9;;;;;;;;;;;;;;;;;;;;;;;;;;;;-4.4;;;;;;;;;;;;;;;;;;;;0.2;;;;;4.1;3.3;7.8;1.3;1.2;-0.8;2.1;;7.8;3.6;3.0;6.3;3.9;1.7;;3.4;5.2;0.1;2.2;2.3;-0.8;0.3;5.2;1.1;6.5;;4.0;;;2.0;;;3.0;;3.8;;;;1.4;;;;;1.5;0.4;-3.1;1.5;2.2;;;;;;2.0;0.8;;;;2.4;;;2.4;;;;;;;;;;;;;;;;;;;;;;;;;;;-3.9;;-4.4;;;;;;;;;;;;;;;;;;;;;0.7;-0.7;-1.1;3.8;5.2;;3.1;2.8;;;-2.6;4.3;3.2;4.2;0.5;;;7.4;;;;;-1.8;;2.8;;;;;;;;;-0.8;;1.2;;;;;;;;;;;-0.9;;;;;;;;;;0.1;;;;;;;;;;;;;;;;;;;;;;;;;-6.9;-5.4;;-0.6;;6.6;;2.9;1.1;1.0;3.4;;;;;;;;;;;;;;;;;;;;-0.4;4.2;-2.8;2.3;;1.1;7.9;;;;-2.4;4.8
2025-03-31;;3.3;;;;;-5.6;-0.9;;-2.5;;;;;;2.6;;;;;-2.6;;-6.2;;;2.5;;;;;;;;;;;;2.9;;;-1.8;;;;;0.8;;;;;;;;;;;;;-8.7;2.0;1.4;-0.1;-1.8;;;;;;;;;;;;;;;;;;;;;;;;;;;;-4.3;;;;;;;;;;;;;;;;;;;;0.2;;;;;4.2;3.2;8.0;1.4;1.3;-0.7;2.1;;7.9;3.7;3.0;6.4;3.9;1.7;;3.3;5.2;0.0;2.2;2.4;-0.8;0.2;5.3;1.0;6.4;;4.0;;;2.1;;;2.9;;3.8;;;;1.5;;;;;1.5;0.4;-3.0;1.5;2.2;;;;;;2.0;0.8;;;;2.4;;;2.2;;;;;;;;;;;;;;;;;;;;;;;;;;;-3.9;;-4.5;;;;;;;;;;;;;;;;;;;;;0.7;-0.7;-1.1;3.8;5.2;;3.3;2.8;;;-2.5;4.3;3.2;3.7;0.5;;;7.5;;;;;-1.4;;2.7;;;;;;;;;-0.7;;1.4;;;;;;;;;;;-0.9;;;;;;;;;;0.0;;;;;;;;;;;;;;;;;;;;;;;;;-7.0;-5.3;;-0.6;;6.4;;2.9;1.1;0.9;3.4;;;;;;;;;;;;;;;;;;;;-0.4;4.3;-2.8;2.4;;0.9;7.9;;;;-2.4;4.7
2025-04-01;;3.3;;;;;-5.7;-0.9;;-2.5;;;;;;2.7;;;;;-2.6;;-6.1;;;2.5;;;;;;;;;;;;3.0;;;-1.7;;;;;0.8;;;;;;;;;;;;;-8.5;2.1;1.4;0.1;-1.7;;;;;;;;;;;;;;;;;;;;;;;;;;;;-4.3;;;;;;;;;;;;;;;;;;;;0.1;;;;;4.1;3.1;8.0;1.4;1.3;-0.7;1.9;;7.8;3.6;2.8;6.5;3.8;1.6;;3.3;5.1;0.0;2.2;2.4;-0.9;0.1;5.3;0.9;6.3;;4.0;;;2.1;;;2.9;;3.8;;;;1.3;;;;;1.3;0.4;-3.2;1.5;2.2;;;;;;2.0;0.8;;;;2.5;;;2.2;;;;;;;;;;;;;;;;;;;;;;;;;;;-3.9;;-4.5;;;;;;;;;;;;;;;;;;;;;0.8;-0.6;-1.1;3.9;5.2;;3.3;2.8;;;-2.4;4.3;3.3;3.6;0.5;;;7.6;;;;;-1.2;;2.7;;;;;;;;;-0.7;;1.4;;;;;;;;;;;-0.8;;;;;;;;;;-0.5;;;;;;;;;;;;;;;;;;;;;;;;;-7.0;-5.0;;-0.7;;6.4;;2.8;1.1;0.9;;;;;;;;;;;;;;;;;;;;;-0.4;;-2.7;2.5;;0.9;7.9;;;;-2.5;4.7
2025-04-02;;3.3;;;;;;-0.9;;;;;;;;2.8;;;;;-2.5;;;;;2.5;;;;;;;;;;;;3.1;;;-1.6;;;;;0.7;;;;;;;;;;;;;-8.6;2.3;1.3;0.1;-1.6;;;;;;;;;;;;;;;;;;;;;;;;;;;;-4.3;;;;;;;;;;;;;;;;;;;;0.1;;;;;4.0;3.1;8.0;1.2;1.2;-0.8;1.8;;7.8;3.6;2.8;6.4;3.6;1.5;;3.3;5.1;0.0;2.2;2.3;-1.1;0.1;5.1;0.9;6.2;;3.9;;;2.1;;;2.9;;3.8;;;;1.4;;;;;1.3;0.4;-3.2;1.5;2.1;;;;;;1.7;0.7;;;;2.3;;;2.0;;;;;;;;;;;;;;;;;;;;;;;;;;;-3.9;;-4.5;;;;;;;;;;;;;;;;;;;;;0.8;-0.7;-1.1;4.0;5.2;;3.4;2.9;;;-2.1;4.4;3.3;3.3;0.5;;;7.7;;;;;-0.8;;2.6;;;;;;;;;-0.7;;1.5;;;;;;;;;;;-0.8;;;;;;;;;;-0.9;;;;;;;;;;;;;;;;;;;;;;;;;-7.1;-5.0;;-0.7;;6.4;;2.7;1.1;0.8;;;;;;;;;;;;;;;;;;;;;-0.3;;-2.7;2.5;;0.9;7.9;;;;-2.5;4.7
2025-04-03;;3.4;;;;;-6.4;-1.0;;-2.5;;;;;;2.8;;;;;-2.4;;-6.2;;;2.5;;;;;;;;;;;;3.1;;;-1.6;;;;;0.7;;;;;;;;;;;;;-8.6;2.4;1.3;0.3;-1.6;;;;;;;;;;;;;;;;;;;;;;;;;;;;-4.3;;;;;;;;;;;;;;;;;;;;0.0;;;;;3.9;3.0;8.0;1.2;1.1;-0.9;1.7;;7.6;3.6;2.6;6.4;3.6;1.5;;3.3;5.0;-0.1;2.2;2.3;-1.1;-0.1;5.0;0.8;6.1;;3.9;;;2.2;;;2.9;;3.8;;;;1.2;;;;;1.1;0.4;-3.1;1.5;2.0;;;;;;1.5;0.7;;;;2.3;;;1.9;;;;;;;;;;;;;;;;;;;;;;;;;;;-3.9;;-4.5;;;;;;;;;;;;;;;;;;;;;0.5;-0.8;-1.1;4.0;5.1;;;2.9;;;-1.9;4.5;3.4;3.4;0.5;;;7.8;;;;;-0.4;;2.6;;;;;;;;;-0.7;;1.6;;;;;;;;;;;-0.8;;;;;;;;;;-1.3;;;;;;;;;;;;;;;;;;;;;;;;;-7.2;-5.0;;-0.7;;6.3;;2.7;0.9;0.6;;;;;;;;;;;;;;;;;;;;;;;-2.7;2.5;;0.9;8.0;;;;-2.6;4.8
2025-04-04;;3.4;;;;;-6.4;-1.0;;-2.5;;;;;;2.8;;;;;-2.5;;-6.2;;;2.5;;;;;;;;;;;;3.1;;;-1.6;;;;;0.6;;;;;;;;;;;;;-8.5;2.4;1.4;0.5;-1.6;;;;;;;;;;;;;;;;;;;;;;;;;;;;-4.3;;;;;;;;;;;;;;;;;;;;0.0;;;;;3.8;3.0;8.1;1.2;1.2;-0.8;1.7;;7.8;3.6;2.6;6.5;3.6;1.5;8.4;3.4;5.0;0.0;2.2;2.5;-1.1;-0.1;5.1;1.0;6.2;;3.9;;;2.2;;;2.9;;3.7;;;;1.3;;;;;0.9;0.4;-3.1;1.6;2.1;;;;;;1.6;0.7;;;;2.3;;;1.9;;;;;;;;;;;;;;;;;;;;;;;;;;;-4.0;;-4.4;;;;;;;;;;;;;;;;;;;;;0.2;-0.9;-1.1;3.9;5.1;;3.5;2.9;;;-1.9;4.5;3.4;3.7;0.5;;;8.1;;;;;-0.1;;2.5;;;;;;;;;-0.7;;1.5;;;;;;;;;;;-0.8;;;;;;;;;;-5.1;;;;;;;;;;;;;;;;;;;;;;;;;-7.1;-5.1;;-0.7;;6.3;;2.7;1.0;0.7;;;;;;;;;;;;;;;;;;;;;;;-2.7;2.6;;0.9;8.0;;;;-2.5;4.8
2025-04-05;;3.4;;;;;-6.7;-1.1;;-2.5;;;;;;2.9;;;;;-2.5;;-6.3;;;2.5;;;;;;;;;;;;3.1;;;-1.6;;;;;0.7;;;;;;;;;;;;;-8.4;2.7;1.4;0.6;-1.4;;;;;;;;;;;;;;;;;;;;;;;;;;;;-4.3;;;;;;;;;;;;;;;;;;;;0.1;;;;;3.8;3.0;8.1;1.4;1.3;-0.7;1.8;;7.8;3.6;2.6;6.4;3.5;1.6;8.3;3.4;5.0;0.1;2.3;2.5;-1.1;0.0;5.2;1.0;6.4;;3.9;;;2.3;;;2.9;;3.7;;;;1.3;;;;;0.9;0.4;-3.2;1.5;2.1;;;;;;1.6;0.7;;;;2.5;;;2.0;;;;;;;;;;;;;;;;;;;;;;;;;;;-4.0;;-4.3;;;;;;;;;;;;;;;;;;;;;-0.2;-0.9;-1.1;3.9;5.0;;3.5;2.8;;;-1.8;4.4;3.4;3.7;0.5;;;8.4;;;;;0.2;;2.3;;;;;;;;;-0.7;;1.7;;;;;;;;;;;-0.8;;;;;;;;;;-5.4;;;;;;;;;;;;;;;;;;;;;;;;;-7.1;-5.1;;-0.7;;6.4;;2.8;1.0;0.7;;;;;;;;;;;;;;;;;;;;;;;-2.6;2.7;;0.9;8.1;;;;-2.5;4.7
2025-04-06;;3.4;;;;;-6.8;-1.4;;-2.5;;;;;;3.1;;;;;-2.5;;-6.6;;;2.6;;;;;;;;;;;;3.1;;;-1.6;;;;;0.6;;;;;;;;;;;;;-8.5;2.9;1.5;0.7;-1.4;;;;;;;;;;;;;;;;;;;;;;;;;;;;-4.3;;;;;;;;;;;;;;;;;;;;0.0;;;;;3.9;3.1;8.1;1.3;1.3;-0.6;1.7;;7.8;3.6;2.8;6.6;3.5;1.8;8.2;3.5;5.1;0.1;2.3;2.4;-1.1;0.0;5.3;1.0;6.3;;3.9;;;2.2;;;2.9;;3.6;;;;1.1;;;;;0.8;0.4;-3.2;1.6;2.3;;;;;;1.5;0.8;;;;2.5;;;2.0;;;;;;;;;;;;;;;;;;;;;;;;;;;-4.0;;-4.3;;;;;;;;;;;;;;;;;;;;;-0.6;-0.9;-1.0;3.9;5.0;;3.6;2.9;;;-1.8;4.4;3.4;4.1;0.5;;;8.5;;;;;0.4;;2.2;;;;;;;;;-0.7;;1.7;;;;;;;;;;;-0.8;;;;;;;;;;-5.1;;;;;;;;;;;;;;;;;;;;;;;;;-7.0;-5.0;;-0.7;;6.3;;2.8;1.1;0.7;;;;;;;;;;;;;;;;;;;;;;;-2.7;2.6;;1.0;8.1;;;;-2.5;4.8
2025-04-07;;3.4;;;;;-6.8;-1.3;;-2.5;;;;;;3.1;;;;;-2.6;;-6.8;;-1.5;2.5;;;;;;;;;;;;3.2;;;-1.7;;;;;0.6;;;;;;;;;;;;;-8.5;2.8;1.5;0.7;-1.4;;;;;;;;;;;;;;;;;;;;;;;;;;;;-4.3;;;;;;;;;;;;;;;;;;;;0.0;;;;;3.9;3.1;8.1;1.5;1.3;-0.5;1.6;;7.9;3.6;2.7;6.7;3.5;1.8;8.3;3.6;5.2;0.2;2.4;2.4;-1.1;0.1;5.3;0.9;6.3;;3.9;;;2.1;;;2.8;;3.5;;;;1.0;;;;;0.8;0.5;-3.2;1.6;2.3;;;;;;1.5;0.9;;;;2.6;;;2.1;;;;;;;;;;;;;;;;;;;;;;;;;;;-4.0;;-4.3;;;;;;;;;;;;;;;;;;;;;-0.8;-0.9;-1.1;3.9;5.0;;3.7;2.9;;;-1.8;4.5;3.3;3.9;0.5;;;8.7;;;;;2.4;;2.2;;;;;;;;;-0.6;;1.8;;;;;;;;;;;-0.7;;;;;;;;;;-4.8;;;;;;;;;;;;;;;;;;;;;;;;;-7.1;-5.0;;-0.7;;6.5;;2.8;1.1;0.7;;;;;;;;;;;;;;;;;;;;;;;-2.7;2.6;;0.8;8.1;;;;-2.5;4.8
2025-04-08;;3.4;;;;;-6.8;-1.2;;-2.6;;;;;;3.2;;;;;-2.6;;-7.0;;;2.4;;;;;;;;;;;;3.2;;;-1.7;;;;;0.6;;;;;;;;;;;;;-8.4;2.8;1.5;0.7;-1.3;;;;;;;;;;;;;;;;;;;;;;;;;;;;-4.4;;;;;;;;;;;;;;;;;;;;0.0;;;;;4.0;3.2;8.3;1.4;1.2;-0.5;1.5;;8.0;3.6;2.6;6.6;3.4;1.9;8.3;3.6;5.1;0.1;2.3;2.4;-1.3;0.0;5.4;0.9;6.3;;3.9;;;2.2;;;2.9;;3.5;;;;0.9;;;;;0.8;0.5;-3.2;1.6;2.4;;;;;;1.6;0.9;;;;2.7;;;2.1;;;;;;;;;;;;;;;;;;;;;;;;;;;-4.0;;-4.3;;;;;;;;;;;;;;;;;;;;;-1.0;-0.9;-1.2;3.9;4.9;;;2.9;;;-1.7;4.5;3.4;3.4;0.5;;;8.7;;;;;2.4;;2.3;;;;;;;;;-0.6;;1.8;;;;;;;;;;;-0.6;;;;;;;;;;-4.8;;;;;;;;;;;;;;;;;;;;;;;;;-7.1;-4.9;;-0.7;;6.4;;2.8;1.2;0.7;;;;;;;;;;;;;;;;;;;;;;;-2.7;2.6;;0.7;8.1;;;;-2.5;4.7
2025-04-09;;3.4;;;;;-6.7;-1.1;;-2.6;;;;;;3.2;;;;;-2.5;;-7.1;;;2.4;;;;;;;;;;;;3.2;;;-1.7;;;;;0.5;;;;;;;;;;;;;-8.3;2.9;1.6;0.6;-1.2;;;;;;;;;;;;;;;;;;;;;;;;;;;;-4.4;;;;;;;;;;;;;;;;;;;;0.0;;;;;4.0;3.1;8.3;1.4;1.2;-0.5;1.5;;8.0;3.5;2.4;6.6;3.4;1.9;8.3;3.6;5.0;0.1;2.3;2.4;-1.4;0.0;5.2;0.7;6.2;;3.9;;;2.2;;;2.8;;3.5;;;;0.7;;;;;0.8;0.5;-3.2;1.5;2.5;;;;;;1.6;0.9;;;;2.6;;;2.0;;;;;;;;;;;;;;;;;;;;;;;;;;;-4.0;;-4.4;;;;;;;;;;;;;;;;;;;;;-1.3;-0.8;-1.1;3.9;5.0;;3.8;2.9;;;-2.0;4.5;3.4;3.4;0.5;;;8.9;;;;;2.2;;2.3;;;;;;;;;-0.6;;1.8;;;;;;;;;;;-0.6;;;;;;;;;;-4.2;;;;;;;;;;;;;;;;;;;;;;;;;-7.3;-5.0;;-0.7;;6.3;;2.7;1.2;0.7;;;;;;;;;;;;;;;;;;;;;;;-2.7;2.6;;0.7;8.1;;;;-2.5;4.8
2025-04-10;;3.5;;;;;-6.7;-0.9;;-2.5;;;;;;3.3;;;;;-2.5;;-6.9;;;2.5;;;;;;;;;;;;3.2;;;-1.8;;;;;0.6;;;;;;;;;;;;;-8.2;3.0;1.8;0.8;-1.1;;;;;;;;;;;;;;;;;;;;;;;;;;;;-4.3;;;;;;;;;;;;;;;;;;;;0.0;;;;;4.0;3.1;8.4;1.3;1.1;-0.5;1.5;;8.0;3.6;2.5;6.8;3.5;1.9;8.4;3.7;5.0;0.0;2.3;2.5;-1.4;0.2;5.2;0.8;6.1;;3.9;;;2.1;;;2.8;;3.5;;;;0.6;;;;;1.0;0.5;-3.2;1.4;2.6;;;;;;1.5;1.1;;;;2.6;;;2.0;;;;;;;;;;;;;;;;;;;;;;;;;;;-4.1;;-4.3;;;;;;;;;;;;;;;;;;;;;-1.7;-0.8;-1.2;3.9;5.0;;3.9;2.9;;;-2.1;4.5;3.4;3.4;0.5;;;8.9;;;;;2.3;;;;;;;;;;;-0.6;;1.7;;;;;;;;;;;-0.6;;;;;;;;;;-3.4;;;;;;;;;;;;;;;;;;;;;;;;;-7.3;-4.7;;-0.8;;6.3;;2.7;1.2;0.7;;;;;;;;;;;;;;;;;;;;;;;-2.8;2.6;;0.7;8.1;;;;-2.5;4.8
2025-04-11;;3.5;;;;;-6.7;-0.8;;-2.6;;;;;;3.2;;;;;-2.4;;-7.2;;;2.5;;;;;;;;;;;;3.3;;;-1.9;;;;;0.6;;;;;;;;;;;;;-8.1;3.2;1.7;1.0;-1.2;;;;;;;;;;;;;;;;;;;;;;;;;;;;-4.4;;;;;;;;;;;;;;;;;;;;0.0;;;;;3.9;3.0;8.3;1.1;1.0;-0.6;1.5;;8.0;3.4;2.3;6.6;3.5;1.8;8.5;3.7;5.0;-0.1;2.2;2.5;-1.6;0.1;5.2;0.6;6.0;;3.9;;;2.0;;;2.8;;3.5;;;;0.4;;;;;0.9;0.5;-3.3;1.5;2.5;;;;;;1.4;1.0;;;;2.5;;;2.0;;;;;;;;;;;;;;;;;;;;;;;;;;;-4.0;;-4.4;;;;;;;;;;;;;;;;;;;;;-2.0;-0.9;-1.2;4.0;5.1;;4.0;2.8;;;-2.0;4.6;3.4;3.4;0.5;;;8.8;;;;;2.2;;2.3;;;;;;;;;-0.7;;1.7;;;;;;;;;;;-0.7;;;;;;;;;;-3.6;;;;;;;;;;;;;;;;;;;;;;;;;-7.3;-4.7;;-0.9;;6.2;;2.6;1.2;0.6;;;;;;;;;;;;;;;;;;;;;;;-2.8;2.6;;0.8;8.2;;;;-2.6;4.7
2025-04-12;;3.6;;;;;-6.7;-0.7;;-2.6;;;;;;3.1;;;;;-2.4;;-7.6;;-1.5;2.5;;;;;;;;;;;;3.2;;;-2.0;;;;;0.6;;;;;;;;;;;;;-8.1;3.2;1.8;1.2;-1.1;;;;;;;;;;;;;;;;;;;;;;;;;;;;-4.3;;;;;;;;;;;;;;;;;;;;0.0;;;;;3.8;2.9;8.1;1.1;0.9;-0.8;1.2;;8.1;3.3;2.1;6.3;3.3;1.8;8.3;3.6;5.0;-0.1;2.0;2.5;-1.7;0.0;5.1;0.5;5.8;;3.8;;;2.0;;;2.9;;3.5;;;;0.2;;;;;0.7;0.6;-3.3;1.6;2.3;;;;;;1.3;1.0;;;;2.5;;;1.9;;;;;;;;;;;;;;;;;;;;;;;;;;;-3.9;;-4.2;;;;;;;;;;;;;;;;;;;;;-1.9;-0.8;-1.2;4.0;5.0;;4.1;2.8;;;-2.2;4.5;3.4;3.4;0.5;;;8.7;;;;;1.9;;2.2;;;;;;;;;-0.6;;1.7;;;;;;;;;;;-0.6;;;;;;;;;;-3.8;;;;;;;;;;;;;;;;;;;;;;;;;-7.4;-4.9;;-0.9;;6.1;;2.5;1.1;0.5;;;;;;;;;;;;;;;;;;;;;;;-2.8;2.7;;0.8;8.2;;;;-2.6;4.8
2025-04-13;;3.6;;;;;-6.8;-0.7;;-2.6;;;;;;3.0;;;;;-2.6;;-8.0;;-1.5;2.6;;;;;;;;;;;;3.2;;;-2.0;;;;;0.5;;;;;;;;;;;;;-8.1;3.3;1.9;1.4;-1.0;;;;;;;;;;;;;;;;;;;;;;;;;;;;-4.3;;;;;;;;;;;;;;;;;;;;-0.1;;;;;3.9;2.8;8.1;1.0;1.0;-0.8;1.3;;8.1;3.3;2.1;6.2;3.2;1.6;8.4;3.7;4.9;-0.2;2.1;2.4;-1.9;-0.1;5.1;0.4;5.8;;3.7;;;1.9;;;2.9;;3.5;;;;0.1;;;;;0.8;0.6;-3.2;1.6;2.2;;;;;;1.2;1.1;;;;2.7;;;1.8;;;;;;;;;;;;;;;;;;;;;;;;;;;-3.9;;-4.2;;;;;;;;;;;;;;;;;;;;;-2.4;-0.8;-1.2;4.0;5.0;;4.2;2.9;;;-2.2;4.4;3.4;3.0;0.5;;;8.8;;;;;2.2;;2.0;;;;;;;;;-0.6;;1.6;;;;;;;;;;;-0.6;;;;;;;;;;-3.4;;;;;;;;;;;;;;;;;;;;;;;;;-7.4;-5.0;;-0.9;;6.2;;2.4;1.2;0.4;;;;;;;;;;;;;;;;;;;;;;;-2.8;2.8;;0.7;8.1;;;;-2.6;4.7
2025-04-14;;3.6;;;;;-6.8;-1.1;;-2.6;;;;;;3.0;;;;;-2.5;;-8.0;;-1.5;2.6;;;;;;;;;;;;3.1;;;-1.8;;;;;0.5;;;;;;;;;;;;;-8.1;3.4;2.0;1.6;-0.9;;;;;;;;;;;;;;;;;;;;;;;;;;;;-4.3;;;;;;;;;;;;;;;;;;;;-0.1;;;;;3.9;2.9;8.2;1.0;1.1;-0.7;1.4;;8.2;3.4;2.3;6.3;3.2;1.6;8.4;3.8;5.0;0.0;2.1;2.4;-1.7;-0.2;5.2;0.5;5.9;;3.8;;;2.0;;;2.8;;3.6;;;;0.0;;;;;0.8;0.6;-3.1;1.6;2.2;;;;;;1.2;1.2;;;;2.9;;;1.9;;;;;;;;;;;;;;;;;;;;;;;;;;;-3.8;;-4.1;;;;;;;;;;;;;;;;;;;;;-2.6;-0.7;-1.1;4.0;5.0;;4.1;2.9;;;-1.9;4.4;3.5;2.9;0.5;;;8.9;;;;;2.1;;2.0;;;;;;;;;-0.7;;1.5;;;;;;;;;;;-0.6;;;;;;;3.8;;;-2.8;;;;;;;;;;;;;;;;;;;;;;;;;-7.4;-5.2;;-0.9;;6.3;;2.4;1.3;0.5;;;;;;;;;;;;;;;;;;;;;;;-2.8;2.9;;0.7;8.2;;;;-2.6;4.7
2025-04-15;;3.7;;;;;-6.9;-1.2;;-2.6;;;;;;2.9;;;;;-2.5;;-8.1;;-1.5;2.6;;;;;;;;;;;;3.1;;;-1.7;;;;;0.6;;;;;;;;;;;;;-8.1;3.5;2.1;1.6;-1.1;;;;;;;;;;;;;;;;;;;;;;;;;;;;-4.5;;;;;;;;;;;;;;;;;;;;-0.1;;;;;3.9;3.0;8.4;1.2;1.1;-0.6;1.4;;8.3;3.5;2.5;6.4;3.4;1.7;8.5;3.8;5.1;0.1;2.1;2.5;-1.6;-0.1;5.2;0.5;6.0;;3.9;;;2.0;;;2.8;;3.6;;;;-0.1;;;;;0.9;0.6;-3.1;1.6;2.3;;;;;;1.3;1.3;;;;2.8;;;2.0;;;;;;;;;;;;;;;;;;;;;;;;;;;-3.8;;-3.9;;;;;;;;;;;;;;;;;;;;;-2.7;-0.7;-1.2;4.0;5.1;;4.1;3.0;;;-1.9;4.5;3.5;2.8;0.5;;;8.8;;;;;2.1;;1.9;;;;;;;;;-0.7;;1.5;;;;;;;;;;;-0.6;;;;;;;3.8;;;-2.8;;;;;;;;;;;;;;;;;;;;;;;;;-7.3;-5.5;;-0.9;;6.4;;2.6;1.2;0.5;;;;;;;;;;;;;;;;;;;;;;;-2.8;2.8;;0.7;8.3;;;;-2.6;4.7
2025-04-16;;3.7;;;;;-6.9;-1.2;;-2.5;;;;;;3.0;;;;;-2.4;;-7.9;;-1.5;2.5;;;;;;;;;;;;3.1;;;-1.6;;;;;0.5;;;;;;;;;;;;;-8.2;3.5;2.3;1.5;-1.0;;;;;;;;;;;;;;;;;;;;;;;;;;;;-4.4;;;;;;;;;;;;;;;;;;;;-0.1;;;;;3.9;3.2;8.6;1.1;1.1;-0.6;1.5;;8.4;3.5;2.6;6.4;3.5;1.7;8.6;3.8;5.1;0.2;2.2;2.5;-1.4;0.0;5.3;0.5;6.1;;4.0;;;2.0;;;2.9;;3.7;;;;0.1;;;;;;0.6;-3.1;1.6;2.3;;;;;;1.3;1.3;;;;2.7;;;2.1;;;;;;;;;;;;;;;;;;;;;;;;;;;-3.7;;-3.8;;;;;;;;;;;;;;;;;;;;;-2.6;-0.7;-1.1;4.1;5.2;;4.1;2.9;;;-1.8;4.5;3.5;2.8;0.4;;;8.8;;;;;2.1;;1.8;;;;;;;;;-0.8;;1.4;;;;;;;;;;;-0.6;;;;;;;3.8;;;-3.2;;;;;;;;;;;;;;;;;;;;;;;;;-7.2;-5.6;;-1.0;;6.4;;2.6;1.2;0.6;;;;;;;;;;;;;;;;;;;;;;;-2.7;2.9;;0.7;8.3;;;;-2.5;4.7
2025-04-17;;3.7;;;;;-7.0;-1.4;;-2.6;;;;;;3.0;;;;;-2.5;;-8.2;;-1.7;2.5;;;;;;;;;;;;3.1;;;-1.6;;;;;0.6;;;;;;;;;;;;;-8.2;3.5;2.1;1.4;-1.1;;;;;;;;;;;;;;;;;;;;;;;;;;;;-4.5;;;;;;;;;;;;;;;;;;;;-0.1;;;;;3.9;3.0;8.7;1.0;1.0;-0.6;1.6;;8.5;3.4;2.5;6.4;3.5;1.7;8.5;3.6;5.1;0.3;2.2;2.4;-1.5;0.0;5.3;0.4;5.9;;3.9;;;1.9;;;2.9;;3.7;;;;0.1;;;;;0.8;0.6;-3.1;1.7;2.2;;;;;;1.4;1.3;;;;2.6;;;2.1;;;;;;;;;;;;;;;;;;;;;;;;;;;-3.7;;-3.6;;;;;;;;;;;;;;;;;;;;;-2.5;-0.7;-1.1;4.0;5.2;;4.0;2.9;;;-1.8;4.6;3.5;2.7;0.4;;;8.8;;;;;2.1;;1.6;;;;;;;;;-0.8;;1.4;;;;;;;;;;;-0.5;;;;;;;3.8;;;-3.3;;;;;;;;;;;;;;;;;;;;;;;;;-7.0;-5.5;;-1.0;;6.3;;2.6;1.1;0.5;;;;;;;;;;;;;;;;;;;;;;;-2.7;3.0;;0.7;8.4;;;;-2.6;4.7
2025-04-18;;3.7;;;;;-7.0;-1.5;;-2.6;;;;;;2.9;;;;;-2.5;;-8.3;;-1.8;2.5;;;;;;;;;;;;3.1;;;-1.6;;;;;0.7;;;;;;;;;;;;;-8.2;3.5;2.1;1.3;-1.1;;;;;;;;;;;;;;;;;;;;;;;;;;;;-4.6;;;;;;;;;;;;;;;;;;;;-0.2;;;;;3.9;3.1;8.7;1.0;1.0;-0.7;1.6;;8.5;3.3;2.4;;3.5;1.8;8.5;3.6;5.1;0.4;2.2;2.4;-1.3;0.0;5.2;0.4;5.9;;3.8;;;1.9;;;2.8;;3.8;;;;-0.1;;;;;0.6;0.6;-3.0;1.6;2.2;;;;;;1.5;1.3;;;;2.6;;;2.2;;;;;;;;;;;;;;;;;;;;;;;;;;;-3.8;;-3.7;;;;;;;;;;;;;;;;;;;;;-2.6;-0.7;-1.2;4.0;5.1;;4.0;2.9;;;-1.8;4.7;3.5;2.4;0.3;;;8.9;;;;;2.0;;1.3;;;;;;;;;-0.7;;1.3;;;;;;;;;;;-0.5;;;;;;;3.7;;;-3.3;;;;;;;;;;;;;;;;;;;;;;;;;-7.1;-5.4;;-1.0;;6.3;;2.5;1.1;0.6;;;;;;;;;;;;;;;;;;;;;;;-2.7;3.0;;0.6;8.4;;;;-2.6;4.7
2025-04-19;;3.7;;;;;-6.9;-1.5;;-2.7;;;;;;2.9;;;;;-2.6;;-8.1;;;;;;;;;;;;;;;3.0;;;-1.6;;;;;0.7;;;;;;;;;;;;;;3.5;2.1;1.5;-1.1;;;;;;;;;;;;;;;;;;;;;;;;;;;;-4.6;;;;;;;;;;;;;;;;;;;;-0.2;;;;;3.9;3.1;8.8;1.1;1.0;-0.5;1.7;;8.4;3.3;2.5;;3.5;1.8;8.6;3.5;5.1;0.4;2.3;2.4;-1.2;0.1;5.3;0.4;5.9;;3.9;;;1.9;;;2.9;;3.8;;;;-0.1;;;;;0.6;0.5;-3.0;1.6;2.2;;;;;;1.5;1.3;;;;2.6;;;2.3;;;;;;;;;;;;;;;;;;;;;;;;;;;-3.7;;-3.6;;;;;;;;;;;;;;;;;;;;;-2.7;-0.7;-1.4;4.0;5.1;;;2.9;;;-1.9;4.7;3.5;2.4;0.3;;;8.9;;;;;2.0;;1.3;;;;;;;;;-0.8;;1.2;;;;;;;;;;;-0.5;;;;;;;3.7;;;-3.3;;;;;;;;;;;;;;;;;;;;;;;;;-7.0;-5.6;;-1.1;;6.3;;2.5;1.1;0.7;;;;;;;;;;;;;;;;;;;;;;;-2.7;3.0;;0.6;8.4;;;;-2.6;4.8
2025-04-20;;3.8;;;;;-7.0;-1.5;;;;;;;;2.8;;;;;-2.7;;-7.9;;-1.6;;;;;;;;;;;;;2.9;;;-1.6;;;;;0.7;;;;;;;;;;;;;-8.1;3.6;2.0;1.4;-1.1;;;;;;;;;;;;;;;;;;;;;;;;;;;;-4.6;;;;;;;;;;;;;;;;;;;;-0.2;;;;;4.0;3.1;8.7;1.2;1.0;-0.5;1.7;;8.5;3.3;2.4;;3.4;1.8;8.6;;5.2;0.4;2.5;2.4;-1.2;0.1;5.3;0.4;5.9;;3.9;;;1.9;;;2.8;;3.8;;;;-0.2;;;;;0.6;0.5;-3.0;1.7;2.2;;;;;;1.6;1.4;;;;2.6;;;2.3;;;;;;;;;;;;;;;;;;;;;;;;;;;-3.7;;-3.6;;;;;;;;;;;;;;;;;;;;;-2.6;-0.6;-1.3;4.1;5.1;;4.0;2.9;;;-2.0;4.7;3.6;2.3;0.2;;;8.9;;;;;1.7;;1.2;;;;;;;;;-0.7;;1.0;;;;;;;;;;;-0.5;;;;;;;3.7;;;-3.3;;;;;;;;;;;;;;;;;;;;;;;;;-7.2;-5.8;;-1.2;;6.3;0.3;2.6;1.1;0.6;;;;;;;;;;;;;;;;;;;;;;;-2.7;3.0;;0.7;8.4;;;;-2.7;4.7
2025-04-21;;3.8;;;;;-7.0;-1.3;;;;;;;;2.8;;;;;-2.9;;-7.8;;-1.8;;;;;;;;;;;;;3.0;;;-1.5;;;;;0.7;;;;;;;;;;;;;-8.1;3.7;1.9;1.2;-1.2;;;;;;;;;;;;;;;;;;;;;;;;;;;;-4.6;;;;;;;;;;;;;;;;;;;;-0.2;;;;;4.0;3.1;8.5;0.9;1.0;-0.5;1.8;;8.5;3.2;2.3;;3.4;1.8;8.5;3.5;5.1;0.4;2.4;2.4;-1.1;0.0;5.2;0.4;5.9;;3.9;;;1.8;;;2.8;;3.8;;;;-0.1;;;;;0.6;0.6;-3.0;1.7;2.2;;;;;;1.6;1.4;;;;2.5;;;2.2;;;;;;;;;;;;;;;;;;;;;;;;;;;-3.7;;-3.6;;;;;;;;;;;;;;;;;;;;;-2.7;-0.5;-1.2;4.2;5.2;;4.0;2.8;;;-2.3;4.7;3.6;2.3;0.3;;;9.0;;;;;1.5;;1.0;;;;;;;;;-0.7;;1.0;;;;;;;;;;;-0.5;;;;;;;3.7;;;-2.9;;;;;;;;;;;;;;;;;;;;;;;;;-7.1;-5.8;;-1.2;;6.4;0.2;2.5;1.1;0.6;;;;;;;;;;;;;;;;;;;;;;;-2.7;3.0;;0.9;8.4;;;;-2.7;4.7
2025-04-22;;3.8;;;;;-6.9;-0.9;;-2.6;;;;;;2.8;;;;;-2.9;;-7.5;;-1.7;;;;;;;;;;;;;2.9;;;-1.7;;;;;0.7;;;;;;;;;;;;;-8.0;3.8;2.1;1.3;-1.2;;;;;;;;;;;;;;;;;;;;;;;;;;;;-4.7;;;;;;;;;;;;;;;;;;;;-0.1;;;;;4.0;3.1;8.6;0.9;1.0;-0.5;1.9;;8.6;3.2;2.2;6.3;3.3;1.7;8.6;3.4;5.2;0.4;2.3;2.4;-1.1;0.0;5.2;0.4;5.9;;3.9;;;1.8;;;2.9;;3.8;;;;0.0;;;;;0.5;0.7;-2.9;1.7;2.1;;;;;;1.6;1.2;;;;2.5;;;2.1;;;;;;;;;;;;;;;;;;;;;;;;;;;-3.8;;-3.5;;;;;;;;;;;;;;;;;;;;;-2.7;-0.6;-1.1;4.1;5.2;;3.9;2.8;;;-2.2;4.7;3.6;2.1;0.4;;;9.0;;;;;1.6;;0.7;;;;;;;;;-0.6;;1.0;;;;;;;;;;;-0.4;;;;;;;3.8;;;-2.4;;;;;;;;;;;;;;;;;;;;;;;;;-7.1;-5.5;;-1.1;;6.3;0.0;2.5;1.1;0.5;;;;;;;;;;;;;;;;;;;;;;;-2.7;3.0;;0.9;8.4;;;;-2.8;4.6
2025-04-23;;;;;;;-6.9;-0.8;;-2.6;;;;;;3.0;;;;;-2.9;;-7.2;;-1.7;;;;;;;;;;;;;3.0;;;-1.7;;;;;0.7;;;;;;;;;;;;;-8.0;3.8;2.1;1.4;-1.0;;;;;;;;;;;;;;;;;;;;;;;;;;;;-4.6;;;;;;;;;;;;;;;;;;;;-0.1;;;;;4.0;3.0;8.5;0.9;0.9;-0.5;2.0;;8.5;3.3;2.1;6.2;3.4;1.6;8.8;3.5;5.1;0.5;2.4;2.3;-0.9;0.1;5.3;0.4;5.8;;4.0;;;1.8;;;2.8;;3.7;;;;-0.1;;;;;0.7;0.8;-2.8;1.7;2.0;;;;;;1.5;1.3;;;;2.5;;;2.2;;;;;;;;;;;;;;;;;;;;;;;;;;;-3.8;;-3.5;;;;;;;;;;;;;;;;;;;;;-2.7;-0.6;-1.2;4.1;5.1;;3.8;2.9;;;-2.2;4.7;3.6;2.1;0.5;;;9.0;;;;;1.8;;0.6;;;;;;;;;-0.6;;0.9;;;;;;;;;;;-0.4;;;;;;;3.7;;;-1.9;;;;;;;;;;;;;;;;;;;;;;;;;-6.9;-5.2;;-1.1;;6.4;0.0;2.5;1.0;0.5;;;;;;;;;;;;;;;;;;;;;;;-2.7;2.9;;0.9;8.4;;;;-2.8;4.6
2025-04-24;;3.8;;;;;-6.9;-0.8;;-2.6;;;;;;3.1;;;;;-2.9;;-7.0;;-1.6;;;;;;;;;;;;;3.0;;;-1.7;;;;;0.6;;;;;;;;;;;;;-7.8;3.8;2.2;1.4;-1.1;;;;;;;;;;;;;;;;;;;;;;;;;;;;-4.6;;;;;;;;;;;;;;;;;;;;-0.2;;;;;4.0;3.2;8.5;1.0;1.1;-0.5;1.8;;8.6;3.3;2.2;6.4;3.3;1.6;8.7;3.6;5.0;0.5;2.4;2.3;-1.1;0.0;5.2;0.3;5.8;;3.9;;;1.8;;;2.8;;3.7;;;;-0.2;;;;;0.6;0.8;-2.8;1.7;1.8;;;;;;1.5;1.5;;;;2.6;;;2.2;;;;;;;;;;;;;;;;;;;;;;;;;;;-3.8;;-3.6;;;;;;;;;;;;;;;;;;;;;-2.7;-0.7;-1.1;4.1;5.2;;3.8;2.9;;;-2.5;4.7;3.6;1.7;0.6;;;9.0;;;;;2.1;;0.6;;;;;;;;;-0.6;;0.6;;;;;;;;;;;-0.4;;;;;;;3.8;;;-1.2;;;;;;;;;;;;;;;;;;;;;;;;;-6.9;-5.2;;-1.1;;6.5;0.0;2.4;1.0;0.6;;;;;;;;;;;;;;;;;;;;;;;-2.7;2.9;;1.1;8.3;;;;-2.9;4.5
2025-04-25;;3.8;;;;;-7.0;-0.8;;-2.7;;;;;;3.0;;;;;-2.9;;-7.1;;-1.6;;;;;;;;;;;;;3.0;;;-1.5;;;;;0.6;;;;;;;;;;;;;-7.8;3.9;2.2;1.4;-1.0;;;;;;;;;;;;;;;;;;;;;;;;;;;;-4.6;;;;;;;;;;;;;;;;;;;;-0.2;;;;;4.0;3.2;8.5;1.0;1.3;-0.4;1.9;;8.6;3.3;2.2;6.4;3.5;1.6;8.8;3.6;5.2;0.6;2.6;2.3;-1.1;0.0;5.2;0.3;5.7;;3.9;;;1.9;;;2.8;;3.7;;;;-0.1;;;;;0.7;0.8;-2.9;1.8;1.8;;;;;;1.7;1.5;;;;2.7;;;2.2;;;;;;;;;;;;;;;;;;;;;;;;;;;-3.7;;-3.4;;;;;;;;;;;;;;;;;;;;;-2.7;-0.6;-1.1;4.1;5.3;;3.8;2.9;;;-2.8;4.8;3.6;1.6;0.6;;;8.9;;;;;2.1;;0.5;;;;;;;;;-0.4;;0.5;;;;;;;;;;;-0.3;;;;;;;3.8;;;-0.5;;;;;;;;;;;;;;;;;;;;;;;;;-6.9;-5.2;;-1.0;;6.5;0.0;2.5;1.0;0.6;;;;;;;;;;;;;;;;;;;;;;;-2.8;2.9;;1.1;8.4;;;;-2.9;4.5
2025-04-26;;3.7;;;;;-7.0;-0.8;;-2.7;;;;;;3.0;;;;;-3.0;;-7.1;;-1.5;;;;;;;;;;;;;2.9;;;-1.5;;;;;0.7;;;;;;;;;;;;;-7.8;4.0;2.3;1.5;-0.9;;;;;;;;;;;;;;;;;;;;;;;;;;;;-4.7;;;;;;;;;;;;;;;;;;;;-0.2;;;;;4.0;3.3;8.5;1.1;1.3;-0.4;2.0;;8.6;3.3;2.3;6.5;3.4;1.6;8.9;3.7;5.1;0.7;2.6;2.4;-1.1;0.1;5.2;0.4;5.8;;3.8;;;2.0;;;2.7;;3.6;;;;-0.1;;;;;0.6;0.8;-2.9;1.9;1.9;;;;;;1.7;1.5;;;;2.8;;;2.3;;;;;;;;;;;;;;;;;;;;;;;;;;;-3.7;;-3.4;;;;;;;;;;;;;;;;;;;;;;-0.6;-1.1;4.2;5.3;;3.9;2.9;;;-2.7;4.7;3.4;1.6;0.6;;;8.9;;;;;1.8;;0.3;;;;;;;;;-0.3;;0.5;;;;;;;;;;;-0.2;;;;;;;3.8;;;-0.4;;;;;;;;;;;;;;;;;;;;;;;;;-7.0;-5.5;;-1.1;;6.5;0.0;2.6;1.1;0.7;;;;;;;;;;;;;;;;;;;;;;;-2.8;2.9;;1.0;8.4;;;;-2.8;4.5
2025-04-27;;3.6;;;;;-6.9;-0.9;;-2.8;;;;;;3.0;;;;;-3.0;;-7.1;;-1.4;;;;;;;;;;;;;2.9;;;-1.5;;;;;0.8;;;;;;;;;;;;;-7.8;4.0;2.4;1.6;-0.8;;;;;;;;;;;;;;;;;;;;;;;;;;;;-4.7;;;;;;;;;;;;;;;;;;;;-0.2;;;;;3.9;3.2;8.5;1.2;1.3;-0.5;2.0;;8.6;3.4;2.3;6.5;3.4;1.6;8.9;3.6;5.2;0.8;2.7;2.4;-1.1;0.0;5.1;0.5;5.7;;3.8;;;2.0;;;2.7;;3.6;;;;-0.1;;;;;0.5;0.7;-2.9;1.8;1.8;;;;;;1.7;1.5;;;;2.7;;;2.3;;;;;;;;;;;;;;;;;;;;;;;;;;;-3.7;;-3.3;;;;;;;;;;;;;;;;;;;;;-2.6;-0.6;-1.0;4.1;5.3;;3.9;2.8;;;-2.8;4.7;3.5;1.6;0.6;;;8.8;;;;;1.6;;0.2;;;;;;;;;-0.3;;0.4;;;;;;;;;;;-0.3;;;;;;;3.8;;;-0.4;;;;;;;;;;;;;;;;;;;;;;;;;-6.9;-5.7;;-1.1;;6.4;0.0;2.6;1.0;0.6;;;;;;;;;;;;;;;;;;;;;;;-2.7;2.8;;0.9;8.4;;;;-2.8;4.5
2025-04-28;;3.7;;;;;-6.9;-0.9;;-2.8;;;;;;3.0;;;;;-3.2;;-7.1;;-1.5;;;;;;;;;;;;;2.9;;;-1.5;;;;;0.9;;;;;;;;;;;;;-7.8;3.9;2.4;1.6;-0.8;;;;;;;;;;;;;;;;;;;;;;;;;;;;-4.7;;;;;;;;;;;;;;;;;;;;-0.2;;;;;4.0;3.2;8.5;1.2;1.3;-0.4;2.0;;8.6;3.3;2.4;6.4;3.4;1.7;8.9;3.6;5.2;0.8;2.7;2.4;-1.0;0.1;5.2;0.5;5.8;;3.8;;;2.1;;;2.7;;3.8;;;;-0.1;;;;;0.5;0.7;-2.9;1.8;1.8;;;;;;1.8;1.5;;;;2.7;;;2.3;;;;;;;;;;;;;;;;;;;;;;;;;;;-3.7;;-3.4;;;;;;;;;;;;;;;;;;;;;-2.6;-0.6;-1.0;4.1;5.3;;;2.9;;;;4.6;3.3;1.5;0.7;;;8.7;;;;;1.5;;0.1;;;;;;;;;-0.3;;0.4;;;;;;;;;;;-0.3;;;;;;;3.8;;;-0.7;;;;;;;;;;;;;;;;;;;;;;;;;-6.9;-5.8;;-1.0;;6.4;0.0;2.7;1.1;0.7;;;;;;;;;;;;;;;;;;;;;;;-2.7;2.8;;1.0;8.4;;;;-2.8;4.5
2025-04-29;;3.6;;;;;-6.9;;;-2.8;;;;;;2.9;;;;;-3.1;;-7.1;;-1.6;;;;;;;;;;;;;2.9;;;-1.4;;;;;1.0;;;;;;;;;;;;;;3.9;2.3;1.7;-0.8;;;;;;;;;;;;;;;;;;;;;;;;;;;;-4.7;;;;;;;;;;;;;;;;;;;;-0.2;;;;;4.0;3.3;8.7;1.2;1.3;-0.3;1.9;;8.6;3.4;2.3;6.4;3.4;1.8;8.9;3.5;5.1;0.8;2.8;2.4;-0.9;0.1;5.2;0.6;5.8;;3.8;;;2.1;;;2.7;;3.6;;;;-0.2;;;;;0.5;0.6;-2.9;;1.8;;;;;;1.8;1.6;;;;2.7;;;2.2;;;;;;;;;;;;;;;;;;;;;;;;;;;-3.7;;-3.4;;;;;;;;;;;;;;;;;;;;;-2.7;-0.7;-1.1;4.1;5.3;;;;;;-2.8;4.5;3.4;1.5;0.6;;;;;;;;;;;;;;;;;;;;;;;;;;;;;;;;;;;;;;;3.9;;;-0.7;;;;;;;;;;;;;;;;;;;;;;;;;-6.9;-6.0;;-1.0;;6.6;0.1;;1.0;0.7;;;;;;;;;;;;;;;;;;;;;;;-2.6;2.9;;1.1;8.4;;;;-2.8;4.5
2025-04-30;;3.7;;;;;-6.9;-1.2;;-2.7;;;;;;2.7;;;;;-3.1;;-7.2;;-1.5;;;;;;;;;;;;;2.8;;;-1.4;;;;;0.9;;;;;;;;;;;;;-7.7;3.9;2.3;1.7;-0.8;;;;;;;;;;;;;;;;;;;;;;;;;;;;-4.7;;;;;;;;;;;;;;;;;;;;-0.2;;;;;4.1;3.3;8.6;1.2;1.3;-0.3;1.9;;8.6;3.3;2.3;6.4;3.4;1.8;8.9;3.4;5.2;0.8;2.7;2.4;-0.9;0.1;5.2;0.5;5.7;;3.8;;;2.0;;;2.8;;3.7;;;;-0.1;;;;;0.4;0.6;-2.8;1.8;1.9;;;;;;1.8;1.6;;;;2.7;;;2.2;;;;;;;;;;;;;;;;;;;;;;;;;;;-3.7;;-3.3;;;;;;;;;;;;;;;;;;;;;-2.7;-0.7;-1.0;4.1;5.3;;4.0;3.0;;;-2.8;4.6;3.4;1.5;0.6;;;8.7;;;;;1.4;;0.0;;;;;;;;;-0.2;;0.3;;;;;;;;;;;-0.3;;;;;;;3.8;;;-0.9;;;;;;;;;;;;;;;;;;;;;;;;;-6.8;-5.8;;-1.1;;6.4;0.0;2.7;0.9;0.8;;;;;;;;;;;;;;;;;;;;;;;-2.6;2.8;;1.1;8.4;;;;-2.9;4.5
2025-05-01;;3.6;;;;;-6.8;-1.3;;-2.7;;;;;;2.6;;;;;-3.1;;-7.2;;-1.5;;;;;;;;;;;;;2.7;;;-1.5;;;;;1.0;;;;;;;;;;;;;-7.7;4.0;2.4;1.8;-0.7;;;;;;;;;;;;;;;;;;;;;;;;;;;;-4.8;;;;;;;;;;;;;;;;;;;;-0.2;;;;;4.1;3.4;8.8;1.1;1.3;-0.3;2.0;;8.6;3.4;2.4;6.5;3.5;1.8;9.1;3.4;5.2;0.8;2.7;2.4;-0.9;0.2;5.3;0.7;5.8;;3.7;;;2.1;;;2.7;;3.6;;;;0.0;;;;;0.4;0.6;-2.8;;1.9;;;;;;1.9;1.6;;;;2.7;;;2.3;;;;;;;;;;;;;;;;;;;;;;;;;;;-3.7;;-3.4;;;;;;;;;;;;;;;;;;;;;-2.7;-0.7;-1.1;4.1;5.3;;4.0;3.0;;;-2.6;4.6;3.4;1.4;0.6;;;8.7;;;;;1.2;;-0.1;;;;;;;;;-0.2;;0.1;;;;;;;;;;;-0.3;;;;;;;3.9;;;;;;;;;;;;;;;;;;;;;;;;;;;;-6.7;-5.6;;-1.1;;6.4;0.1;2.7;1.1;0.9;;;;;;;;;;;;;;;;;;;;;;;-2.6;2.7;;1.2;8.5;;;;-2.9;4.6
2025-05-02;;3.5;;;;;-6.8;-1.3;;-2.6;;;;;;2.6;;;;;-3.0;;-7.0;;-1.6;;;;;;;;;;;;;2.6;;;-1.5;;;;;0.9;;;;;;;;;;;;;-7.6;4.0;2.3;1.9;-0.7;;;;;;;;;;;;;;;;;;;;;;;;;;;;-4.7;;;;;;;;;;;;;;;;;;;;-0.2;;;;;4.0;3.4;8.7;1.2;1.3;-0.3;2.0;;8.7;3.4;2.4;6.6;3.6;1.8;9.2;3.4;5.4;0.7;2.7;2.4;-0.9;0.2;5.4;0.7;5.8;;3.7;;;2.1;;;2.7;;3.6;;;;-0.1;;;;;0.6;0.6;-2.7;1.8;2.0;;;;;;2.0;1.6;;;;2.8;;;2.3;;;;;;;;;;;;;;;;;;;;;;;;;;;-3.7;;-3.6;;;;;;;;;;;;;;;;;;;;;-2.7;-0.7;-1.1;4.1;5.3;;4.0;2.9;;;-2.6;4.5;3.4;1.5;0.5;;;8.8;;;;;1.1;;0.0;;;;;;;;;-0.2;;0.1;;;;;;;;;;;-0.4;;;;;;;3.9;;;;;;;;;;;;;;;;;;;;;;;;;;;;-6.6;-5.5;;-1.2;;6.4;0.1;2.7;1.1;0.8;;;;;;;;;;;;;;;;;;;;;;;-2.5;2.8;;1.3;8.5;;;;-2.9;4.6
2025-05-03;;3.5;;;;;-6.8;-1.3;;-2.7;;;;;;2.6;;;;;-3.0;;-7.0;;-1.6;;;;;;;;;;;;;2.7;;;-1.5;;;;;0.9;;;;;;;;;;;;;-7.6;4.0;2.3;1.8;-0.7;;;;;;;;;;;;;;;;;;;;;;;;;;;;-4.8;;;;;;;;;;;;;;;;;;;;-0.2;;;;;4.0;3.5;8.6;1.3;1.3;-0.3;1.9;;8.7;3.4;2.5;6.6;3.6;1.7;9.1;3.4;5.2;0.7;2.7;2.5;-0.9;0.2;5.3;0.5;5.9;;3.7;;;2.1;;;2.6;;3.6;;;;-0.2;;;;;0.6;0.7;-2.7;1.9;1.9;;;;;;2.0;1.6;;;;2.8;;;2.4;;;;;;;;;;;;;;;;;;;;;;;;;;;-3.6;;-3.6;;;;;;;;;;;;;;;;;;;;;-2.7;-0.8;-1.1;4.1;5.4;;4.0;2.9;;;-2.3;4.5;3.4;1.3;0.5;;;8.7;;;;;1.0;;-0.1;;;;;;;;;0.0;;0.1;;;;;;;;;;;-0.4;;;;;;;3.9;;;;;;;;;;;;;;;;;;;;;;;;;;;;-6.4;-5.3;;-1.2;;6.2;0.0;2.7;1.0;0.7;;;;;;;;;;;;;;;;;;;;;;;-2.6;2.8;;1.2;8.4;;;;-2.8;4.6
2025-05-04;;3.6;;;;;-6.8;-1.3;;-2.8;;;;;;2.5;;;;;-3.0;;-7.0;;-1.7;;;;;;;;;;;;;2.8;;;-1.5;;;;;1.0;;;;;;;;;;;;;-7.7;4.0;2.3;1.8;-0.7;;;;;;;;;;;;;;;;;;;;;;;;;;;;-4.9;;;;;;;;;;;;;;;;;;;;-0.3;;;;;3.9;3.4;8.6;1.1;1.3;-0.4;1.8;;8.6;3.3;2.3;6.5;3.6;1.6;9.1;3.4;5.1;0.6;2.7;2.5;-1.0;0.1;5.2;0.5;5.7;;3.6;;;2.1;;;2.7;;3.6;;;;-0.1;;;;;0.7;0.8;-2.8;1.8;1.8;;;;;;1.8;1.6;;;;2.7;;;2.4;;;;;;;;;;;;;;;;;;;;;;;;;;;-3.6;;-3.6;;;;;;;;;;;;;;;;;;;;;-2.6;-0.8;-1.0;4.1;5.3;;4.0;2.9;;;-2.2;4.6;3.4;1.2;0.5;;;8.7;;;;;0.8;;-0.1;;;;;;;;;0.1;;0.1;;;;;;;;;;;-0.3;;;;;;;3.9;;;;;;;;;;;;;;;;;;;;;;;;;;;;-6.3;-5.2;;-1.3;;6.2;-0.1;2.5;1.0;0.7;;;;;;;;;;;;;;;;;;;;;;;-2.6;2.8;;1.2;8.4;;;-6.0;-2.8;4.7
2025-05-05;;3.6;;;;;-6.7;-1.2;;-2.8;;;;;;2.8;;;;;-3.0;;-6.9;;-1.7;;;;;;;;;;;;;2.7;;;-1.3;;;;;1.0;;;;;;;;;;;;;-7.8;4.0;2.2;1.9;-0.5;;;;;;;;;;;;;;;;;;;;;;;;;;;;-5.0;;;;;;;;;;;;;;;;;;;;-0.3;;;;;3.9;3.3;8.5;1.1;1.3;-0.3;1.8;;8.6;3.3;2.3;6.5;3.5;1.6;9.0;3.4;5.1;0.6;2.7;2.6;-0.9;0.0;5.1;0.6;5.7;;3.7;;;2.2;;;2.8;;3.7;;;;0.1;;;;;0.8;0.8;-2.8;1.7;1.8;;;;;;1.9;1.8;;;;2.7;;;2.4;;;;;;;;;;;;;;;;;;;;;;;;;;;-3.5;;-3.5;;;;;;;;;;;;;;;;;;;;;-2.6;-0.8;-1.0;4.0;5.3;;4.0;2.9;;;-2.3;4.6;3.3;1.2;0.5;;;8.7;;;;;0.7;;-0.1;;;;;;;;;0.1;;-0.1;;;;;;;;;;;-0.3;;;;;;;3.9;;;;;;;;;;;;;;;;;;;;;;;;;;;;-6.2;-5.2;;-1.3;;6.2;0.0;2.5;1.1;0.7;;;;;;;;;;;;;;;;;;;;;;;-2.7;2.8;;1.2;8.4;;;-6.0;-2.7;4.6
2025-05-06;;3.6;;;;;-6.6;-1.3;;-2.8;;;;;;2.8;;;;;-2.9;;-6.8;;-1.5;;;;;;;;;;;;;2.7;;;-1.4;;;;;0.9;;;;;;;;;;;;;-7.7;4.0;2.2;2.0;-0.6;;;;;;;;;;;;;;;;;;;;;;;;;;;;-5.0;;;;;;;;;;;;;;;;;;;;-0.3;;;;;3.8;3.2;8.4;1.1;1.3;-0.2;2.0;;8.6;3.2;2.3;6.6;3.4;1.7;9.0;3.5;5.1;0.7;2.6;2.6;-0.8;-0.1;5.1;0.7;5.8;;3.6;;;2.2;;;2.7;;3.6;;;;0.0;;;;;0.7;0.9;-2.9;1.7;1.8;;;;;;1.8;1.8;;;;2.6;;;2.3;;;;;;;;;;;;;;;;;;;;;;;;;;;-3.6;;-3.3;;;;;;;;;;;;;;;;;;;;;-2.6;-0.8;-1.0;3.9;5.3;;4.0;2.9;;;-2.3;4.5;3.3;1.2;0.5;;;8.8;;;;;0.6;;-0.2;;;;;;;;;0.3;;0.0;;;;;;;;;;;-0.3;;;;;;;3.9;;;;;;;;;;;;;;;;;;;;;;;;;;;;-6.1;-5.1;;-1.3;;6.2;0.0;2.6;1.0;0.7;;;;;;;;;;;;;;;;;;;;;;;-2.7;2.8;;1.2;8.4;;;-6.0;-2.8;4.6
2025-05-07;;3.6;;;;;-6.6;-1.2;;-2.6;;;;;;2.8;;;;;-2.9;;-6.7;;-1.5;;;;;;;;;;;;;2.9;;;-1.4;;;;;0.9;;;;;;;;;;;;;-7.7;4.0;2.4;1.9;-0.5;;;;;;;;;;;;;;;;;;;;;;;;;;;;-5.1;;;;;;;;;;;;;;;;;;;;-0.3;;;;;3.7;3.2;8.5;1.2;1.5;-0.2;2.0;;8.7;3.4;2.4;6.6;3.6;1.7;9.2;3.6;5.1;0.8;2.7;2.6;-0.8;0.1;5.2;0.7;5.9;;3.6;;;2.2;;;2.7;;3.5;;;;0.0;;;;;0.7;0.9;-3.0;1.6;1.8;;;;;;1.8;1.8;;;;2.6;;;2.4;;;;;;;;;;;;;;;;;;;;;;;;;;;-3.6;;-3.3;;;;;;;;;;;;;;;;;;;;;-2.6;-0.7;-0.9;3.9;5.3;;4.1;2.9;;;-2.5;4.5;3.3;1.3;0.4;;;8.8;;;;;0.7;;-0.2;;;;;;;;;0.4;;0.0;;;;;;;;;;;-0.3;;;;;;;4.0;;;;;;;;;;;;;;;;;;;;;;;;;;;;-5.9;-4.7;;-1.2;;6.2;0.1;2.6;1.0;0.7;;;;;;;;;;;;;;;;;;;;;;;-2.7;2.8;;1.1;8.3;;;-5.8;-2.8;4.6
2025-05-08;;3.6;;;;;-6.5;-1.2;;-2.6;;;;;;2.8;;;;;-2.9;;-6.6;;-1.5;;;;;;;;;;;;;3.0;;;-1.5;;;;;0.8;;;;;;;;;;;;;-7.8;4.0;2.4;1.9;-0.6;;;;;;;;;;;;;;;;;;;;;;;;;;;;-5.2;;;;;;;;;;;;;;;;;;;;-0.4;;;;;3.7;3.2;8.4;1.3;1.4;-0.2;1.9;;8.7;3.6;2.4;6.6;3.6;1.7;9.1;3.7;5.1;0.7;2.7;2.7;-0.8;0.2;;0.9;6.0;;3.6;;;2.2;;;2.6;;3.4;;;;0.0;;;;;0.7;0.9;-3.0;1.7;1.9;;;;;;1.8;2.0;;;;2.7;;;2.5;;;;;;;;;;;;;;;;;;;;;;;;;;;-3.6;;-3.2;;;;;;;;;;;;;;;;;;;;;-2.6;-0.7;-0.9;3.9;5.3;;4.1;3.0;;;-2.7;4.5;3.3;1.5;0.5;;;8.9;;;;;0.6;;-0.1;;;;;;;;;0.4;;0.2;;;;;;;;;;;-0.2;;;;;;;4.0;;;0.5;;;;;;;;;;;;;;;;;;;;;;;;;-5.6;-4.6;;-1.1;;6.3;0.1;2.6;1.1;0.8;;;;;;;;;;;;;;;;;;;;;;;-2.6;2.8;;1.0;8.3;;;-5.8;-2.7;4.5
2025-05-09;;3.6;;;;;-6.4;-1.1;;-2.5;;;;;;2.8;;;;;-2.8;;-6.6;;-1.6;;;;;;;;;;;;;3.0;;;-1.5;;;;;0.9;;;;;;;;;;;;;-7.8;4.0;2.5;2.0;-0.7;;;;;;;;;;;;;;;;;;;;;;;;;;;;-5.3;;;;;;;;;;;;;;;;;;;;-0.4;;;;;3.8;3.2;8.4;1.4;1.4;-0.2;1.9;;8.7;3.6;2.2;6.7;3.5;1.7;9.1;3.7;5.1;0.7;2.7;2.7;-0.7;0.2;;0.9;5.8;;3.6;;;2.2;;;2.6;;3.4;;;;0.1;;;;;0.7;0.9;-3.0;1.6;2.0;;;;;;1.9;2.0;;;;2.7;;;2.6;;;;;;;;;;;;;;;;;;;;;;;;;;;-3.6;;-3.1;;;;;;;;;;;;;;;;;;;;;-2.6;-0.7;-0.9;3.9;5.3;;4.1;2.9;;;-2.7;4.4;3.3;1.5;0.4;;;8.9;;;;;0.6;;0.0;;;;;;;;;0.6;;0.2;;;;;;;;;;;-0.2;;;;;;;4.1;;;0.6;;;;;;;;;;;;;;;;;;;;;;;;;-5.4;-4.5;;-1.0;;6.2;0.0;2.4;1.1;0.7;;;;;;;;;;;;;;;;;;;;;;;-2.6;2.8;;1.0;8.3;;;-5.7;-2.7;4.5
2025-05-10;;3.5;;;;;-6.5;-1.1;;-2.5;;;;;;2.9;;;;;-2.7;;-6.7;;-1.6;;;;;;;;;;;;;2.9;;;-1.6;;;;;0.8;;;;;;;;;;;;;-7.8;4.0;2.4;2.0;-0.7;;;;;;;;;;;;;;;;;;;;;;;;;;;;-5.4;;;;;;;;;;;;;;;;;;;;-0.4;;;;;3.7;3.1;8.4;1.3;1.4;-0.2;1.9;;8.6;3.5;2.3;6.6;3.5;1.7;9.1;3.7;5.2;0.8;2.7;2.6;-0.7;0.1;;0.7;5.9;;3.6;;;2.1;;;2.6;;3.4;;;;-0.1;;;;;0.7;0.9;-3.0;1.5;1.9;;;;;;2.0;2.0;;;;2.7;;;2.6;;;;;;;;;;;;;;;;;;;;;;;;;;;-3.7;;-3.2;;;;;;;;;;;;;;;;;;;;;-2.7;-0.8;-0.9;3.9;5.1;;4.1;3.0;;;-2.7;4.5;3.2;1.7;0.5;;;8.8;;;;;0.6;;0.0;;;;;;;;;0.4;;0.3;;;;;;;;;;;-0.3;;;;;;;4.1;;;0.7;;;;;;;;;;;;;;;;;;;;;;;;;-5.1;-4.1;;-1.1;;6.3;0.0;2.5;1.0;0.6;;;;;;;;;;;;;;;;;;;;;;;-2.7;2.8;;1.0;8.3;;;-5.7;-2.8;4.5
2025-05-11;;3.5;;;;;-6.6;-1.2;;-2.6;;;;;;2.9;;;;;-2.7;;-6.5;;-1.7;;;;;;;;;;;;;2.8;;;-1.6;;;;;0.8;;;;;;;;;;;;;-7.9;4.0;2.4;2.0;-0.7;;;;;;;;;;;;;;;;;;;;;;;;;;;;-5.5;;;;;;;;;;;;;;;;;;;;-0.4;;;;;3.7;3.1;8.4;1.4;1.3;-0.2;2.0;;8.6;3.4;2.3;6.5;3.4;1.7;9.0;3.8;5.2;0.8;2.7;2.6;-0.6;0.1;;0.9;5.9;;3.6;;;2.2;;;2.7;;3.4;;;;-0.2;;;;;0.8;1.0;-3.0;1.5;1.9;;;;;;2.0;1.9;;;;2.7;;;2.6;;;;;;;;;;;;;;;;;;;;;;;;;;;-3.7;;-3.2;;;;;;;;;;;;;;;;;;;;;-2.7;-0.7;-0.9;3.8;5.1;;4.1;3.1;;;-2.7;4.5;3.3;1.7;0.5;;;8.8;;;;;0.3;;0.1;;;;;;;;;0.5;;0.5;;;;;;;;;;;-0.3;;;;;;;4.0;;;0.7;;;;;;;;;;;;;;;;;;;;;;;;;-4.9;-3.9;;-1.1;;6.3;0.0;2.5;0.9;0.7;;;;;;;;;;;;;;;;;;;;;;;-2.6;2.8;;1.0;8.3;;;-5.7;-2.7;4.6
2025-05-12;;3.5;;;;;-6.7;-1.0;;-2.6;;;;;;2.7;;;;;-2.7;;-6.4;;-1.7;;;;;;;;;;;;;2.7;;;-1.5;;;;;0.9;;;;;;;;;;;;;-7.9;3.8;2.4;1.9;-0.7;;;;;;;;;;;;;;;;;;;;;;;;;;;;-5.5;;;;;;;;;;;;;;;;;;;;-0.4;;;;;3.7;3.1;8.4;1.3;1.4;-0.3;2.0;;8.7;3.4;2.3;6.4;3.3;1.7;9.1;3.8;5.1;0.8;2.6;2.6;-0.8;0.2;;1.0;6.0;;3.5;;;2.3;;;2.6;;3.4;;;;-0.2;;;;;0.9;1.0;-3.0;1.5;1.9;;;;;;2.0;2.0;;;;2.7;;;2.6;;;;;;;;;;;;;;;;;;;;;;;;;;;-3.8;;-3.2;;;;;;;;;;;;;;;;;;;;;;-0.8;;3.8;5.1;;4.2;3.1;;;-2.7;4.5;3.3;1.8;0.4;;;8.7;;;;;-0.2;;0.1;;;;;;;;;0.4;;0.6;;;;;;;;;;;-0.3;;;;;;;4.1;;;0.8;;;;;;;;;;;;;;;;;;;;;;;;;-4.7;-3.8;;-1.1;;6.3;0.0;2.6;0.9;0.7;;;;;;;;;;;;;;;;;;;;;;;-2.5;2.8;;0.9;8.3;;;-5.7;-2.6;4.6
2025-05-13;;3.6;;;;;-6.7;-1.0;;-2.5;;;;;;2.5;;;;;-2.7;;-6.5;;-1.7;;;;;;;;;;;;;2.6;;;-1.6;;;;;0.9;;;;;;;;;;;;;-8.0;3.8;2.4;1.9;-0.8;;;;;;;;;;;;;;;;;;;;;;;;;;;;-5.5;;;;;;;;;;;;;;;;;;;;-0.4;;;;;3.7;3.1;8.4;1.2;1.4;-0.4;1.9;;8.7;3.4;2.2;6.3;3.3;1.6;8.9;3.7;5.0;0.8;2.5;2.5;-0.8;0.2;;0.9;6.1;;3.4;;;2.3;;;2.5;;3.4;;;;-0.3;;;;;0.8;1.0;-2.9;1.5;1.9;;;;;;2.0;1.9;;;;2.7;;;2.7;;;;;;;;;;;;;;;;;;;;;;;;;;;-3.7;;-3.2;;;;;;;;;;;;;;;;;;;;;;;;;;;4.2;3.1;;;-2.6;4.5;3.4;1.9;0.4;;;8.8;;;;;-0.3;;0.1;;;;;;;;;0.4;;0.7;;;;;;;;;;;-0.3;;;;;;;;;;0.8;;;;;;;;;;;;;;;;;;;;;;;;;-4.5;-3.7;;-1.1;;6.2;0.0;2.6;0.9;0.7;;;;;;;;;;;;;;;;;;;;;;;-2.5;2.8;;0.8;8.3;;;-5.8;-2.7;4.5
2025-05-14;;3.6;;;;;-6.7;-1.0;;-2.5;;;;;;2.3;;;;;-2.8;;-6.5;;-1.7;;;;;;;;;;;;;2.6;;;-1.5;;;;;0.9;;;;;;;;;;;;;-8.0;3.8;2.3;1.8;-0.9;;;;;;;;;;;;;;;;;;;;;;;;;;;;-5.5;;;;;;;;;;;;;;;;;;;;-0.5;;;;;3.6;3.1;8.5;1.1;1.3;-0.4;1.8;;8.6;3.3;2.2;6.4;3.3;1.5;8.9;3.8;4.9;0.8;2.5;2.5;-0.8;0.0;;1.0;6.0;;3.5;;;2.3;;;2.6;;3.4;;;;-0.3;;;;;0.9;1.0;-3.0;1.5;1.9;;;;;;;;;;;2.7;;;2.7;;;;;;;;;;;;;;;;;;;;;;;;;;;-3.7;;-3.2;;;;;;;;;;;;;;;;;;;;;;;;;;;4.2;3.2;;;-2.5;4.5;3.4;2.1;0.5;;;8.8;;;;;-0.7;;0.3;;;;;;;;;0.5;;0.9;;;;;;;;;;;-0.2;;;;;;;;;;0.8;;;;;;;;;;;;;;;;;;;;;;;;;-4.3;-3.7;;-1.1;;6.2;0.0;2.6;0.9;0.6;;;;;;;;;;;;;;;;;;;;;;;-2.5;2.8;;0.7;8.3;;;-5.8;-2.6;4.5
2025-05-15;;3.7;;;;;-6.7;-1.2;;-2.6;;;;;;2.4;;;;;-2.8;;-6.5;;-1.5;;;;;;;;;;;;;2.8;;;-1.6;;;;;1.0;;;;;;;;;;;;;-8.0;3.9;2.3;1.8;-0.9;;;;;;;;;;;;;;;;;;;;;;;;;;;;-5.4;;;;;;;;;;;;;;;;;;;;-0.5;;;;;3.6;3.1;8.4;1.1;1.2;-0.4;1.8;;8.6;3.4;2.3;6.4;3.3;1.5;8.8;3.9;5.0;0.8;2.4;2.5;-0.8;0.0;;1.0;6.0;;3.5;;;2.2;;;2.6;;3.4;;;;-0.3;;;;;0.9;;-3.0;1.4;1.8;;;;;;;;;;;2.6;;;2.8;;;;;;;;;;;;;;;;;;;;;;;;;;;-3.7;;-3.1;;;;;;;;;;;;;;;;;;;;;;;;;;;4.3;3.2;;;-2.6;4.4;3.4;2.2;0.4;;;8.9;;;;;-0.9;;0.4;;;;;;;;;0.6;;1.1;;;;;;;;;;;-0.2;;;;;;;;;;1.0;;;;;;;;;;;;;;;;;;;;;;;;;-3.9;-3.4;;-1.1;;6.3;0.1;2.5;0.9;0.6;;;;;;;;;;;;;;;;;;;;;;;-2.5;2.7;;0.6;8.3;;;-5.8;-2.5;4.6
2025-05-16;;3.7;;;;;-6.7;-1.2;;-2.6;;;;;;2.4;;;;;-2.8;;-6.2;;-1.4;;;;;;;;;;;;;2.9;;;-1.7;;;;;0.8;;;;;;;;;;;;;-7.9;3.9;2.4;1.9;-1.1;;;;;;;;;;;;;;;;;;;;;;;;;;;;-5.4;;;;;;;;;;;;;;;;;;;;-0.5;;;;;3.7;3.1;8.4;1.1;1.3;-0.4;1.8;;8.6;3.5;2.3;6.4;3.3;1.5;8.8;4.0;5.0;0.8;2.5;2.5;-0.8;0.1;;1.0;6.0;;3.6;;;2.2;;;2.6;;3.4;;;;-0.2;;;;;1.0;1.1;-2.9;1.3;1.9;;;;;;;;;;;2.6;;;2.8;;;;;;;;;;;;;;;;;;;;;;;;;;;-3.7;;-3.2;;;;;;;;;;;;;;;;;;;;;-2.8;-0.7;-1.1;3.8;5.1;;4.2;3.1;;;-2.9;4.5;3.4;2.4;0.4;;;8.9;;;;;-1.2;;0.4;;;;;;;;;0.6;;1.2;;;;;;;;;;;-0.2;;;;;;;;;;0.9;;;;;;;;;;;;;;;;;;;;;;;;;-3.8;-3.4;;-1.0;;6.3;0.0;2.6;1.0;0.6;;;;;;;;;;;;;;;;;;;;;;;-2.5;2.8;;0.6;8.4;;;-5.9;-2.4;4.7
2025-05-17;;3.7;;;;;-6.7;-1.2;;-2.6;;;;;;2.4;;;;;-2.8;;-6.2;;-1.4;3.2;;;;;;;;;;;;2.8;;;-1.7;;;;;0.7;;;;;;;;;;;;;-7.9;3.9;2.3;1.9;-1.1;;;;;;;;;;;;;;;;;;;;;;;;;;;;-5.4;;;;;;;;;;;;;;;;;;;;-0.5;;;;;3.7;3.1;8.4;1.1;1.3;-0.4;1.8;;8.5;3.5;2.3;6.4;3.2;1.5;8.8;4.0;5.0;0.8;2.4;2.5;-0.9;0.1;;1.0;6.1;;3.7;;;2.1;;;2.5;;3.3;;;;-0.2;;;;;1.0;1.1;-2.9;1.2;2.0;;;;;;;;;;;2.5;;;2.8;;;;;;;;;;;;;;;;;;;;;;;;;;;-3.7;;-3.3;;;;;;;;;;;;;;;;;;;;;-2.7;-0.7;;3.8;5.1;;4.2;3.1;;;-3.0;4.5;3.4;2.5;0.4;;;8.9;;;;;-1.4;;0.4;;;;;;;;;0.5;;1.3;;;;;;;;;;;-0.1;;;;;;;;;;1.2;;;;;;;;;;;;;;;;;;;;;;;;;-3.7;-3.3;;-0.8;;6.4;0.0;2.6;0.9;0.6;;;;;;;;;;;;;;;;;;;;;;;-2.6;2.7;;0.4;8.4;;;-5.9;-2.4;4.7
2025-05-18;;3.7;;;;;-6.7;-1.1;;-2.5;;;;;;2.5;;;;;-2.8;;-6.1;;-1.4;3.2;;;;;;;;;;;;2.8;;;-1.6;;;;;0.7;;;;;;;;;;;;;-7.9;3.9;2.4;1.8;-1.1;;;;;;;;;;;;;;;;;;;;;;;;;;;;-5.6;;;;;;;;;;;;;;;;;;;;-0.6;;;;;3.7;3.1;8.5;1.3;1.4;-0.4;1.7;;8.6;3.7;2.4;6.4;3.3;1.5;8.9;4.1;5.1;0.8;2.5;2.5;-0.9;0.1;5.2;1.0;6.2;;3.8;;;2.2;;;2.6;;3.4;;;;-0.3;;;;;0.9;1.1;-3.0;1.1;2.1;;;;;;;;;;;2.5;;;2.9;;;;;;;;;;;;;;;;;;;;;;;;;;;-3.8;;-3.3;;;;;;;;;;;;;;;;;;;;;-2.7;-0.7;;3.8;5.2;;4.2;3.0;;;-3.1;4.5;3.3;2.5;0.3;;;8.8;;;;;-1.6;;0.4;;;;;;;;;0.4;;1.4;;;;;;;;;;;-0.1;;;;;;;;;;1.6;;;;;;;;;;;;;;;;;;;;;;;;;-3.8;-3.5;;-0.8;;6.4;0.1;2.6;1.0;0.7;;;;;;;;;;;;;;;;;;;;;;;-2.5;2.7;;0.2;8.4;;;-5.9;-2.4;4.8
2025-05-19;;3.7;;;;;-6.7;-1.2;;-2.6;;;;;;2.5;;;;;-2.8;;-5.9;;-1.4;3.2;;;;;;;;;;;;2.8;;;-1.7;;;;;0.8;;;;;;;;;;;;;-8.0;3.9;2.3;1.9;-1.1;;;;;;;;;;;;;;;;;;;;;;;;;;;;-5.6;;;;;;;;;;;;;;;;;;;;-0.6;;;;;3.7;3.1;8.5;1.4;1.4;-0.4;1.8;;8.7;3.8;2.6;6.5;3.3;1.7;8.9;4.1;5.3;0.8;2.5;2.6;-0.8;0.0;5.3;1.1;6.2;;3.8;;;2.1;;;2.6;;3.4;;;;-0.2;;;;;0.9;1.0;-3.0;1.1;2.1;;;;;;;;;;;2.5;;;2.8;;;;;;;;;;;;;;;;;;;;;;;;;;;-3.9;;-3.3;;;;;;;;;;;;;;;;;;;;;-2.8;-0.7;-1.2;3.8;5.1;;4.3;3.0;;;-3.3;4.5;3.3;2.7;0.4;;;8.8;;;;;-1.8;;0.4;;;;;;;;;0.4;;1.5;;;;;;;;;;;-0.1;;;;;;;;;;1.7;;;;;;;;;;;;;;;;;;;;;;;;;-3.8;-3.5;;-0.8;;6.4;0.1;2.6;1.1;0.7;;;;;;;;;;;;;;;;;;;;;;;-2.5;2.7;;0.1;8.4;;;-5.9;-2.4;4.9
2025-05-20;;3.8;;;;;;-1.2;;-2.6;;;;;;2.5;;;;;-2.8;;;;-1.3;3.3;;;;;;;;;;;;2.9;;;-1.7;;;;;0.8;;;;;;;;;;;;;-8.0;3.9;2.3;1.8;-1.1;;;;;;;;;;;;;;;;;;;;;;;;;;;;-5.7;;;;;;;;;;;;;;;;;;;;-0.6;;;;;3.7;;8.5;;;;;;8.7;3.8;2.8;6.5;3.5;1.7;8.9;4.1;5.2;0.8;2.7;2.6;-0.8;;5.4;1.0;6.2;;3.8;;;2.1;;;2.6;;3.4;;;;-0.2;;;;;;1.0;-3.0;1.0;2.2;;;;;;;;;;;2.5;;;2.8;;;;;;;;;;;;;;;;;;;;;;;;;;;-3.9;;-3.2;;;;;;;;;;;;;;;;;;;;;-2.8;-0.6;-1.1;3.8;5.1;;4.3;3.0;;;-3.3;4.4;3.4;2.8;0.3;;;8.8;;;;;-2.0;;0.3;;;;;;;;;0.3;;1.6;;;;;;;;;;;-0.1;;;;;;;;;;1.7;;;;;;;;;;;;;;;;;;;;;;;;;-3.7;-3.7;;-0.8;;6.4;0.0;2.5;1.1;0.8;;;;;;;;;;;;;;;;;;;;;;;-2.5;2.7;;0.1;8.3;;;-5.9;-2.4;4.8
2025-05-21;;3.8;;;;;;-1.3;;-2.6;;;;;;2.6;;;;;-2.8;;-5.7;;-1.4;3.3;;;;;;;;;;;;2.9;;;-1.7;;;;;0.8;;;;;;;;;;;;;-7.9;3.9;2.3;1.8;-1.2;;;;;;;;;;;;;;;;;;;;;;;;;;;;-5.8;;;;;;;;;;;;;;;;;;;;-0.5;;;;;3.8;;8.6;;;;;;8.6;;2.9;6.5;3.5;1.7;8.8;4.2;5.3;;2.8;2.5;-0.9;;5.4;1.0;6.2;;3.7;;;2.0;;;2.6;;3.3;;;;-0.1;;;;;;0.9;-3.0;1.0;;;;;;;;;;;;;;;;;;;;;;;;;;;;;;;;;;;;;;;;;;-4.0;;-3.2;;;;;;;;;;;;;;;;;;;;;-2.7;-0.6;-1.1;3.8;5.2;;4.2;3.2;;;-3.3;4.3;3.3;3.1;0.3;;;8.8;;;;;-2.3;;0.2;;;;;;;;;0.3;;1.7;;;;;;;;;;;-0.1;;;;;;;;;;1.7;;;;;;;;;;;;;;;;;;;;;;;;;-3.7;-3.7;;-0.8;;6.3;-0.1;2.6;1.2;0.8;;;;;;;;;;;;;;;;;;;;;;;-2.4;2.7;;0.0;8.3;;;-5.9;-2.3;4.8
2025-05-22;;3.8;;;;;;-1.2;;-2.5;;;;;;2.6;;;;;-2.8;;-5.7;;-1.3;3.2;;;;;;;;;;;;2.9;;;-1.6;;;;;0.9;;;;;;;;;;;;;-7.9;;;;;;;;;;;;;;;;;;;;;;;;;;;;;;;;-5.8;;;;;;;;;;;;;;;;;;;;-0.5;;;;;3.8;;8.6;;;;;;8.6;;2.9;6.5;3.4;1.8;8.9;4.3;5.3;;2.7;2.7;-0.8;;5.6;1.0;6.4;;3.5;;;2.0;;;2.6;;3.3;;;;0.0;;;;;0.6;0.9;-3.2;1.0;;;;;;;;;;;;;;;;;;;;;;;;;;;;;;;;;;;;;;;;;;-4.0;;-3.2;;;;;;;;;;;;;;;;;;;;;-2.7;-0.6;-0.9;3.8;5.2;;4.2;3.4;;;-3.4;4.3;3.4;3.3;0.2;;;8.9;;;;;-2.5;;0.0;;;;;;;;;0.1;;2.0;;;;;;;;;;;-0.1;;;;;;;;;;1.8;;;;;;;;;;;;;;;;;;;;;;;;;-3.7;-3.3;;-0.7;;6.4;0.1;;;1.0;;;;;;;;;;;;;;;;;;;;;;;-2.4;2.7;;0.0;8.3;;;-5.9;-2.4;4.7
2025-05-23;;3.7;;;;;-6.6;-1.2;;-2.5;;;;;;2.8;;;;;-2.7;;-5.7;;-1.3;3.1;;;;;;;;;;;;2.8;;;-1.6;;;;;0.8;;;;;;;;;;;;;-7.9;;;;;;;;;;;;;;;;;;;;;;;;;;;;;;;;-5.8;;;;;;;;;;;;;;;;;;;;-0.5;;;;;3.9;;7.2;;;;;;8.6;;2.9;6.5;3.4;1.8;8.9;;5.3;;2.7;2.6;-1.0;;5.5;1.0;6.5;;;;;;;;2.6;;3.3;;;;0.0;;;;;0.6;0.8;-3.2;0.9;;;;;;;;;;;;;;;;;;;;;;;;;;;;;;;;;;;;;;;;;;-4.0;;-3.3;;;;;;;;;;;;;;;;;;;;;-2.7;-0.5;-1.0;3.8;5.2;;4.2;3.2;;;-3.4;4.3;3.3;3.5;0.1;;;8.9;;;;;-2.8;;-0.1;;;;;;;;;0.1;;2.0;;;;;;;;;;;-0.1;;;;;;;;;;1.8;;;;;;;;;;;;;;;;;;;;;;;;;-3.7;-3.1;;-0.6;;6.5;0.2;;;0.9;;;;;;;;;;;;;;;;;;;;;;;-2.4;2.7;;0.0;8.3;;;-5.9;-2.4;4.7
2025-05-24;;3.7;;;;;-6.6;-1.3;;-2.6;;;;;;2.9;;;;;-2.8;;-5.7;;-1.4;3.1;;;;;;;;;;;;2.8;;;-1.7;;;;;0.7;;;;;;;;;;;;;-7.9;;;;;;;;;;;;;;;;;;;;;;;;;;;;;;;;-5.8;;;;;;;;;;;;;;;;;;;;-0.6;;;;;3.8;;7.2;;;;;;8.7;;2.8;6.5;3.4;1.7;8.9;;5.4;;2.7;2.6;-1.0;;5.5;1.0;6.5;;;;;;;;2.6;;3.2;;;;-0.1;;;;;0.6;0.8;-3.1;1.0;;;;;;;;;;;;;;;;;;;;;;;;;;;;;;;;;;;;;;;;;;-4.1;;-3.3;;;;;;;;;;;;;;;;;;;;;-2.7;-0.5;-1.1;;5.2;;;3.3;;;-3.5;4.3;3.3;3.8;0.1;;;8.8;;;;;-3.1;;-0.1;;;;;;;;;0.0;;2.0;;;;;;;;;;;0.0;;;;;;;;;;1.8;;;;;;;;;;;;;;;;;;;;;;;;;-3.8;-2.9;;-0.4;;6.4;0.3;;;0.8;;;;;;;;;;;;;;;;;;;;;;;-2.5;2.7;;0.1;8.3;;;-5.9;-2.4;4.7
2025-05-25;;3.7;;;;;-6.6;-1.5;;-2.6;;;;;;2.7;;;;;-2.8;;-5.7;;-1.3;3.2;;;;;;;;;;;;2.9;;;-1.6;;;;;0.7;;;;;;;;;;;;;-8.0;;;;;;;;;;;;;;;;;;;;;;;;;;;;;;;;-5.7;;;;;;;;;;;;;;;;;;;;-0.6;;;;;3.7;;7.3;;;;;;8.7;;2.7;6.4;3.3;1.7;8.8;;5.4;;2.5;2.6;-1.0;;5.4;1.0;6.4;;;;;;;;2.6;;3.1;;;;-0.1;;;;;0.6;0.9;-3.1;1.1;;;;;;;;;;;;;;;;;;;;;;;;;;;;;;;;;;;;;;;;;;-4.1;;-3.4;;;;;;;;;;;;;;;;;;;;;-2.7;-0.5;-1.1;;5.2;;;3.5;;;-3.7;4.3;3.3;4.0;0.1;;;8.8;;;;;-3.3;;-0.2;;;;;;;;;-0.1;;2.1;;;;;;;;;;;0.0;;;;;;;;;;1.8;;;;;;;;;;;;;;;;;;;;;;;;;-3.7;-2.6;;-0.5;;6.4;0.2;;;0.7;;;;;;;;;;;;;;;;;;;;;;;-2.5;2.6;;0.2;8.3;;;-6.0;-2.4;4.7
2025-05-26;;3.7;;;;;-6.4;-1.5;;-2.6;;;;;;2.8;;;;;-2.7;;-5.7;;-1.2;3.2;;;;;;;;;;;;2.9;;;-1.7;;;;;0.6;;;;;;;;;;;;;;;;;;;;;;;;;;;;;;;;;;;;;;;;;;;;;-5.7;;;;;;;;;;;;;;;;;;;;-0.6;;;;;3.7;;6.3;;;;;;8.7;;2.8;6.4;3.2;1.7;8.8;;5.5;;2.6;2.6;-1.0;;5.6;1.0;6.5;;;;;;;;2.7;;3.3;;;;-0.1;;;;;0.8;0.9;-3.0;1.2;;;;;;;;;;;;;;;;;;;;;;;;;;;;;;;;;;;;;;;;;;-4.0;;-3.2;;;;;;;;;;;;;;;;;;;;;-2.6;-0.4;-1.1;;5.2;;;3.7;;;-3.7;4.3;3.3;4.2;0.1;;;8.9;;;;;-3.2;;-0.2;;;;;;;;;-0.2;;2.0;;;;;;;;;;;0.0;;;;;;;;;;1.8;;;;;;;;;;;;;;;;;;;;;;;;;-3.6;-2.1;;-0.5;;6.5;0.2;;;0.5;;;;;;;;;;;;;;;;;;;;;;;-2.5;2.6;;0.2;8.3;;;-5.9;-2.4;4.7
2025-05-27;;3.7;;;;;-6.0;-1.4;;-2.6;;;;;;2.8;;;;;-2.7;;-5.6;;-1.2;3.1;;;;;;;;;;;;2.9;;;-1.8;;;;;0.6;;;;;;;;;;;;;-8.0;;;;;;;;;;;;;;;;;;;;;;;;;;;;;;;;-5.7;;;;;;;;;;;;;;;;;;;;-0.7;;;;;3.6;;5.8;;;;;;8.7;;2.8;6.5;3.3;1.8;8.9;;5.4;;2.5;2.6;-1.0;;5.7;1.0;6.5;;;;;;;;2.6;;3.4;;;;-0.1;;;;;0.8;1.1;-3.0;1.3;;;;;;;;;;;;;;;;;;;;;;;;;;;;;;;;;;;;;;;;;;-4.0;;-3.2;;;;;;;;;;;;;;;;;;;;;-2.6;-0.4;-1.1;3.8;5.1;;;3.7;;;-3.7;4.3;3.3;4.2;0.1;;;9.0;;;;;-3.2;;-0.2;;;;;;;;;-0.2;;2.0;;;;;;;;;;;0.1;;;;;;;;;;1.7;;;;;;;;;;;;;;;;;;;;;;;;;-3.5;-2.1;;-0.5;;6.4;0.3;;;0.7;;;;;;;;;;;;;;;;;;;;;;;-2.4;2.7;;0.2;8.3;;;-6.0;-2.5;4.7
2025-05-28;;3.6;;;;;-6.1;-1.4;;-2.6;;;;;;2.9;;;;;-2.8;;-5.6;;-1.1;3.1;;;;;;;;;;;;2.8;;;-1.7;;;;;0.5;;;;;;;;;;;;;-8.0;;;;;;;;;;;;;;;;;;;;;;;;;;;;;;;;-5.7;;;;;;;;;;;;;;;;;;;;-0.7;;;;;3.6;;5.9;;;;;;8.7;;2.8;6.5;3.3;1.8;9.0;;5.4;;2.5;2.6;-0.9;;5.7;1.0;6.5;;;;;;;;2.7;;3.4;;;;-0.1;;;;;0.9;1.2;-2.9;1.4;;;;;;;;;;;;;;;;;;;;;;;;;;;;;;;;;;;;;;;;;;-4.0;;-3.3;;;;;;;;;;;;;;;;;;;;;-2.7;-0.4;-1.1;;5.1;;;3.7;;;-3.8;4.3;3.3;4.2;0.1;;;9.1;;;;;-3.1;;-0.3;;;;;;;;;-0.2;;2.0;;;;;;;;;;;0.0;;;;;;;;;;1.8;;;;;;;;;;;;;;;;;;;;;;;;;-3.5;-2.0;;-0.6;;6.5;0.4;;;0.7;;;;;;;;;;;;;;;;;;;;;;;-2.5;2.7;;0.3;8.3;;;-6.0;-2.5;4.5
2025-05-29;;3.6;;;;;-5.6;-1.4;;-2.7;;;;;;2.9;;;;;-2.8;;-5.7;;-1.2;3.1;;;;;;;;;;;;3.0;;;-1.7;;;;;0.5;;;;;;;;;;;;;-7.9;;;;;;;;;;;;;;;;;;;;;;;;;;;;;;;;-5.7;;;;;;;;;;;;;;;;;;;;-0.7;;;;;3.8;;6.1;;;;;;8.7;;2.8;6.6;3.4;1.9;8.9;;5.5;;2.6;2.7;-0.9;;5.7;1.1;6.5;;;;;;;;2.8;;3.4;;;;0.0;;;;;0.8;1.3;-3.0;1.4;;;;;;;;;;;;;;;;;;;;;;;;;;;;;;;;;;;;;;;;;;-4.0;;-3.3;;;;;;;;;;;;;;;;;;;;;-2.8;-0.5;-1.0;;5.2;;4.2;3.6;;;-3.8;4.3;3.2;4.2;0.1;;;9.1;;;;;-3.0;;-0.5;;;;;;;;;-0.1;;2.1;;;;;;;;;;;0.1;;;;;;;;;;1.9;;;;;;;;;;;;;;;;;;;;;;;;;-3.5;-1.8;;-0.5;;6.4;0.5;;;0.7;;;;;;;;;;;;;;;;;;;;;;;-2.5;2.7;0.2;0.3;8.3;;;-6.0;-2.5;4.5
2025-05-30;;3.7;;;;;-5.2;-1.6;;-2.7;;;;;;2.8;;;;;-2.8;;-5.6;;-1.1;3.0;;;;;;;;;;;;2.9;;;-1.7;;;;;0.4;;;;;;;;;;;;;-7.8;;;;;;;;;;;;;;;;;;;;;;;;;;;;;;;;-5.6;;;;;;;;;;;;;;;;;;;;;;;;;3.9;;5.2;;;;;;8.8;;2.7;6.7;3.6;1.9;8.9;;5.5;;2.7;2.8;-0.8;;5.9;1.1;6.5;;;;;;;;2.8;;3.4;;;;0.0;;;;;0.7;1.4;-3.1;1.3;;;;;;;;;;;;;;;;;;;;;;;;;;;;;;;;;;;;;;;;;;-4.1;;-3.4;;;;;;;;;;;;;;;;;;;;;-2.8;-0.5;-1.1;;5.2;;4.2;3.6;;;-3.8;4.3;3.2;4.2;0.1;;;9.1;;;;;-2.9;;-0.7;;;;;;;;;-0.1;;2.0;;;;;;;;;;;0.1;;;;;;;;;;1.9;;;;;;;;;;;;;;;;;;;;;;;;;-3.4;-1.6;;-0.4;;6.4;0.6;;;0.9;;;;;;;;;;;;;;;;;;;;;;;-2.5;2.7;0.3;0.5;8.3;;;-6.0;-2.6;4.5
2025-05-31;;3.7;;;;;-4.9;-1.8;;-2.8;;;;;;2.8;;;;;-2.9;;-5.6;;-1.0;3.0;;;;;;;;;;;;2.9;;;-1.7;;;;;0.4;;;;;;;;;;;;;-7.7;;;;;;;;;;;;;;;;;;;;;;;;;;;;;;;;-5.5;;;;;;;;;;;;;;;;;;;;;;;;;4.0;;5.3;;;;;;8.7;;2.9;6.7;3.6;2.0;8.9;;5.6;;2.7;2.8;-0.8;;5.8;1.2;6.5;;;;;;;;2.9;;3.5;;;;0.0;;;;;0.7;1.5;;;;;;;;;;;;;;;;;;;;;;;;;;;;;;;;;;;;;;;;;;;;-4.1;;-3.5;;;;;;;;;;;;;;;;;;;;;-2.7;-0.4;-1.1;;5.2;;4.2;3.6;;;-3.8;4.3;3.1;4.4;0.0;;;9.1;;;;;-2.9;;-0.8;;;;;;;;;-0.1;;1.9;;;;;;;;;;;0.1;;;;;;;;;;1.9;;;;;;;;;;;;;;;;;;;;;;;;;-3.5;-1.5;;-0.4;;6.4;0.5;;;1.0;;;;;;;;;;;;;;;;;;;;;;;-2.5;2.7;0.4;0.6;8.4;;;-6.0;-2.5;4.4
2025-06-01;;3.7;;;;;-4.3;-2.1;;;;;;;;2.8;;;;;-3.0;;-5.7;;-1.1;2.9;;;;;;;;;;;;2.9;;;-1.7;;;;;0.4;;;;;;;;;;;;;-7.7;;;;;;;;;;;;;;;;;;;;;;;;;;;;;;;;-5.5;;;;;;;;;;;;;;;;;;;;;;;;;4.1;;4.5;;;;;;8.9;;3.1;6.9;3.7;2.2;9.0;;5.6;;2.8;2.9;-0.7;;6.0;1.2;6.6;;;;;;;;2.9;;3.6;;;;0.1;;;;;0.6;1.4;;1.3;;;;;;;;;;;;;;;;;;;;;;;;;;;;;;;;;;;;;;;;;;-4.1;;-3.6;;;;;;;;;;;;;;;;;;;;;-2.7;-0.4;-1.1;;5.1;;4.3;3.8;;;-3.9;4.3;3.1;4.4;0.0;;;9.3;;;;;-2.8;;-0.8;;;;;;;;;-0.2;;2.0;;;;;;;;;;;0.2;;;;;;;;;;2.0;;;;;;;;;;;;;;;;;;;;;;;;;-3.4;-1.4;;-0.4;;6.5;0.6;;;1.1;;;;;;;;;;;;;;;;;;;;;;;-2.5;2.7;0.4;0.8;8.4;;;-6.0;-2.6;4.4
2025-06-02;;3.7;;;;;-2.0;-2.3;;;;;;;;2.8;;;;;-3.0;;-5.7;;-1.0;2.8;;;;;;;;;;;;2.9;;;-1.8;;;;;0.2;;;;;;;;;;;;;;;;;;;;;;;;;;;;;;;;;;;;;;;;;;;;;-5.6;;;;;;;;;;;;;;;;;;;;;;;;;4.1;;4.5;;;;;;9.0;;3.1;7.0;3.9;2.2;9.1;;5.6;;3.0;3.0;-0.5;;6.2;1.3;6.7;;;;;;;;2.9;;3.6;;;;0.1;;;;;0.6;1.4;;1.3;;;;;;;;;;;;;;;;;;;;;;;;;;;;;;;;;;;;;;;;;;-4.1;;-3.8;;;;;;;;;;;;;;;;;;;;;-2.8;-0.4;-1.0;;5.1;;4.3;3.9;;;-3.9;4.2;3.2;4.4;0.0;;;9.2;;;;;-2.7;;-0.9;;;;;;;;;-0.4;;2.1;;;;;;;;;;;0.1;;;;;;;;;;1.9;;;;;;;;;;;;;;;;;;;;;;;;;-3.4;-1.6;;-0.5;;6.6;0.6;;;1.2;;;;;;;;;;;;;;;;;;;;;;;-2.5;2.7;;0.8;8.4;;;-6.0;-2.6;4.4
2025-06-03;;3.6;;;;;-1.9;-2.1;;;;;;;;2.6;;;;;-3.0;;-5.6;;-1.0;2.8;;;;;;;;;;;;3.0;;;-1.7;;;;;0.3;;;;;;;;;;;;;;;;;;;;;;;;;;;;;;;;;;;;;;;;;;;;;-5.5;;;;;;;;;;;;;;;;;;;;;;;;;4.2;;4.5;;;;;;9.0;;3.1;7.1;3.9;2.3;9.1;;5.7;;3.1;3.2;-0.5;;6.2;1.3;6.7;;;;;;;;3.0;;3.7;;;;0.2;;;;;0.6;1.4;;1.3;;;;;;;;;;;;;;;;;;;;;;;;;;;;;;;;;;;;;;;;;;-4.1;;-3.8;;;;;;;;;;;;;;;;;;;;;-2.7;-0.5;-0.9;;5.1;;;3.9;;;-3.8;4.3;3.2;4.4;0.0;;;9.2;;;;;-2.6;;-0.9;;;;;;;;;-0.3;;2.2;;;;;;;;;;;0.2;;;;;;;;;;2.0;;;;;;;;;;;;;;;;;;;;;;;;;-3.4;-1.6;;-0.6;;6.6;0.5;;;1.1;;;;;;;;;;;;;;;;;;;;;;;-2.5;2.8;;1.0;8.4;;;-6.0;-2.6;4.5
2025-06-04;;3.6;;;;;-1.9;-2.1;;;;;;;;2.5;;;;;-3.0;;-5.6;;-1.1;2.8;;;;;;;;;;;;3.0;;;-1.7;;;;;0.3;;;;;;;;;;;;;;;;;;;;;;;;;;;;;;;;;;;;;;;;;;;;;-5.5;;;;;;;;;;;;;;;;;;;;;;;;;4.1;;4.5;;;;;;9.0;;3.1;7.1;3.9;2.3;9.1;;5.7;;3.1;3.2;-0.5;;6.1;1.3;6.7;;;;;;;;3.0;;3.8;;;;0.1;;;;;0.6;1.4;;1.3;;;;;;;;;;;;;;;;;;;;;;;;;;;;;;;;;;;;;;;;;;-4.0;;-3.9;;;;;;;;;;;;;;;;;;;;;-2.7;-0.5;-1.0;;5.0;;4.4;3.8;;;-3.7;4.4;3.2;4.4;0.0;;;9.2;;;;;-2.6;;-1.0;;;;;;;;;-0.4;;2.1;;;;;;;;;;;0.2;;;;;;;;;;2.0;;;;;;;;;;;;;;;;;;;;;;;;;-3.3;-1.9;;-0.7;;6.5;0.6;;;1.2;;;;;;;;;;;;;;;;;;;;;;;-2.6;2.8;;1.2;8.3;;;-6.0;-2.6;4.4
2025-06-05;;3.6;;;;;-1.8;-2.1;;;;;;;;2.5;;;;;-3.1;;-5.7;;-1.0;2.9;;;;;;;;;;;;2.9;;;-1.7;;;;;0.2;;;;;;;;;;;;;-7.7;;;;;;;;;;;;;;;;;;;;;;;;;;;;;;;;-5.5;;;;;;;;;;;;;;;;;;;;;;;;;4.1;;4.5;;;;;;9.0;;3.0;7.1;3.8;2.2;9.0;;5.5;;3.0;3.1;-0.6;;6.0;1.3;6.7;;;;;;;;3.1;;3.9;;;;0.2;;;;;0.7;1.4;;1.4;;;;;;;;;;;;;;;;;;;;;;;;;;;;;;;;;;;;;;;;;;-4.0;;-3.9;;;;;;;;;;;;;;;;;;;;;-2.7;-0.5;-1.0;;5.0;;4.5;3.9;;;-3.8;4.2;3.3;4.5;0.0;;;9.3;;;;;-2.4;;-1.0;;;;;;;;;-0.4;;2.1;;;;;;;;;;;0.2;;;;;;;;;;2.1;;;;;;;;;;;;;;;;;;;;;;;;;-3.4;-2.1;;-0.7;;6.4;0.5;;;1.1;;;;;;;;;;;;;;;;;;;;;;;-2.6;2.8;;1.4;8.4;;;-6.0;-2.7;4.4
2025-06-06;;3.6;;;;;-1.7;-2.1;;;;;;;;2.5;;;;;-3.0;;-5.7;;-1.1;2.9;;;;;;;;;;;;2.8;;;-1.7;;;;;0.3;;;;;;;;;;;;;-7.5;;;;;;;;;;;;;;;;;;;;;;;;;;;;;;;;-5.5;;;;;;;;;;;;;;;;;;;;;;;;;4.1;;4.5;;;;;;9.0;;3.1;7.0;3.7;2.1;9.0;;5.4;;3.1;3.1;-0.6;;6.0;1.2;6.7;;;;;;;;3.2;;3.9;;;;0.1;;;;;0.8;1.5;;1.4;;;;;;;;;;;;;;;;;;;;;;;;;;;;;;;;;;;;;;;;;;-3.9;;-3.8;;;;;;;;;;;;;;;;;;;;;-2.7;-0.4;-0.9;;5.0;;4.5;;;;-3.8;4.3;3.3;4.4;0.0;;;9.3;;;;;-2.4;;-0.9;;;;;;;;;-0.5;;2.1;;;;;;;;;;;;;;;;;;;;;2.2;;;;;;;;;;;;;;;;;;;;;;;;;;;;;;6.4;0.5;;;1.0;;;;;;;;;;;;;;;;;;;;;;;-2.6;2.7;;1.5;;;;-6.1;-2.7;4.4
2025-06-07;;;;;;;-1.7;-2.1;;;;;;;;2.4;;;;;-3.1;;-5.8;;-1.1;3.0;;;;;;;;;;;;2.8;;;-1.7;;;;;0.4;;;;;;;;;;;;;-7.7;;;;;;;;;;;;;;;;;;;;;;;;;;;;;;;;-5.4;;;;;;;;;;;;;;;;;;;;;;;;;;;4.6;;;;;;9.0;;3.0;7.0;3.7;2.2;9.1;;5.4;;3.0;3.1;-0.6;;5.8;1.2;6.6;;;;;;;;3.2;;3.9;;;;0.1;;;;;0.8;1.5;;1.5;;;;;;;;;;;;;;;;;;;;;;;;;;;;;;;;;;;;;;;;;;-3.9;;-3.6;;;;;;;;;;;;;;;;;;;;;-2.7;-0.3;-0.9;;5.1;;4.5;;;;-3.9;4.3;3.3;4.4;0.0;;;9.3;;;;;-2.2;;-0.8;;;;;;;;;-0.5;;2.0;;;;;;;;;;;;;;;;;;;;;2.1;;;;;;;;;;;;;;;;;;;;;;;;;;;;;;6.4;0.5;;;0.9;;;;;;;;;;;;;;;;;;;;;;;-2.5;2.7;;1.6;;;;-6.1;-2.7;
2025-06-08;;;;;;;-1.6;-2.0;;;;;;;;2.4;;;;;-3.1;;-5.9;;-1.1;2.9;;;;;;;;;;;;3.0;;;-1.8;;;;;0.4;;;;;;;;;;;;;-7.7;;;;;;;;;;;;;;;;;;;;;;;;;;;;;;;;-5.4;;;;;;;;;;;;;;;;;;;;;;;;;;;4.6;;;;;;9.1;;2.9;7.0;3.9;2.2;9.1;;5.5;;3.1;3.2;-0.5;;6.0;1.2;6.6;;;;;;;;3.3;;3.9;;;;0.2;;;;;0.9;1.5;;1.5;;;;;;;;;;;;;;;;;;;;;;;;;;;;;;;;;;;;;;;;;;-3.9;;-3.6;;;;;;;;;;;;;;;;;;;;;-2.7;-0.4;-0.9;;5.1;;4.5;;;;-3.9;4.3;3.2;4.5;0.0;;;9.3;;;;;-2.2;;-0.8;;;;;;;;;-0.6;;2.0;;;;;;;;;;;;;;;;;;;;;2.1;;;;;;;;;;;;;;;;;;;;;;;;;;;;;;6.3;0.4;;;0.9;;;;;;;;;;;;;;;;;;;;;;;-2.5;2.6;;1.6;;;;-6.0;-2.7;
2025-06-09;;;;;;;-1.5;-1.9;;;;;;;;2.3;;;;;-3.1;;-6.0;;-1.2;2.9;;;;;;;;;;;;3.0;;;-1.8;;;;;0.4;;;;;;;;;;;;;-7.7;;;;;;;;;;;;;;;;;;;;;;;;;;;;;;;;-5.4;;;;;;;;;;;;;;;;;;;;;;;;;;;4.7;;;;;;9.0;;2.9;7.0;3.9;2.1;9.0;;5.4;;3.0;3.1;-0.5;;5.9;1.2;6.6;;;;;;;;3.3;;4.0;;;;0.2;;;;;0.9;1.5;;1.4;;;;;;;;;;;;;;;;;;;;;;;;;;;;;;;;;;;;;;;;;;-3.8;;-3.6;;;;;;;;;;;;;;;;;;;;;-2.8;-0.5;-1.0;;5.1;;4.5;;;;-3.9;4.3;3.2;4.4;0.0;;;9.1;;;;;-2.2;;-0.7;;;;;;;;;-0.7;;1.9;;;;;;;;;;;;;;;;;;;;;2.1;;;;;;;;;;;;;;;;;;;;;;;;;;;;;;6.4;0.3;;;0.9;;;;;;;;;;;;;;;;;;;;;;;-2.5;2.7;;1.6;;;;-6.0;-2.8;
2025-06-10;;;;;;;-1.5;-1.7;;;;;;;;2.1;;;;;-3.0;;-6.1;;-1.3;2.7;;;;;;;;;;;;2.9;;;-1.8;;;;;0.4;;;;;;;;;;;;;;;;;;;;;;;;;;;;;;;;;;;;;;;;;;;;;-5.5;;;;;;;;;;;;;;;;;;;;;;;;;;;4.5;;;;;;9.0;;3.0;7.0;4.0;2.3;9.0;;5.5;;3.0;3.1;-0.4;;5.9;1.2;6.5;;;;;;;;3.4;;4.0;;;;0.2;;;;;1.0;1.4;-3.1;1.3;;;;;;;;;;;;;;;;;;;;;;;;;;;;;;;;;;;;;;;;;;-3.7;;-3.7;;;;;;;;;;;;;;;;;;;;;-2.8;-0.5;-1.0;;5.1;;4.5;;;;-3.9;4.3;3.3;4.5;0.0;;;9.0;;;;;-2.3;;-0.6;;;;;;;;;-0.7;;1.8;;;;;;;;;;;;;;;;;;;;;;;;;;;;;;;;;;;;;;;;;;;;;;;;;;;6.3;0.4;;;0.8;;;;;;;;;;;;;;;;;;;;;;;-2.4;2.7;;1.6;;;;-6.0;-2.7;
2025-06-11;;;;;;;-1.6;-1.7;;;;;;;;2.0;;;;;-3.1;;-6.2;;-1.3;2.7;;;;;;;;;;;;2.9;;;-1.9;;;;;0.5;;;;;;;;;;;;;;;;;;;;;;;;;;;;;;;;;;;;;;;;;;;;;-5.6;;;;;;;;;;;;;;;;;;;;;;;;;;;4.6;;;;;;9.1;;2.9;7.1;4.0;2.3;9.0;;5.6;;3.1;3.2;-0.2;;5.9;1.3;6.5;;;;;;;;3.5;;4.1;;;;0.2;;;;;1.0;1.4;-2.8;1.3;;;;;;;;;;;;;;;;;;;;;;;;;;;;;;;;;;;;;;;;;;-3.7;;-3.7;;;;;;;;;;;;;;;;;;;;;-2.9;-0.4;-1.0;;5.1;;4.6;;;;-3.7;4.3;3.4;4.5;0.0;;;9.0;;;;;-2.3;;-0.5;;;;;;;;;-0.7;;1.9;;;;;;;;;;;;;;;;;;;;;;;;;;;;;;;;;;;;;;;;;;;;;;;;;;;6.3;;;;0.8;;;;;;;;;;;;;;;;;;;;;;;-2.5;2.7;;1.5;;;;-6.0;-2.7;
2025-06-12;;;;;;;-1.7;-1.6;;;;;;;;1.9;;;;;-3.1;;-6.3;;-1.3;2.9;;;;;;;;;;;;2.9;;;-1.8;;;;;0.5;;;;;;;;;;;;;;;;;;;;;;;;;;;;;;;;;;;;;;;;;;;;;-5.5;;;;;;;;;;;;;;;;;;;;;;;;;;;4.6;;;;;;9.1;;2.7;7.2;4.0;2.3;9.0;;5.5;;3.1;;;;5.9;1.1;6.4;;;;;;;;3.6;;4.1;;;;0.1;;;;;1.0;1.4;-2.7;1.5;;;;;;;;;;;;;;;;;;;;;;;;;;;;;;;;;;;;;;;;;;-3.7;;-3.7;;;;;;;;;;;;;;;;;;;;;-2.9;-0.5;-1.0;;5.1;;4.6;;;;-3.6;4.2;3.5;4.4;0.1;;;9.1;;;;;-2.4;;-0.5;;;;;;;;;-0.7;;2.0;;;;;;;;;;;;;;;;;;;;;;;;;;;;;;;;;;;;;;;;;;;;;;;;;;;6.3;;;;0.8;;;;;;;;;;;;;;;;;;;;;;;-2.4;2.9;;1.5;;;;-6.0;-2.7;
2025-06-13;;;;;;;-1.7;-1.5;;;;;;;;1.7;;;;;-3.2;;-6.4;;-1.4;2.8;;;;;;;;;;;;2.9;;;-1.7;;;;;0.6;;;;;;;;;;;;;;;;;;;;;;;;;;;;;;;;;;;;;;;;;;;;;-5.6;;;;;;;;;;;;;;;;;;;;;;;;;;;4.6;;;;;;9.2;;2.9;7.3;;2.3;9.1;;5.6;;3.1;;;;5.9;;6.5;;;;;;;;3.6;;4.2;;;;0.0;;;;;0.8;1.4;-2.8;1.4;;;;;;;;;;;;;;;;;;;;;;;;;;;;;;;;;;;;;;;;;;-3.8;;-3.8;;;;;;;;;;;;;;;;;;;;;-2.9;-0.5;-1.0;;5.1;;4.6;;;;-3.5;4.1;3.5;4.4;0.0;;;9.1;;;;;-2.3;;-0.4;;;;;;;;;-0.7;;2.0;;;;;;;;;;;;;;;;;;;;;;;;;;;;;;;;;;;;;;;;;;;;;;;;;;;6.3;;;;0.9;;;;;;;;;;;;;;;;;;;;;;;-2.4;2.9;;1.5;;;;-5.9;-2.6;
2025-06-14;;;;;;;-1.6;-1.3;;;;;;;;1.6;;;;;-3.1;;-6.4;;-1.4;2.9;;;;;;;;;;;;2.9;;;-1.7;;;;;0.7;;;;;;;;;;;;;;;;;;;;;;;;;;;;;;;;;;;;;;;;;;;;;-5.5;;;;;;;;;;;;;;;;;;;;;;;;;;;4.5;;;;;;9.2;;2.9;7.3;;2.2;9.0;;5.5;;;;;;5.9;;6.6;;;;;;;;3.6;;4.2;;;;-0.1;;;;;0.8;1.5;-2.8;1.4;;;;;;;;;;;;;;;;;;;;;;;;;;;;;;;;;;;;;;;;;;-3.8;;-3.6;;;;;;;;;;;;;;;;;;;;;-2.9;-0.5;-1.0;;5.1;;4.6;;;;-3.4;4.2;3.5;4.4;0.0;;;9.1;;;;;-2.4;;-0.3;;;;;;;;;-0.6;;2.0;;;;;;;;;;;;;;;;;;;;;;;;;;;;;;;;;;;;;;;;;;;;;;;;;;;6.2;;;;0.9;;;;;;;;;;;;;;;;;;;;;;;-2.4;2.9;;1.5;;;;-5.9;-2.5;
2025-06-15;;;;;;;-1.6;-1.4;;;;;;;;1.5;;;;;-3.2;;-6.6;;-1.5;2.9;;;;;;;;;;;;2.9;;;-1.6;;;;;0.7;;;;;;;;;;;;;;;;;;;;;;;;;;;;;;;;;;;;;;;;;;;;;-5.5;;;;;;;;;;;;;;;;;;;;;;;;;;;4.5;;;;;;9.3;;2.9;7.2;;2.2;9.1;;5.6;;;;;;5.8;;6.7;;;;;;;;3.7;;4.2;;;;0.0;;;;;0.9;1.4;-2.9;1.3;;;;;;;;;;;;;;;;;;;;;;;;;;;;;;;;;;;;;;;;;;-3.6;;-3.5;;;;;;;;;;;;;;;;;;;;;-3.0;-0.5;-1.0;;5.1;;4.5;;;;-3.3;4.1;3.4;4.3;0.0;;;9.1;;;;;-2.4;;-0.3;;;;;;;;;-0.6;;2.0;;;;;;;;;;;;;;;;;;;;;;;;;;;;;;;;;;;;;;;;;;;;;;;;;;;6.2;;;;1.0;;;;;;;;;;;;;;;;;;;;;;;-2.4;3.0;;1.5;;;;-5.9;-2.6;
2025-06-16;;;;;;;-1.5;-1.4;;;;;;;;1.5;;;;;-3.1;;-6.8;;-1.5;2.9;;;;;;;;;;;;3.0;;;-1.6;;;;;0.6;;;;;;;;;;;;;;;;;;;;;;;;;;;;;;;;;;;;;;;;;;;;;-5.5;;;;;;;;;;;;;;;;;;;;;;;;;;;4.4;;;;;;9.2;;3.0;7.3;;2.2;9.1;;5.5;;;;;;5.8;;6.7;;;;;;;;3.7;;4.2;;;;0.0;;;;;1.0;1.5;-2.6;1.2;;;;;;;;;;;;;;;;;;;;;;;;;;;;;;;;;;;;;;;;;;-3.6;;-3.6;;;;;;;;;;;;;;;;;;;;;-3.0;-0.5;-1.1;;5.1;;4.5;;;;-3.2;4.1;3.4;4.2;0.0;;;9.1;;;;;-2.4;;-0.1;;;;;;;;;-0.6;;2.0;;;;;;;;;;;;;;;;;;;;;;;;;;;;;;;;;;;;;;;;;;;;;;;;;;;6.3;;;;1.0;;;;;;;;;;;;;;;;;;;;;;;-2.4;3.0;;1.6;;;;-5.9;-2.6;
2025-06-17;;;;;;;-1.5;-1.4;;;;;;;;1.5;;;;;-3.1;;-6.8;;-1.5;2.9;;;;;;;;;;;;2.9;;;-1.6;;;;;0.5;;;;;;;;;;;;;;;;;;;;;;;;;;;;;;;;;;;;;;;;;;;;;-5.4;;;;;;;;;;;;;;;;;;;;;;;;;;;4.3;;;;;;9.2;;3.0;7.3;;;;;5.5;;;;;;5.9;;6.7;;;;;;;;3.6;;4.1;;;;0.0;;;;;1.1;1.5;-2.5;1.2;;;;;;;;;;;;;;;;;;;;;;;;;;;;;;;;;;;;;;;;;;-3.6;;-3.4;;;;;;;;;;;;;;;;;;;;;-3.0;-0.5;-1.0;;5.1;;4.5;;;;-3.3;4.1;3.4;4.2;0.0;;;9.1;;;;;-2.4;;0.0;;;;;;;;;-0.6;;2.0;;;;;;;;;;;;;;;;;;;;;;;;;;;;;;;;;;;;;;;;;;;;;;;;;;;6.3;;;;1.0;;;;;;;;;;;;;;;;;;;;;;;-2.4;3.1;;1.5;;;;-5.9;-2.6;
2025-06-18;;;;;;;-1.5;-1.2;;;;;;;;1.5;;;;;-3.1;;-6.8;;-1.5;2.9;;;;;;;;;;;;2.9;;;-1.6;;;;;0.5;;;;;;;;;;;;;;;;;;;;;;;;;;;;;;;;;;;;;;;;;;;;;-5.5;;;;;;;;;;;;;;;;;;;;;;;;;;;4.3;;;;;;9.2;;3.1;;;;9.2;;5.4;;;;;;6.0;;6.9;;;;;;;;3.6;;4.1;;;;0.0;;;;;1.1;1.6;-2.5;1.2;;;;;;;;;;;;;;;;;;;;;;;;;;;;;;;;;;;;;;;;;;-3.5;;-3.3;;;;;;;;;;;;;;;;;;;;;-3.0;-0.5;-1.1;;5.1;;4.5;;;;-3.2;4.1;3.4;4.3;0.0;;;8.9;;;;;-2.5;;0.1;;;;;;;;;-0.6;;2.0;;;;;;;;;;;;;;;;;;;;;;;;;;;;;;;;;;;;;;;;;;;;;;;;;;;6.4;;;;1.0;;;;;;;;;;;;;;;;;;;;;;;-2.4;3.1;;1.5;;;;;-2.5;
2025-06-19;;;;;;;-1.4;-1.0;;;;;;;;1.6;;;;;-3.1;;-6.8;;-1.6;2.8;;;;;;;;;;;;2.9;;;-1.6;;;;;0.6;;;;;;;;;;;;;;;;;;;;;;;;;;;;;;;;;;;;;;;;;;;;;-5.5;;;;;;;;;;;;;;;;;;;;;;;;;;;4.3;;;;;;9.2;;3.1;7.3;;;9.1;;5.3;;;;;;6.0;;6.8;;;;;;;;3.6;;4.2;;;;0.0;;;;;1.3;1.6;-2.5;1.3;;;;;;;;;;;;;;;;;;;;;;;;;;;;;;;;;;;;;;;;;;-3.5;;-3.2;;;;;;;;;;;;;;;;;;;;;-3.0;-0.5;-1.1;;5.1;;4.4;;;;-3.0;4.1;3.4;4.1;;;;8.8;;;;;-2.5;;0.3;;;;;;;;;-0.6;;2.0;;;;;;;;;;;;;;;;;;;;;;;;;;;;;;;;;;;;;;;;;;;;;;;;;;;6.4;;;;1.0;;;;;;;;;;;;;;;;;;;;;;;-2.3;3.0;;1.5;;;;;-2.5;
2025-06-20;;;;;;;-1.4;-0.8;;;;;;;;1.5;;;;;-3.1;;-6.9;;-1.6;2.8;;;;;;;;;;;;2.9;;;-1.6;;;;;0.6;;;;;;;;;;;;;;;;;;;;;;;;;;;;;;;;;;;;;;;;;;;;;-5.6;;;;;;;;;;;;;;;;;;;;;;;;;;;4.3;;;;;;9.2;;2.9;7.1;;;9.2;;5.2;;;;;;6.0;;6.7;;;;;;;;3.5;;4.3;;;;0.0;;;;;1.3;1.6;-2.6;1.4;;;;;;;;;;;;;;;;;;;;;;;;;;;;;;;;;;;;;;;;;;-3.5;;-3.1;;;;;;;;;;;;;;;;;;;;;-3.0;-0.6;-1.1;;5.1;;4.5;;;;-2.9;4.0;3.4;4.0;0.0;;;8.8;;;;;-2.6;;0.4;;;;;;;;;-0.6;;2.1;;;;;;;;;;;;;;;;;;;;;;;;;;;;;;;;;;;;;;;;;;;;;;;;;;;6.4;;;;1.0;;;;;;;;;;;;;;;;;;;;;;;-2.3;3.0;;1.4;;;;;;
2025-06-21;;;;;;;-1.4;-0.7;;;;;;;;1.6;;;;;-3.1;;-7.0;;-1.6;2.8;;;;;;;;;;;;2.9;;;-1.7;;;;;0.7;;;;;;;;;;;;;;;;;;;;;;;;;;;;;;;;;;;;;;;;;;;;;-5.6;;;;;;;;;;;;;;;;;;;;;;;;;;;4.4;;;;;;9.2;;3.1;7.1;;;9.2;;5.2;;;;;;6.0;;6.6;;;;;;;;3.6;;4.3;;;;0.0;;;;;1.3;1.5;-2.6;1.4;;;;;;;;;;;;;;;;;;;;;;;;;;;;;;;;;;;;;;;;;;-3.5;;-3.3;;;;;;;;;;;;;;;;;;;;;-3.1;-0.6;-1.1;;5.1;;4.4;;;;-3.1;4.0;3.4;4.0;0.0;;;8.8;;;;;-2.5;;0.6;;;;;;;;;-0.6;;2.2;;;;;;;;;;;;;;;;;;;;;;;;;;;;;;;;;;;;;;;;;;;;;;;;;;;6.6;;;;1.1;;;;;;;;;;;;;;;;;;;;;;;-2.3;3.1;;1.4;;;;;;
2025-06-22;;;;;;;-1.4;-0.7;;;;;;;;1.7;;;;;-3.0;;-7.1;;-1.7;2.8;;;;;;;;;;;;2.7;;;-1.6;;;;;0.7;;;;;;;;;;;;;;;;;;;;;;;;;;;;;;;;;;;;;;;;;;;;;-5.6;;;;;;;;;;;;;;;;;;;;;;;;;;;4.4;;;;;;9.3;;3.3;7.2;;;9.1;;5.3;;;;;;6.1;;6.8;;;;;;;;3.6;;4.3;;;;-0.2;;;;;1.3;1.4;-2.5;1.4;;;;;;;;;;;;;;;;;;;;;;;;;;;;;;;;;;;;;;;;;;-3.4;;-3.3;;;;;;;;;;;;;;;;;;;;;-3.1;-0.7;-1.2;;5.1;;4.4;;;;-3.0;4.0;3.4;3.9;0.1;;;8.8;;;;;-2.5;;0.8;;;;;;;;;-0.7;;2.3;;;;;;;;;;;;;;;;;;;;;;;;;;;;;;;;;;;;;;;;;;;;;;;;;;;6.5;;;;1.2;;;;;;;;;;;;;;;;;;;;;;;-2.3;3.2;;1.4;;;;;;
2025-06-23;;;;;;;-1.4;-0.6;;;;;;;;1.6;;;;;-3.1;;-7.1;;-1.8;2.9;;;;;;;;;;;;2.7;;;-1.6;;;;;0.9;;;;;;;;;;;;;;;;;;;;;;;;;;;;;;;;;;;;;;;;;;;;;-5.5;;;;;;;;;;;;;;;;;;;;;;;;;;;4.5;;;;;;9.3;;3.2;;;;9.1;;5.3;;;;;;6.1;;6.8;;;;;;;;3.6;;4.3;;;;-0.2;;;;;1.3;1.5;-2.4;1.6;;;;;;;;;;;;;;;;;;;;;;;;;;;;;;;;;;;;;;;;;;-3.4;;-3.3;;;;;;;;;;;;;;;;;;;;;-3.1;-0.7;-1.2;;5.1;;4.4;;;;-3.0;4.0;3.4;4.0;0.1;;;8.7;;;;;-2.6;;1.0;;;;;;;;;-0.7;;2.3;;;;;;;;;;;;;;;;;;;;;;;;;;;;;;;;;;;;;;;;;;;;;;;;;;;6.4;;;;1.2;;;;;;;;;;;;;;;;;;;;;;;-2.3;3.2;;1.4;;;;;;
2025-06-24;;;;;;;-1.3;-0.7;;;;;;;;1.6;;;;;-3.0;;-7.1;;;2.9;;;;;;;;;;;;;;;;;;;;;;;;;;;;;;;;;;;;;;;;;;;;;;;;;;;;;;;;;;;;;;;;;-5.5;;;;;;;;;;;;;;;;;;;;;;;;;;;4.6;;;;;;9.3;;3.4;;;;9.1;;5.2;;;;;;6.1;;6.8;;;;;;;;3.7;;4.4;;;;-0.2;;;;;1.2;1.4;-2.4;1.5;;;;;;;;;;;;;;;;;;;;;;;;;;;;;;;;;;;;;;;;;;;;-3.3;;;;;;;;;;;;;;;;;;;;;-3.2;-0.7;-1.3;;5.0;;4.4;;;;-2.9;3.9;3.4;4.0;0.1;;;8.5;;;;;-2.8;;1.1;;;;;;;;;-0.7;;2.4;;;;;;;;;;;;;;;;;;;;;;;;;;;;;;;;;;;;;;;;;;;;;;;;;;;6.4;;;;1.1;;;;;;;;;;;;;;;;;;;;;;;-2.3;3.3;;1.3;;;;;;
2025-06-25;;;;;;;;;;;;;;;;;;;;;-3.0;;;;;2.9;;;;;;;;;;;;;;;;;;;;;;;;;;;;;;;;;;;;;;;;;;;;;;;;;;;;;;;;;;;;;;;;;-5.5;;;;;;;;;;;;;;;;;;;;;;;;;;;4.7;;;;;;9.4;;3.5;;;;9.1;;5.3;;;;;;6.2;;6.9;;;;;;;;3.7;;4.4;;;;-0.2;;;;;;;;;;;;;;;;;;;;;;;;;;;;;;;;;;;;;;;;;;;;;;;;;;;;-3.3;;;;;;;;;;;;;;;;;;;;;-3.2;;-1.3;;5.0;;4.4;;;;-2.6;3.9;3.4;4.1;0.2;;;8.3;;;;;-3.0;;1.3;;;;;;;;;-0.7;;2.4;;;;;;;;;;;;;;;;;;;;;;;;;;;;;;;;;;;;;;;;;;;;;;;;;;;6.6;;;;1.3;;;;;;;;;;;;;;;;;;;;;;;-2.3;3.3;;1.2;;;;;;
2025-06-26;;;;;;;;;;;;;;;;;;;;;;;;;;2.9;;;;;;;;;;;;;;;;;;;;;;;;;;;;;;;;;;;;;;;;;;;;;;;;;;;;;;;;;;;;;;;;;-5.5;;;;;;;;;;;;;;;;;;;;;;;;;;;4.7;;;;;;9.3;;3.6;;;;9.0;;5.4;;;;;;6.3;;7.0;;;;;;;;3.7;;4.4;;;;-0.2;;;;;;;;;;;;;;;;;;;;;;;;;;;;;;;;;;;;;;;;;;;;;;;;;;;;-3.2;;;;;;;;;;;;;;;;;;;;;;;;;;;4.4;;;;-2.7;3.9;3.4;4.1;0.3;;;8.2;;;;;-3.1;;1.3;;;;;;;;;-0.7;;2.4;;;;;;;;;;;;;;;;;;;;;;;;;;;;;;;;;;;;;;;;;;;;;;;;;;;6.5;;;;1.2;;;;;;;;;;;;;;;;;;;;;;;-2.3;3.3;;1.1;;;;;;
2025-06-27;;;;;;;;;;;;;;;;;;;;;;;;;;;;;;;;;;;;;;;;;;;;;;;;;;;;;;;;;;;;;;;;;;;;;;;;;;;;;;;;;;;;;;;;;;;-5.5;;;;;;;;;;;;;;;;;;;;;;;;;;;4.7;;;;;;9.5;;3.6;;;;9.1;;5.5;;;;;;6.3;;7.1;;;;;;;;3.6;;4.3;;;;-0.1;;;;;;;;;;;;;;;;;;;;;;;;;;;;;;;;;;;;;;;;;;;;;;;;;;;;-3.1;;;;;;;;;;;;;;;;;;;;;;;;;;;4.3;;;;-2.5;3.8;3.4;4.1;0.3;;;8.2;;;;;;;;;;;;;;;;;;;;;;;;;;;;;;;;;;;;;;;;;;;;;;;;;;;;;;;;;;;;;;;;;;;;;6.4;;;;1.3;;;;;;;;;;;;;;;;;;;;;;;;;;;;;;;;
2025-06-28;;;;;;;;;;;;;;;;;;;;;;;;;;2.9;;;;;;;;;;;;;;;;;;;;;;;;;;;;;;;;;;;;;;;;;;;;;;;;;;;;;;;;;;;;;;;;;-5.5;;;;;;;;;;;;;;;;;;;;;;;;;;;4.7;;;;;;9.4;;3.7;;;;9.2;;5.5;;;;;;6.3;;7.0;;;;;;;;3.6;;4.3;;;;-0.3;;;;;;;;;;;;;;;;;;;;;;;;;;;;;;;;;;;;;;;;;;;;;;;;;;;;-3.0;;;;;;;;;;;;;;;;;;;;;;;;;;;4.2;;;;;3.9;;4.2;0.4;;;;;;;;;;;;;;;;;;;;;;;;;;;;;;;;;;;;;;;;;;;;;;;;;;;;;;;;;;;;;;;;;;;;;;;;6.4;;;;1.2;;;;;;;;;;;;;;;;;;;;;;;;;;;;;;;;
2025-06-29;;;;;;;;;;;;;;;;;;;;;;;;;;2.9;;;;;;;;;;;;;;;;;;;;;;;;;;;;;;;;;;;;;;;;;;;;;;;;;;;;;;;;;;;;;;;;;-5.5;;;;;;;;;;;;;;;;;;;;;;;;;;;4.8;;;;;;9.5;;3.6;;;;9.2;;5.5;;;;;;6.4;;7.0;;;;;;;;;;;;;;;;;;;;;;;;;;;;;;;;;;;;;;;;;;;;;;;;;;;;;;;;;;;;;;;;;;;;;;;;;;;;;;;;;;;;;;;;;;;;;4.1;;;;;4.0;;4.2;0.1;;;;;;;;;;;;;;;;;;;;;;;;;;;;;;;;;;;;;;;;;;;;;;;;;;;;;;;;;;;;;;;;;;;;;;;;6.5;;;;1.3;;;;;;;;;;;;;;;;;;;;;;;;;;;;;;;;
2025-06-30;;;;;;;;;;;;;;;;;;;;;;;;;;3.0;;;;;;;;;;;;;;;;;;;;;;;;;;;;;;;;;;;;;;;;;;;;;;;;;;;;;;;;;;;;;;;;;-5.5;;;;;;;;;;;;;;;;;;;;;;;;;;;4.9;;;;;;9.5;;3.6;;;;9.3;;5.5;;;;;;6.4;;7.0;;;;;;;;;;;;;;;;;;;;;;;;;;;;;;;;;;;;;;;;;;;;;;;;;;;;;;;;;;;;;;;;;;;;;;;;;;;;;;;;;;;;;;;;;;;;;4.2;;;;;4.0;3.5;4.1;0.1;;;;;;;;;;;;;;;;;;;;;;;;;;;;;;;;;;;;;;;;;;;;;;;;;;;;;;;;;;;;;;;;;;;;;;;;6.4;;;;1.3;;;;;;;;;;;;;;;;;;;;;;;;;;;;;;;;
2025-07-01;;;;;;;;;;;;;;;;;;;;;;;;;;3.0;;;;;;;;;;;;;;;;;;;;;;;;;;;;;;;;;;;;;;;;;;;;;;;;;;;;;;;;;;;;;;;;;-5.4;;;;;;;;;;;;;;;;;;;;;;;;;;;4.9;;;;;;9.6;;3.6;;;;9.3;;5.7;;;;;;6.5;;7.1;;;;;;;;;;;;;;;;;;;;;;;;;;;;;;;;;;;;;;;;;;;;;;;;;;;;;;;;;;;;;;;;;;;;;;;;;;;;;;;;;;;;;;;;;;;;;4.2;;;;;3.9;3.4;4.0;0.1;;;;;;;;;;;;;;;;;;;;;;;;;;;;;;;;;;;;;;;;;;;;;;;;;;;;;;;;;;;;;;;;;;;;;;;;6.3;;;;1.4;;;;;;;;;;;;;;;;;;;;;;;;;;;;;;;;
2025-07-02;;;;;;;;;;;;;;;;;;;;;;;;;;3.0;;;;;;;;;;;;;;;;;;;;;;;;;;;;;;;;;;;;;;;;;;;;;;;;;;;;;;;;;;;;;;;;;-5.3;;;;;;;;;;;;;;;;;;;;;;;;;;;4.9;;;;;;9.6;;3.6;7.0;;;9.3;;5.7;;;;;;6.5;;7.0;;;;;;;;;;;;;;;;;;;;;;;;;;;;;;;;;;;;;;;;;;;;;;;;;;;;;;;;;;;;;;;;;;;;;;;;;;;;;;;;;;;;;;;;;;;;;4.2;;;;;3.9;3.5;3.9;0.0;;;;;;;;;;;;;;;;;;;;;;;;;;;;;;;;;;;;;;;;;;;;;;;;;;;;;;;;;;;;;;;;;;;;;;;;6.4;;;;1.3;;;;;;;;;;;;;;;;;;;;;;;;;;;;;;;;
2025-07-03;;;;;;;;;;;;;;;;;;;;;;;;;;3.0;;;;;;;;;;;;;;;;;;;;;;;;;;;;;;;;;;;;;;;;;;;;;;;;;;;;;;;;;;;;;;;;;-5.4;;;;;;;;;;;;;;;;;;;;;;;;;;;4.8;;;;;;9.7;;3.7;7.0;;;9.4;;5.8;;;;;;6.5;;7.0;;;;;;;;;;;;;;;;;;;;;;;;;;;;;;;;;;;;;;;;;;;;;;;;;;;;;;;;;;;;;;;;;;;;;;;;;;;;;;;;;;;;;;;;;;;;;4.2;;;;;4.0;3.5;4.0;0.0;;;;;;;;;;;;;;;;;;;;;;;;;;;;;;;;;;;;;;;;;;;;;;;;;;;;;;;;;;;;;;;;;;;;;;;;6.5;;;;1.3;;;;;;;;;;;;;;;;;;;;;;;;;;;;;;;;
2025-07-04;;;;;;;;;;;;;;;;;;;;;;;;;;2.9;;;;;;;;;;;;;;;;;;;;;;;;;;;;;;;;;;;;;;;;;;;;;;;;;;;;;;;;;;;;;;;;;-5.4;;;;;;;;;;;;;;;;;;;;;;;;;;;4.9;;;;;;9.7;;3.6;7.0;;;9.3;;5.7;;;;;;6.5;;7.0;;;;;;;;;;;;;;;;;;;;;;;;;;;;;;;;;;;;;;;;;;;;;;;;;;;;;;;;;;;;;;;;;;;;;;;;;;;;;;;;;;;;;;;;;;;;;4.2;;;;;4.0;3.6;4.1;0.1;;;;;;;;;;;;;;;;;;;;;;;;;;;;;;;;;;;;;;;;;;;;;;;;;;;;;;;;;;;;;;;;;;;;;;;;6.5;;;;1.3;;;;;;;;;;;;;;;;;;;;;;;;;;;;;;;;
2025-07-05;;;;;;;;;;;;;;;;;;;;;;;;;;2.9;;;;;;;;;;;;;;;;;;;;;;;;;;;;;;;;;;;;;;;;;;;;;;;;;;;;;;;;;;;;;;;;;-5.5;;;;;;;;;;;;;;;;;;;;;;;;;;;4.9;;;;;;9.6;;3.6;7.0;;;9.4;;5.6;;;;;;6.6;;7.0;;;;;;;;;;;;;;;;;;;;;;;;;;;;;;;;;;;;;;;;;;;;;;;;;;;;;;;;;;;;;;;;;;;;;;;;;;;;;;;;;;;;;;;;;;;;;4.1;;;;;4.0;3.5;4.0;0.1;;;;;;;;;;;;;;;;;;;;;;;;;;;;;;;;;;;;;;;;;;;;;;;;;;;;;;;;;;;;;;;;;;;;;;;;6.5;;;;1.3;;;;;;;;;;;;;;;;;;;;;;;;;;;;;;;;
2025-07-06;;;;;;;;;;;;;;;;;;;;;;;;;;2.9;;;;;;;;;;;;;;;;;;;;;;;;;;;;;;;;;;;;;;;;;;;;;;;;;;;;;;;;;;;;;;;;;-5.5;;;;;;;;;;;;;;;;;;;;;;;;;;;4.9;;;;;;9.7;;3.6;7.1;;;9.4;;5.6;;;;;;6.5;;7.1;;;;;;;;;;;;;;;;;;;;;;;;;;;;;;;;;;;;;;;;;;;;;;;;;;;;;;;;;;;;;;;;;;;;;;;;;;;;;;;;;;;;;;;;;;;;;4.1;;;;;4.0;3.5;4.0;0.1;;;;;;;;;;;;;;;;;;;;;;;;;;;;;;;;;;;;;;;;;;;;;;;;;;;;;;;;;;;;;;;;;;;;;;;;6.7;;;;1.3;;;;;;;;;;;;;;;;;;;;;;;;;;;;;;;;
2025-07-07;;;;;;;;;;;;;;;;;;;;;;;;;;2.9;;;;;;;;;;;;;;;;;;;;;;;;;;;;;;;;;;;;;;;;;;;;;;;;;;;;;;;;;;;;;;;;;-5.4;;;;;;;;;;;;;;;;;;;;;;;;;;;4.8;;;;;;9.7;;3.6;7.2;;;9.4;;5.6;;;;;;6.5;;7.2;;;;;;;;;;;;;;;;;;;;;;;;;;;;;;;;;;;;;;;;;;;;;;;;;;;;;;;;;;;;;;;;;;;;;;;;;;;;;;;;;;;;;;;;;;;;;4.1;;;;;3.9;3.5;4.1;0.1;;;;;;;;;;;;;;;;;;;;;;;;;;;;;;;;;;;;;;;;;;;;;;;;;;;;;;;;;;;;;;;;;;;;;;;;6.6;;;;1.2;;;;;;;;;;;;;;;;;;;;;;;;;;;;;;;;
2025-07-08;;;;;;;;;;;;;;;;;;;;;;;;;;2.8;;;;;;;;;;;;;;;;;;;;;;;;;;;;;;;;;;;;;;;;;;;;;;;;;;;;;;;;;;;;;;;;;-5.4;;;;;;;;;;;;;;;;;;;;;;;;;;;4.7;;;;;;9.7;;3.7;7.2;;;9.5;;5.7;;;;;;6.5;;7.3;;;;;;;;;;;;;;;;;;;;;;;;;;;;;;;;;;;;;;;;;;;;;;;;;;;;;;;;;;;;;;;;;;;;;;;;;;;;;;;;;;;;;;;;;;;;;4.1;;;;;4.0;3.4;4.1;0.2;;;;;;;;;;;;;;;;;;;;;;;;;;;;;;;;;;;;;;;;;;;;;;;;;;;;;;;;;;;;;;;;;;;;;;;;6.6;;;;1.2;;;;;;;;;;;;;;;;;;;;;;;;;;;;;;;;
2025-07-09;;;;;;;;;;;;;;;;;;;;;;;;;;3.0;;;;;;;;;;;;;;;;;;;;;;;;;;;;;;;;;;;;;;;;;;;;;;;;;;;;;;;;;;;;;;;;;-5.5;;;;;;;;;;;;;;;;;;;;;;;;;;;4.7;;;;;;9.7;;3.7;7.2;;;9.5;;5.6;;;;;;6.6;;7.4;;;;;;;;;;;;;;;;;;;;;;;;;;;;;;;;;;;;;;;;;;;;;;;;;;;;;;;;;;;;;;;;;;;;;;;;;;;;;;;;;;;;;;;;;;;;;4.1;;;;;4.1;;4.1;0.1;;;;;;;;;;;;;;;;;;;;;;;;;;;;;;;;;;;;;;;;;;;;;;;;;;;;;;;;;;;;;;;;;;;;;;;;6.5;;;;1.1;;;;;;;;;;;;;;;;;;;;;;;;;;;;;;;;
2025-07-10;;;;;;;;;;;;;;;;;;;;;;;;;;3.0;;;;;;;;;;;;;;;;;;;;;;;;;;;;;;;;;;;;;;;;;;;;;;;;;;;;;;;;;;;;;;;;;-5.5;;;;;;;;;;;;;;;;;;;;;;;;;;;4.7;;;;;;9.6;;3.7;7.3;;;9.5;;5.7;;;;;;6.5;;7.4;;;;;;;;;;;;;;;;;;;;;;;;;;;;;;;;;;;;;;;;;;;;;;;;;;;;;;;;;;;;;;;;;;;;;;;;;;;;;;;;;;;;;;;;;;;;;4.2;;;;;4.2;;4.2;0.0;;;;;;;;;;;;;;;;;;;;;;;;;;;;;;;;;;;;;;;;;;;;;;;;;;;;;;;;;;;;;;;;;;;;;;;;6.5;;;;1.3;;;;;;;;;;;;;;;;;;;;;;;;;;;;;;;;
2025-07-11;;;;;;;;;;;;;;;;;;;;;;;;;;3.0;;;;;;;;;;;;;;;;;;;;;;;;;;;;;;;;;;;;;;;;;;;;;;;;;;;;;;;;;;;;;;;;;-5.5;;;;;;;;;;;;;;;;;;;;;;;;;;;4.6;;;;;;9.5;;3.7;7.2;;;9.5;;5.6;;;;;;6.4;;7.3;;;;;;;;;;;;;;;;;;;;;;;;;;;;;;;;;;;;;;;;;;;;;;;;;;;;;;;;;;;;;;;;;;;;;;;;;;;;;;;;;;;;;;;;;;;;;4.2;;;;;4.2;;4.2;0.1;;;;;;;;;;;;;;;;;;;;;;;;;;;;;;;;;;;;;;;;;;;;;;;;;;;;;;;;;;;;;;;;;;;;;;;;6.5;;;;1.1;;;;;;;;;;;;;;;;;;;;;;;;;;;;;;;;
2025-07-12;;;;;;;;;;;;;;;;;;;;;;;;;;3.0;;;;;;;;;;;;;;;;;;;;;;;;;;;;;;;;;;;;;;;;;;;;;;;;;;;;;;;;;;;;;;;;;-5.6;;;;;;;;;;;;;;;;;;;;;;;;;;;4.6;;;;;;9.4;;3.7;7.2;;;9.4;;5.5;;;;;;6.5;;;;;;;;;;;;;;;;;;;;;;;;;;;;;;;;;;;;;;;;;;;;;;;;;;;;;;;;;;;;;;;;;;;;;;;;;;;;;;;;;;;;;;;;;;;;;;;4.3;;;;;4.2;;4.4;0.1;;;;;;;;;;;;;;;;;;;;;;;;;;;;;;;;;;;;;;;;;;;;;;;;;;;;;;;;;;;;;;;;;;;;;;;;6.5;;;;1.1;;;;;;;;;;;;;;;;;;;;;;;;;;;;;;;;
2025-07-13;;;;;;;;;;;;;;;;;;;;;;;;;;3.0;;;;;;;;;;;;;;;;;;;;;;;;;;;;;;;;;;;;;;;;;;;;;;;;;;;;;;;;;;;;;;;;;-5.6;;;;;;;;;;;;;;;;;;;;;;;;;;;4.6;;;;;;9.4;;3.7;7.2;;;9.4;;5.4;;;;;;6.6;;;;;;;;;;;;;;;;;;;;;;;;;;;;;;;;;;;;;;;;;;;;;;;;;;;;;;;;;;;;;;;;;;;;;;;;;;;;;;;;;;;;;;;;;;;;;;;4.2;;;;;4.2;;4.4;0.1;;;;;;;;;;;;;;;;;;;;;;;;;;;;;;;;;;;;;;;;;;;;;;;;;;;;;;;;;;;;;;;;;;;;;;;;6.3;;;;1.1;;;;;;;;;;;;;;;;;;;;;;;;;;;;;;;;
2025-07-14;;;;;;;;;;;;;;;;;;;;;;;;;;3.1;;;;;;;;;;;;;;;;;;;;;;;;;;;;;;;;;;;;;;;;;;;;;;;;;;;;;;;;;;;;;;;;;-5.6;;;;;;;;;;;;;;;;;;;;;;;;;;;4.5;;;;;;9.4;;3.8;7.2;;;8.8;;5.6;;;;;;6.6;;7.3;;;;;;;;;;;;;;;;;;;;;;;;;;;;;;;;;;;;;;;;;;;;;;;;;;;;;;;;;;;;;;;;;;;;;;;;;;;;;;;;;;;;;;;;;;;;;4.2;;;;;4.2;;4.4;0.1;;;;;;;;;;;;;;;;;;;;;;;;;;;;;;;;;;;;;;;;;;;;;;;;;;;;;;;;;;;;;;;;;;;;;;;;6.2;;;;1.1;;;;;;;;;;;;;;;;;;;;;;;;;;;;;;;;
2025-07-15;;;;;;;;;;;;;;;;;;;;;;;;;;3.2;;;;;;;;;;;;;;;;;;;;;;;;;;;;;;;;;;;;;;;;;;;;;;;;;;;;;;;;;;;;;;;;;-5.6;;;;;;;;;;;;;;;;;;;;;;;;;;;4.5;;;;;;9.3;;3.8;7.3;;;8.9;;5.6;;;;;;6.6;;7.3;;;;;;;;;;;;;;;;;;;;;;;;;;;;;;;;;;;;;;;;;;;;;;;;;;;;;;;;;;;;;;;;;;;;;;;;;;;;;;;;;;;;;;;;;;;;;4.2;;;;;4.3;;4.4;0.1;;;;;;;;;;;;;;;;;;;;;;;;;;;;;;;;;;;;;;;;;;;;;;;;;;;;;;;;;;;;;;;;;;;;;;;;6.3;;;;1.2;;;;;;;;;;;;;;;;;;;;;;;;;;;;;;;;
2025-07-16;;;;;;;;;;;;;;;;;;;;;;;;;;3.1;;;;;;;;;;;;;;;;;;;;;;;;;;;;;;;;;;;;;;;;;;;;;;;;;;;;;;;;;;;;;;;;;-5.5;;;;;;;;;;;;;;;;;;;;;;;;;;;4.5;;;;;;9.3;;3.6;7.4;;;8.5;;5.1;;;;;;6.6;;7.5;;;;;;;;;;;;;;;;;;;;;;;;;;;;;;;;;;;;;;;;;;;;;;;;;;;;;;;;;;;;;;;;;;;;;;;;;;;;;;;;;;;;;;;;;;;;;4.2;;;;;;;;;;;;;;;;;;;;;;;;;;;;;;;;;;;;;;;;;;;;;;;;;;;;;;;;;;;;;;;;;;;;;;;;;;;;;;;;6.3;;;;1.1;;;;;;;;;;;;;;;;;;;;;;;;;;;;;;;;
2025-07-17;;;;;;;;;;;;;;;;;;;;;;;;;;3.1;;;;;;;;;;;;;;;;;;;;;;;;;;;;;;;;;;;;;;;;;;;;;;;;;;;;;;;;;;;;;;;;;-5.6;;;;;;;;;;;;;;;;;;;;;;;;;;;4.5;;;;;;9.3;;3.7;7.6;;;8.7;;5.3;;;;;;6.7;;7.6;;;;;;;;;;;;;;;;;;;;;;;;;;;;;;;;;;;;;;;;;;;;;;;;;;;;;;;;;;;;;;;;;;;;;;;;;;;;;;;;;;;;;;;;;;;;;4.2;;;;;;;;;;;;;;;;;;;;;;;;;;;;;;;;;;;;;;;;;;;;;;;;;;;;;;;;;;;;;;;;;;;;;;;;;;;;;;;;6.5;;;;1.3;;;;;;;;;;;;;;;;;;;;;;;;;;;;;;;;
2025-07-18;;;;;;;;;;;;;;;;;;;;;;;;;;3.0;;;;;;;;;;;;;;;;;;;;;;;;;;;;;;;;;;;;;;;;;;;;;;;;;;;;;;;;;;;;;;;;;-5.5;;;;;;;;;;;;;;;;;;;;;;;;;;;4.5;;;;;;9.2;;3.7;7.3;;;8.8;;5.1;;;;;;6.9;;7.9;;;;;;;;;;;;;;;;;;;;;;;;;;;;;;;;;;;;;;;;;;;;;;;;;;;;;;;;;;;;;;;;;;;;;;;;;;;;;;;;;;;;;;;;;;;;;;;;;;;;;;;;;;;;;;;;;;;;;;;;;;;;;;;;;;;;;;;;;;;;;;;;;;;;;;;;;;;;;;;;;;;;;;;;;;;;;6.4;;;;1.3;;;;;;;;;;;;;;;;;;;;;;;;;;;;;;;;
2025-07-19;;;;;;;;;;;;;;;;;;;;;;;;;;2.9;;;;;;;;;;;;;;;;;;;;;;;;;;;;;;;;;;;;;;;;;;;;;;;;;;;;;;;;;;;;;;;;;-5.5;;;;;;;;;;;;;;;;;;;;;;;;;;;4.5;;;;;;9.1;;3.6;7.6;;;8.2;;5.2;;;;;;7.1;;8.2;;;;;;;;;;;;;;;;;;;;;;;;;;;;;;;;;;;;;;;;;;;;;;;;;;;;;;;;;;;;;;;;;;;;;;;;;;;;;;;;;;;;;;;;;;;;;4.0;;;;;;;;;;;;;;;;;;;;;;;;;;;;;;;;;;;;;;;;;;;;;;;;;;;;;;;;;;;;;;;;;;;;;;;;;;;;;;;;6.2;;;;1.1;;;;;;;;;;;;;;;;;;;;;;;;;;;;;;;;
2025-07-20;;;;;;;;;;;;;;;;;;;;;;;;;;2.9;;;;;;;;;;;;;;;;;;;;;;;;;;;;;;;;;;;;;;;;;;;;;;;;;;;;;;;;;;;;;;;;;-5.6;;;;;;;;;;;;;;;;;;;;;;;;;;;4.4;;;;;;9.1;;3.7;8.0;;;8.4;;5.4;;;;;;7.2;;7.8;;;;;;;;;;;;;;;;;;;;;;;;;;;;;;;;;;;;;;;;;;;;;;;;;;;;;;;;;;;;;;;;;;;;;;;;;;;;;;;;;;;;;;;;;;;;;4.0;;;;;;;;;;;;;;;;;;;;;;;;;;;;;;;;;;;;;;;;;;;;;;;;;;;;;;;;;;;;;;;;;;;;;;;;;;;;;;;;6.2;;;;1.2;;;;;;;;;;;;;;;;;;;;;;;;;;;;;;;;
2025-07-21;;;;;;;;;;;;;;;;;;;;;;;;;;2.8;;;;;;;;;;;;;;;;;;;;;;;;;;;;;;;;;;;;;;;;;;;;;;;;;;;;;;;;;;;;;;;;;-5.6;;;;;;;;;;;;;;;;;;;;;;;;;;;4.4;;;;;;9.1;;3.5;7.6;;;8.6;;4.9;;;;;;7.4;;8.0;;;;;;;;;;;;;;;;;;;;;;;;;;;;;;;;;;;;;;;;;;;;;;;;;;;;;;;;;;;;;;;;;;;;;;;;;;;;;;;;;;;;;;;;;;;;;4.0;;;;;;;;;;;;;;;;;;;;;;;;;;;;;;;;;;;;;;;;;;;;;;;;;;;;;;;;;;;;;;;;;;;;;;;;;;;;;;;;6.4;;;;1.3;;;;;;;;;;;;;;;;;;;;;;;;;;;;;;;;
2025-07-22;;;;;;;;;;;;;;;;;;;;;;;;;;2.8;;;;;;;;;;;;;;;;;;;;;;;;;;;;;;;;;;;;;;;;;;;;;;;;;;;;;;;;;;;;;;;;;-5.6;;;;;;;;;;;;;;;;;;;;;;;;;;;4.5;;;;;;9.0;;3.6;7.8;;;8.2;;5.1;;;;;;7.6;;7.7;;;;;;;;;;;;;;;;;;;;;;;;;;;;;;;;;;;;;;;;;;;;;;;;;;;;;;;;;;;;;;;;;;;;;;;;;;;;;;;;;;;;;;;;;;;;;4.1;;;;;;;;;;;;;;;;;;;;;;;;;;;;;;;;;;;;;;;;;;;;;;;;;;;;;;;;;;;;;;;;;;;;;;;;;;;;;;;;6.4;;;;2.9;;;;;;;;;;;;;;;;;;;;;;;;;;;;;;;;
2025-07-23;;;;;;;;;;;;;;;;;;;;;;;;;;2.9;;;;;;;;;;;;;;;;;;;;;;;;;;;;;;;;;;;;;;;;;;;;;;;;;;;;;;;;;;;;;;;;;-5.6;;;;;;;;;;;;;;;;;;;;;;;;;;;4.4;;;;;;9.0;;3.6;7.9;;;8.5;;5.3;;;;;;7.8;;8.0;;;;;;;;;;;;;;;;;;;;;;;;;;;;;;;;;;;;;;;;;;;;;;;;;;;;;;;;;;;;;;;;;;;;;;;;;;;;;;;;;;;;;;;;;;;;;4.1;;;;;;;;;;;;;;;;;;;;;;;;;;;;;;;;;;;;;;;;;;;;;;;;;;;;;;;;;;;;;;;;;;;;;;;;;;;;;;;;6.4;;;;3.0;;;;;;;;;;;;;;;;;;;;;;;;;;;;;;;;
2025-07-24;;;;;;;;;;;;;;;;;;;;;;;;;;2.9;;;;;;;;;;;;;;;;;;;;;;;;;;;;;;;;;;;;;;;;;;;;;;;;;;;;;;;;;;;;;;;;;-5.4;;;;;;;;;;;;;;;;;;;;;;;;;;;4.3;;;;;;9.0;;3.7;7.5;;;7.7;;5.1;;;;;;7.9;;7.9;;;;;;;;;;;;;;;;;;;;;;;;;;;;;;;;;;;;;;;;;;;;;;;;;;;;;;;;;;;;;;;;;;;;;;;;;;;;;;;;;;;;;;;;;;;;;4.1;;;;;;;;;;;;;;;;;;;;;;;;;;;;;;;;;;;;;;;;;;;;;;;;;;;;;;;;;;;;;;;;;;;;;;;;;;;;;;;;6.4;;;;3.1;;;;;;;;;;;;;;;;;;;;;;;;;;;;;;;;
2025-07-25;;;;;;;;;;;;;;;;;;;;;;;;;;3.0;;;;;;;;;;;;;;;;;;;;;;;;;;;;;;;;;;;;;;;;;;;;;;;;;;;;;;;;;;;;;;;;;-5.5;;;;;;;;;;;;;;;;;;;;;;;;;;;4.4;;;;;;8.9;;3.7;7.6;;;8.0;;5.4;;;;;;8.2;;8.2;;;;;;;;;;;;;;;;;;;;;;;;;;;;;;;;;;;;;;;;;;;;;;;;;;;;;;;;;;;;;;;;;;;;;;;;;;;;;;;;;;;;;;;;;;;;;4.1;;;;;;;;;;;;;;;;;;;;;;;;;;;;;;;;;;;;;;;;;;;;;;;;;;;;;;;;;;;;;;;;;;;;;;;;;;;;;;;;6.0;;;;3.2;;;;;;;;;;;;;;;;;;;;;;;;;;;;;;;;
2025-07-26;;;;;;;;;;;;;;;;;;;;;;;;;;2.9;;;;;;;;;;;;;;;;;;;;;;;;;;;;;;;;;;;;;;;;;;;;;;;;;;;;;;;;;;;;;;;;;-5.4;;;;;;;;;;;;;;;;;;;;;;;;;;;4.3;;;;;;8.9;;3.7;7.6;;;7.2;;5.7;;;;;;8.3;;8.1;;;;;;;;;;;;;;;;;;;;;;;;;;;;;;;;;;;;;;;;;;;;;;;;;;;;;;;;;;;;;;;;;;;;;;;;;;;;;;;;;;;;;;;;;;;;;4.1;;;;;;;;;;;;;;;;;;;;;;;;;;;;;;;;;;;;;;;;;;;;;;;;;;;;;;;;;;;;;;;;;;;;;;;;;;;;;;;;5.6;;;;3.3;;;;;;;;;;;;;;;;;;;;;;;;;;;;;;;;
2025-07-27;;;;;;;;;;;;;;;;;;;;;;;;;;2.9;;;;;;;;;;;;;;;;;;;;;;;;;;;;;;;;;;;;;;;;;;;;;;;;;;;;;;;;;;;;;;;;;-5.3;;;;;;;;;;;;;;;;;;;;;;;;;;;4.2;;;;;;8.9;;3.7;7.1;;;7.5;;5.8;;;;;;8.5;;8.4;;;;;;;;;;;;;;;;;;;;;;;;;;;;;;;;;;;;;;;;;;;;;;;;;;;;;;;;;;;;;;;;;;;;;;;;;;;;;;;;;;;;;;;;;;;;;4.1;;;;;;;;;;;;;;;;;;;;;;;;;;;;;;;;;;;;;;;;;;;;;;;;;;;;;;;;;;;;;;;;;;;;;;;;;;;;;;;;5.3;;;;3.5;;;;;;;;;;;;;;;;;;;;;;;;;;;;;;;;
2025-07-28;;;;;;;;;;;;;;;;;;;;;;;;;;2.9;;;;;;;;;;;;;;;;;;;;;;;;;;;;;;;;;;;;;;;;;;;;;;;;;;;;;;;;;;;;;;;;;-5.2;;;;;;;;;;;;;;;;;;;;;;;;;;;4.1;;;;;;8.9;;3.7;7.1;;;7.2;;5.4;;;;;;8.8;;8.3;;;;;;;;;;;;;;;;;;;;;;;;;;;;;;;;;;;;;;;;;;;;;;;;;;;;;;;;;;;;;;;;;;;;;;;;;;;;;;;;;;;;;;;;;;;;;4.2;;;;;;;;;;;;;;;;;;;;;;;;;;;;;;;;;;;;;;;;;;;;;;;;;;;;;;;;;;;;;;;;;;;;;;;;;;;;;;;;5.5;;;;3.4;;;;;;;;;;;;;;;;;;;;;;;;;;;;;;;;
2025-07-29;;;;;;;;;;;;;;;;;;;;;;;;;;2.9;;;;;;;;;;;;;;;;;;;;;;;;;;;;;;;;;;;;;;;;;;;;;;;;;;;;;;;;;;;;;;;;;-5.3;;;;;;;;;;;;;;;;;;;;;;;;;;;4.2;;;;;;8.9;;3.7;7.3;;;7.0;;5.7;;;;;;9.1;;8.6;;;;;;;;;;;;;;;;;;;;;;;;;;;;;;;;;;;;;;;;;;;;;;;;;;;;;;;;;;;;;;;;;;;;;;;;;;;;;;;;;;;;;;;;;;;;;4.1;;;;;;;;;;;;;;;;;;;;;;;;;;;;;;;;;;;;;;;;;;;;;;;;;;;;;;;;;;;;;;;;;;;;;;;;;;;;;;;;5.8;;;;3.5;;;;;;;;;;;;;;;;;;;;;;;;;;;;;;;;
2025-07-30;;;;;;;;;;;;;;;;;;;;;;;;;;2.8;;;;;;;;;;;;;;;;;;;;;;;;;;;;;;;;;;;;;;;;;;;;;;;;;;;;;;;;;;;;;;;;;-5.1;;;;;;;;;;;;;;;;;;;;;;;;;;;4.2;;;;;;8.8;;3.8;7.5;;;7.4;;6.0;;;;;;9.8;;8.2;;;;;;;;;;;;;;;;;;;;;;;;;;;;;;;;;;;;;;;;;;;;;;;;;;;;;;;;;;;;;;;;;;;;;;;;;;;;;;;;;;;;;;;;;;;;;4.1;;;;;;;;;;;;;;;;;;;;;;;;;;;;;;;;;;;;;;;;;;;;;;;;;;;;;;;;;;;;;;;;;;;;;;;;;;;;;;;;5.1;;;;3.5;;;;;;;;;;;;;;;;;;;;;;;;;;;;;;;;
2025-07-31;;;;;;;;;;;;;;;;;;;;;;;;;;2.8;;;;;;;;;;;;;;;;;;;;;;;;;;;;;;;;;;;;;;;;;;;;;;;;;;;;;;;;;;;;;;;;;-5.1;;;;;;;;;;;;;;;;;;;;;;;;;;;4.2;;;;;;8.8;;3.8;7.7;;;7.0;;5.7;;;;;;9.9;;8.3;;;;;;;;;;;;;;;;;;;;;;;;;;;;;;;;;;;;;;;;;;;;;;;;;;;;;;;;;;;;;;;;;;;;;;;;;;;;;;;;;;;;;;;;;;;;;4.1;;;;;;;;;;;;;;;;;;;;;;;;;;;;;;;;;;;;;;;;;;;;;;;;;;;;;;;;;;;;;;;;;;;;;;;;;;;;;;;;5.3;;;;3.6;;;;;;;;;;;;;;;;;;;;;;;;;;;;;;;;
2025-08-01;;;;;;;;;;;;;;;;;;;;;;;;;;2.9;;;;;;;;;;;;;;;;;;;;;;;;;;;;;;;;;;;;;;;;;;;;;;;;;;;;;;;;;;;;;;;;;-5.2;;;;;;;;;;;;;;;;;;;;;;;;;;;4.1;;;;;;8.9;;3.9;7.8;;;7.0;;5.8;;;;;;10.0;;8.3;;;;;;;;;;;;;;;;;;;;;;;;;;;;;;;;;;;;;;;;;;;;;;;;;;;;;;;;;;;;;;;;;;;;;;;;;;;;;;;;;;;;;;;;;;;;;4.1;;;;;;;;;;;;;;;;;;;;;;;;;;;;;;;;;;;;;;;;;;;;;;;;;;;;;;;;;;;;;;;;;;;;;;;;;;;;;;;;4.7;;;;3.7;;;;;;;;;;;;;;;;;;;;;;;;;;;;;;;;
2025-08-02;;;;;;;;;;;;;;;;;;;;;;;;;;2.9;;;;;;;;;;;;;;;;;;;;;;;;;;;;;;;;;;;;;;;;;;;;;;;;;;;;;;;;;;;;;;;;;-5.3;;;;;;;;;;;;;;;;;;;;;;;;;;;4.1;;;;;;8.9;;3.9;7.9;;;7.1;;5.9;;;;;;10.0;;8.3;;;;;;;;;;;;;;;;;;;;;;;;;;;;;;;;;;;;;;;;;;;;;;;;;;;;;;;;;;;;;;;;;;;;;;;;;;;;;;;;;;;;;;;;;;;;;4.1;;;;;;;;;;;;;;;;;;;;;;;;;;;;;;;;;;;;;;;;;;;;;;;;;;;;;;;;;;;;;;;;;;;;;;;;;;;;;;;;4.9;;;;3.8;;;;;;;;;;;;;;;;;;;;;;;;;;;;;;;;
2025-08-03;;;;;;;;;;;;;;;;;;;;;;;;;;2.8;;;;;;;;;;;;;;;;;;;;;;;;;;;;;;;;;;;;;;;;;;;;;;;;;;;;;;;;;;;;;;;;;-5.2;;;;;;;;;;;;;;;;;;;;;;;;;;;4.0;;;;;;8.8;;3.9;7.9;;;7.1;;5.9;;;;;;9.9;;8.4;;;;;;;;;;;;;;;;;;;;;;;;;;;;;;;;;;;;;;;;;;;;;;;;;;;;;;;;;;;;;;;;;;;;;;;;;;;;;;;;;;;;;;;;;;;;;4.1;;;;;;;;;;;;;;;;;;;;;;;;;;;;;;;;;;;;;;;;;;;;;;;;;;;;;;;;;;;;;;;;;;;;;;;;;;;;;;;;4.1;;;;3.8;;;;;;;;;;;;;;;;;;;;;;;;;;;;;;;;
2025-08-04;;;;;;;;;;;;;;;;;;;;;;;;;;2.8;;;;;;;;;;;;;;;;;;;;;;;;;;;;;;;;;;;;;;;;;;;;;;;;;;;;;;;;;;;;;;;;;-5.2;;;;;;;;;;;;;;;;;;;;;;;;;;;4.0;;;;;;8.8;;3.9;7.8;;;7.0;;5.9;;;;;;9.9;;8.4;;;;;;;;;;;;;;;;;;;;;;;;;;;;;;;;;;;;;;;;;;;;;;;;;;;;;;;;;;;;;;;;;;;;;;;;;;;;;;;;;;;;;;;;;;;;;4.1;;;;;;;;;;;;;;;;;;;;;;;;;;;;;;;;;;;;;;;;;;;;;;;;;;;;;;;;;;;;;;;;;;;;;;;;;;;;;;;;4.2;;;;3.9;;;;;;;;;;;;;;;;;;;;;;;;;;;;;;;;
2025-08-05;;;;;;;;;;;;;;;;;;;;;;;;;;2.9;;;;;;;;;;;;;;;;;;;;;;;;;;;;;;;;;;;;;;;;;;;;;;;;;;;;;;;;;;;;;;;;;-5.2;;;;;;;;;;;;;;;;;;;;;;;;;;;4.0;;;;;;8.8;;3.9;8.0;;;7.0;;5.9;;;;;;10.1;;8.5;;;;;;;;;;;;;;;;;;;;;;;;;;;;;;;;;;;;;;;;;;;;;;;;;;;;;;;;;;;;;;;;;;;;;;;;;;;;;;;;;;;;;;;;;;;;;4.1;;;;;;;;;;;;;;;;;;;;;;;;;;;;;;;;;;;;;;;;;;;;;;;;;;;;;;;;;;;;;;;;;;;;;;;;;;;;;;;;4.3;;;;3.9;;;;;;;;;;;;;;;;;;;;;;;;;;;;;;;;
2025-08-06;;;;;;;;;;;;;;;;;;;;;;;;;;3.0;;;;;;;;;;;;;;;;;;;;;;;;;;;;;;;;;;;;;;;;;;;;;;;;;;;;;;;;;;;;;;;;;-5.2;;;;;;;;;;;;;;;;;;;;;;;;;;;4.0;;;;;;8.9;;4.0;7.9;;;7.1;;5.9;;;;;;10.0;;8.5;;;;;;;;;;;;;;;;;;;;;;;;;;;;;;;;;;;;;;;;;;;;;;;;;;;;;;;;;;;;;;;;;;;;;;;;;;;;;;;;;;;;;;;;;;;;;4.1;;;;;;;;;;;;;;;;;;;;;;;;;;;;;;;;;;;;;;;;;;;;;;;;;;;;;;;;;;;;;;;;;;;;;;;;;;;;;;;;4.5;;;;3.9;;;;;;;;;;;;;;;;;;;;;;;;;;;;;;;;
2025-08-07;;;;;;;;;;;;;;;;;;;;;;;;;;3.1;;;;;;;;;;;;;;;;;;;;;;;;;;;;;;;;;;;;;;;;;;;;;;;;;;;;;;;;;;;;;;;;;-5.1;;;;;;;;;;;;;;;;;;;;;;;;;;;4.0;;;;;;8.9;;4.0;7.9;;;7.1;;5.9;;;;;;10.0;;8.6;;;;;;;;;;;;;;;;;;;;;;;;;;;;;;;;;;;;;;;;;;;;;;;;;;;;;;;;;;;;;;;;;;;;;;;;;;;;;;;;;;;;;;;;;;;;;4.1;;;;;;;;;;;;;;;;;;;;;;;;;;;;;;;;;;;;;;;;;;;;;;;;;;;;;;;;;;;;;;;;;;;;;;;;;;;;;;;;4.7;;;;4.0;;;;;;;;;;;;;;;;;;;;;;;;;;;;;;;;
2025-08-08;;;;;;;;;;;;;;;;;;;;;;;;;;3.0;;;;;;;;;;;;;;;;;;;;;;;;;;;;;;;;;;;;;;;;;;;;;;;;;;;;;;;;;;;;;;;;;-5.2;;;;;;;;;;;;;;;;;;;;;;;;;;;3.9;;;;;;8.8;;4.0;7.9;;;7.0;;5.9;;;;;;10.0;;8.6;;;;;;;;;;;;;;;;;;;;;;;;;;;;;;;;;;;;;;;;;;;;;;;;;;;;;;;;;;;;;;;;;;;;;;;;;;;;;;;;;;;;;;;;;;;;;4.1;;;;;;;;;;;;;;;;;;;;;;;;;;;;;;;;;;;;;;;;;;;;;;;;;;;;;;;;;;;;;;;;;;;;;;;;;;;;;;;;4.7;;;;4.1;;;;;;;;;;;;;;;;;;;;;;;;;;;;;;;;
2025-08-09;;;;;;;;;;;;;;;;;;;;;;;;;;3.0;;;;;;;;;;;;;;;;;;;;;;;;;;;;;;;;;;;;;;;;;;;;;;;;;;;;;;;;;;;;;;;;;-5.2;;;;;;;;;;;;;;;;;;;;;;;;;;;3.9;;;;;;8.9;;4.0;7.9;;;7.0;;5.8;;;;;;10.2;;8.7;;;;;;;;;;;;;;;;;;;;;;;;;;;;;;;;;;;;;;;;;;;;;;;;;;;;;;;;;;;;;;;;;;;;;;;;;;;;;;;;;;;;;;;;;;;;;4.1;;;;;;;;;;;;;;;;;;;;;;;;;;;;;;;;;;;;;;;;;;;;;;;;;;;;;;;;;;;;;;;;;;;;;;;;;;;;;;;;4.7;;;;4.0;;;;;;;;;;;;;;;;;;;;;;;;;;;;;;;;
2025-08-10;;;;;;;;;;;;;;;;;;;;;;;;;;3.2;;;;;;;;;;;;;;;;;;;;;;;;;;;;;;;;;;;;;;;;;;;;;;;;;;;;;;;;;;;;;;;;;-5.1;;;;;;;;;;;;;;;;;;;;;;;;;;;4.0;;;;;;8.9;;4.1;8.1;;;7.0;;5.9;;;;;;10.2;;8.7;;;;;;;;;;;;;;;;;;;;;;;;;;;;;;;;;;;;;;;;;;;;;;;;;;;;;;;;;;;;;;;;;;;;;;;;;;;;;;;;;;;;;;;;;;;;;4.1;;;;;;;;;;;;;;;;;;;;;;;;;;;;;;;;;;;;;;;;;;;;;;;;;;;;;;;;;;;;;;;;;;;;;;;;;;;;;;;;4.7;;;;4.1;;;;;;;;;;;;;;;;;;;;;;;;;;;;;;;;
2025-08-11;;;;;;;;;;;;;;;;;;;;;;;;;;3.2;;;;;;;;;;;;;;;;;;;;;;;;;;;;;;;;;-4.3;;;;;;;;;;;;;;;;;;;;;;;;;;;;;;;;-5.2;;;;;;;;;;;;;;;;;;;;;;;;;;;4.0;;;;;;8.9;;4.0;8.1;;;6.9;;5.9;;;;;;10.3;;8.7;;;;;;;;;;;;;;;;;;;;;;;;;;;;;;;;;;;;;;;;;;;;;;;;;;;;;;;;;;;;;;;;;;;;;;;;;;;;;;;;;;;;;;;;;;;;;4.1;;1.0;;;;;;;;;;;;;;;;;;;;;;;;;;;;;;;;;;;;;;;;;;;;;;;;;;;;;;;;;;;;;;;;;;;;;;;;;;;;;;4.6;;;;4.0;;;;;;;;;;;;;;;;;;;;;;;;;;;;;;;;
2025-08-12;;;;;;;;;;;;;;;;;;;;;;;;;;3.2;;;;;;;;;;;;;;;;;;;;;;;;;;;;;;;;;-4.3;;;;;;;;;;;;;;;;;;;;;;;;;;;;;;;;-5.4;;;;;;;;;;;;;;;;;;;;;;;;;;;4.0;;;;;;8.9;;3.9;8.1;;;6.9;;5.8;;;;;;10.4;;8.7;;;;;;;;;;;;;;;;;;;;;;;;;;;;;;;;;;;;;;;;;;;;;;;;;;;;;;;;;;;;;;;;;;;;;;;;;;;;;;;;;;;;;;;;;;;;;4.0;;1.1;;;;;;;;;;;;;;;;;;;;;;;;;;;;;;;;;;;;;;;;;;;;;;;;;;;;;;;;;;;;;;;;;;;;;;;;;;;;;;4.5;;;;4.0;;;;;;;;;;;;;;;;;;;;;;;;;;;;;;;;
2025-08-13;;;;;;;;;;;;;;;;;;;;;;;;;;3.1;;;;;;;;;;;;;;;;;;;;;;;;;;;;;;;;;-4.3;;;;;;;;;;;;;;;;;;;;;;;;;;;;;;;;-5.5;;;;;;;;;;;;;;;;;;;;;;;;;;;4.0;;;;;;8.9;;4.0;8.2;;;6.9;;5.9;;;;;;10.5;;8.8;;;;;;;;;;;;;;;;;;;;;;;;;;;;;;;;;;;;;;;;;;;;;;;;;;;;;;;;;;;;;;;;;;;;;;;;;;;;;;;;;;;;;;;;;;;;;4.1;;1.0;;;;;;;;;;;;;;;;;;;;;;;;;;;;;;;;;;;;;;;;;;;;;;;;;;;;;;;;;;;;;;;;;;;;;;;;;;;;;;4.5;;;;4.1;;;;;;;;;;;;;;;;;;;;;;;;;;;;;;;;
2025-08-14;;;;;;;;;;;;;;;;;;;;;;;;;;3.0;;;;;;;;;;;;;;;;;;;;;;;;;;;;;;;;;-4.3;;;;;;;;;;;;;;;;;;;;;;;;;;;;;;;;-5.6;;;;;;;;;;;;;;;;;;;;;;;;;;;4.0;;;;;;8.9;;3.8;8.2;;;6.9;;5.8;;;;;;10.5;;8.7;;;;;;;;;;;;;;;;;;;;;;;;;;;;;;;;;;;;;;;;;;;;;;;;;;;;;;;;;;;;;;;;;;;;;;;;;;;;;;;;;;;;;;;;;;;;;4.1;;1.1;;;;;;;;;;;;;;;;;;;;;;;;;;;;;;;;;;;;;;;;;;;;;;;;;;;;;;;;;;;;;;;;;;;;;;;;;;;;;;4.6;;;;4.1;;;;;;;;;;;;;;;;;;;;;;;;;;;;;;;;
2025-08-15;;;;;;;;;;;;;;;;;;;;;;;;;;2.9;;;;;;;;;;;;;;;;;;;;;;;;;;;;;;;;;-4.4;;;;;;;;;;;;;;;;;;;;;;;;;;;;;;;;-5.7;;;;;;;;;;;;;;;;;;;;;;;;;;;4.0;;;;;;9.0;;3.8;8.3;;;6.8;;5.7;;;;;;10.5;;8.7;;;;;;;;;;;;;;;;;;;;;;;;;;;;;;;;;;;;;;;;;;;;;;;;;;;;;;;;;;;;;;;;;;;;;;;;;;;;;;;;;;;;;;;;;;;;;4.0;;1.0;;;;;;;;;;;;;;;;;;;;;;;;;;;;;;;;;;;;;;;;;;;;;;;;;;;;;;;;;;;;;;;;;;;;;;;;;;;;;;4.7;;;;4.2;;;;;;;;;;;;;;;;;;;;;;;;;;;;;;;;
2025-08-16;;;;;;;;;;;;;;;;;;;;;;;;;;2.8;;;;;;;;;;;;;;;;;;;;;;;;;;;;;;;;;-4.4;;;;;;;;;;;;;;;;;;;;;;;;;;;;;;;;-5.9;;;;;;;;;;;;;;;;;;;;;;;;;;;3.9;;;;;;9.0;;3.6;8.3;;;6.8;;5.6;;;;;;10.5;;8.6;;;;;;;;;;;;;;;;;;;;;;;;;;;;;;;;;;;;;;;;;;;;;;;;;;;;;;;;;;;;;;;;;;;;;;;;;;;;;;;;;;;;;;;;;;;;;4.1;;1.0;;;;;;;;;;;;;;;;;;;;;;;;;;;;;;;;;;;;;;;;;;;;;;;;;;;;;;;;;;;;;;;;;;;;;;;;;;;;;;4.7;;;;4.2;;;;;;;;;;;;;;;;;;;;;;;;;;;;;;;;
2025-08-17;;;;;;;;;;;;;;;;;;;;;;;;;;2.7;;;;;;;;;;;;;;;;;;;;;;;;;;;;;;;;;-4.4;;;;;;;;;;;;;;;;;;;;;;;;;;;;;;;;-5.9;;;;;;;;;;;;;;;;;;;;;;;;;;;3.9;;;;;;8.9;;3.4;8.2;;;6.6;;5.6;;;;;;10.5;;8.6;;;;;;;;;;;;;;;;;;;;;;;;;;;;;;;;;;;;;;;;;;;;;;;;;;;;;;;;;;;;;;;;;;;;;;;;;;;;;;;;;;;;;;;;;;;;;4.0;;0.9;;;;;;;;;;;;;;;;;;;;;;;;;;;;;;;;;;;;;;;;;;;;;;;;;;;;;;;;;;;;;;;;;;;;;;;;;;;;;;4.7;;;;4.1;;;;;;;;;;;;;;;;;;;;;;;;;;;;;;;;
2025-08-18;;;;;;;;;;;;;;;;;;;;;;;;;;2.8;;;;;;;;;;;;;;;;;;;;;;;;;;;;;;;;;-4.4;;;;;;;;;;;;;;;;;;;;;;;;;;;;;;;;-5.9;;;;;;;;;;;;;;;;;;;;;;;;;;;3.8;;;;;;8.8;;3.4;8.1;;;6.5;;5.6;;;;;;10.5;;8.5;;;;;;;;;;;;;;;;;;;;;;;;;;;;;;;;;;;;;;;;;;;;;;;;;;;;;;;;;;;;;;;;;;;;;;;;;;;;;;;;;;;;;;;;;;;;;;;;;;;;;;;;;;;;;;;;;;;;;;;;;;;;;;;;;;;;;;;;;;;;;;;;;;;;;;;;;;;;;;;;;;;;;;;;;;;;;4.7;;;;4.1;;;;;;;;;;;;;;;;;;;;;;;;;;;;;;;;
2025-08-19;;;;;;;;;;;;;;;;;;;;;;;;;;2.7;;;;;;;;;;;;;;;;;;;;;;;;;;;;;;;;;;;;;;;;;;;;;;;;;;;;;;;;;;;;;;;;;-5.9;;;;;;;;;;;;;;;;;;;;;;;;;;;3.8;;;;;;8.8;;3.4;8.2;;;6.4;;5.4;;;;;;10.3;;8.5;;;;;;;;;;;;;;;;;;;;;;;;;;;;;;;;;;;;;;;;;;;;;;;;;;;;;;;;;;;;;;;;;;;;;;;;;;;;;;;;;;;;;;;;;;;;;3.9;;;;;;;;;;;;;;;;;;;;;;;;;;;;;;;;;;;;;;;;;;;;;;;;;;;;;;;;;;;;;;;;;;;;;;;;;;;;;;;;4.6;;;;4.2;;;;;;;;;;;;;;;;;;;;;;;;;;;;;;;;
2025-08-20;;;;;;;;;;;;;;;;;;;;;;;;;;2.7;;;;;;;;;;;;;;;;;;;;;;;;;;;;;;;;;-4.4;;;;;;;;;;;;;;;;;;;;;;;;;;;;;;;;-5.7;;;;;;;;;;;;;;;;;;;;;;;;;;;3.9;;;;;;8.8;;3.4;8.2;;;6.5;;5.5;;;;;;10.3;;8.5;;;;;;;;;;;;;;;;;;;;;;;;;;;;;;;;;;;;;;;;;;;;;;;;;;;;;;;;;;;;;;;;;;;;;;;;;;;;;;;;;;;;;;;;;;;;;3.9;;;;;;;;;;;;;;;;;;;;;;;;;;;;;;;;;;;;;;;;;;;;;;;;;;;;;;;;;;;;;;;;;;;;;;;;;;;;;;;;4.5;;;;4.1;;;;;;;;;;;;;;;;;;;;;;;;;;;;;;;;
2025-08-21;;;;;;;;;;;;;;;;;;;;;;;;;;2.7;;;;;;;;;;;;;;;;;;;;;;;;;;;;;;;;;-4.4;;;;;;;;;;;;;;;;;;;;;;;;;;;;;;;;-5.8;;;;;;;;;;;;;;;;;;;;;;;;;;;3.9;;;;;;8.9;;3.3;8.3;;;6.5;;5.4;;;;;;10.3;;8.4;;;;;;;;;;;;;;;;;;;;;;;;;;;;;;;;;;;;;;;;;;;;;;;;;;;;;;;;;;;;;;;;;;;;;;;;;;;;;;;;;;;;;;;;;;;;;3.9;;1.0;;;;;;;;;;;;;;;;;;;;;;;;;;;;;;;;;;;;;;;;;;;;;;;;;;;;;;;;;;;;;;;;;;;;;;;;;;;;;;4.4;;;;4.0;;;;;;;;;;;;;;;;;;;;;;;;;;;;;;;;
2025-08-22;;;;;;;;;;;;;;;;;;;;;;;;;;2.7;;;;;;;;;;;;;;;;;;;;;;;;;;;;;;;;;-4.4;;;;;;;;;;;;;;;;;;;;;;;;;;;;;;;;-5.8;;;;;;;;;;;;;;;;;;;;;;;;;;;4.0;;;;;;8.9;;3.3;8.2;;;6.4;;5.3;;;;;;10.3;;8.3;;;;;;;;;;;;;;;;;;;;;;;;;;;;;;;;;;;;;;;;;;;;;;;;;;;;;;;;;;;;;;;;;;;;;;;;;;;;;;;;;;;;;;;;;;;;;3.9;;0.9;;;;;;;;;;;;;;;;;;;;;;;;;;;;;;;;;;;;;;;;;;;;;;;;;;;;;;;;;;;;;;;;;;;;;;;;;;;;;;4.4;;;;4.0;;;;;;;;;;;;;;;;;;;;;;;;;;;;;;;;
2025-08-23;;;;;;;;;;;;;;;;;;;;;;;;;;2.5;;;;;;;;;;;;;;;;;;;;;;;;;;;;;;;;;-4.4;;;;;;;;;;;;;;;;;;;;;;;;;;;;;;;;-6.0;;;;;;;;;;;;;;;;;;;;;;;;;;;4.1;;;;;;8.8;;3.2;8.2;;;6.4;;5.3;;;;;;10.3;;8.3;;;;;;;;;;;;;;;;;;;;;;;;;;;;;;;;;;;;;;;;;;;;;;;;;;;;;;;;;;;;;;;;;;;;;;;;;;;;;;;;;;;;;;;;;;;;;3.9;;0.9;;;;;;;;;;;;;;;;;;;;;;;;;;;;;;;;;;;;;;;;;;;;;;;;;;;;;;;;;;;;;;;;;;;;;;;;;;;;;;4.4;;;;4.1;;;;;;;;;;;;;;;;;;;;;;;;;;;;;;;;
2025-08-24;;;;;;;;;;;;;;;;;;;;;;;;;;2.5;;;;;;;;;;;;;;;;;;;;;;;;;;;;;;;;;-4.4;;;;;;;;;;;;;;;;;;;;;;;;;;;;;;;;-6.0;;;;;;;;;;;;;;;;;;;;;;;;;;;4.2;;;;;;8.9;;3.1;8.3;;;6.5;;5.3;;;;;;10.3;;8.3;;;;;;;;;;;;;;;;;;;;;;;;;;;;;;;;;;;;;;;;;;;;;;;;;;;;;;;;;;;;;;;;;;;;;;;;;;;;;;;;;;;;;;;;;;;;;4.0;;0.9;;;;;;;;;;;;;;;;;;;;;;;;;;;;;;;;;;;;;;;;;;;;;;;;;;;;;;;;;;;;;;;;;;;;;;;;;;;;;;4.3;;;;4.1;;;;;;;;;;;;;;;;;;;;;;;;;;;;;;;;
2025-08-25;;;;;;;;;;;;;;;;;;;;;;;;;;2.3;;;;;;;;;;;;;;;;;;;;;;;;;;;;;;;;;-4.4;;;;;;;;;;;;;;;;;;;;;;;;;;;;;;;;-6.1;;;;;;;;;;;;;;;;;;;;;;;;;;;4.3;;;;;;8.7;;3.0;8.3;;;6.4;;5.3;;;;;;10.3;;8.3;;;;;;;;;;;;;;;;;;;;;;;;;;;;;;;;;;;;;;;;;;;;;;;;;;;;;;;;;;;;;;;;;;;;;;;;;;;;;;;;;;;;;;;;;;;;;4.0;;0.8;;;;;;;;;;;;;;;;;;;;;;;;;;;;;;;;;;;;;;;;;;;;;;;;;;;;;;;;;;;;;;;;;;;;;;;;;;;;;;4.2;;;;4.2;;;;;;;;;;;;;;;;;;;;;;;;;;;;;;;;
2025-08-26;;;;;;;;;;;;;;;;;;;;;;;;;;2.2;;;;;;;;;;;;;;;;;;;;;;;;;;;;;;;;;;;;;;;;;;;;;;;;;;;;;;;;;;;;;;;;;-6.1;;;;;;;;;;;;;;;;;;;;;;;;;;;4.3;;;;;;8.7;;3.0;8.3;;;6.5;;5.3;;;;;;10.3;;8.4;;;;;;;;;;;;;;;;;;;;;;;;;;;;;;;;;;;;;;;;;;;;;;;;;;;;;;;;;;;;;;;;;;;;;;;;;;;;;;;;;;;;;;;;;;;;;4.0;;0.8;;;;;;;;;;;;;;;;;;;;;;;;;;;;;;;;;;;;;;;;;;;;;;;;;;;;;;;;;;;;;;;;;;;;;;;;;;;;;;4.3;;;;4.2;;;;;;;;;;;;;;;;;;;;;;;;;;;;;;;;
2025-08-27;;;;;;;;;;;;;;;;;;;;;;;;;;2.1;;;;;;;;;;;;;;;;;;;;;;;;;;;;;;;;;-4.5;;;;;;;;;;;;;;;;;;;;;;;;;;;;;;;;-6.0;;;;;;;;;;;;;;;;;;;;;;;;;;;4.3;;;;;;8.7;;3.0;8.3;;;6.5;;5.3;;;;;;10.3;;8.4;;;;;;;;;;;;;;;;;;;;;;;;;;;;;;;;;;;;;;;;;;;;;;;;;;;;;;;;;;;;;;;;;;;;;;;;;;;;;;;;;;;;;;;;;;;;;;;;;;;;;;;;;;;;;;;;;;;;;;;;;;;;;;;;;;;;;;;;;;;;;;;;;;;;;;;;;;;;;;;;;;;;;;;;;;;;;4.3;;;;4.1;;;;;;;;;;;;;;;;;;;;;;;;;;;;;;;;
2025-08-28;;;;;;;;;;;;;;;;;;;;;;;;;;2.0;;;;;;;;;;;;;;;;;;;;;;;;;;;;;;;;;-4.5;;;;;;;;;;;;;;;;;;;;;;;;;;;;;;;;-5.9;;;;;;;;;;;;;;;;;;;;;;;;;;;4.2;;;;;;8.8;;3.1;8.3;;;6.5;;5.3;;;;;;10.3;;8.4;;;;;;;;;;;;;;;;;;;;;;;;;;;;;;;;;;;;;;;;;;;;;;;;;;;;;;;;;;;;;;;;;;;;;;;;;;;;;;;;;;;;;;;;;;;;;;;;;;;;;;;;;;;;;;;;;;;;;;;;;;;;;;;;;;;;;;;;;;;;;;;;;;;;;;;;;;;;;;;;;;;;;;;;;;;;;4.3;;;;4.1;;;;;;;;;;;;;;;;;;;;;;;;;;;;;;;;
2025-08-29;;;;;;;;;;;;;;;;;;;;;;;;;;2.0;;;;;;;;;;;;;;;;;;;;;;;;;;;;;;;;;-4.6;;;;;;;;;;;;;;;;;;;;;;;;;;;;;;;;-6.0;;;;;;;;;;;;;;;;;;;;;;;;;;;4.1;;;;;;8.8;;3.2;8.3;;;6.6;;5.3;;;;;;10.2;;8.4;;;;;;;;;;;;;;;;;;;;;;;;;;;;;;;;;;;;;;;;;;;;;;;;;;;;;;;;;;;;;;;;;;;;;;;;;;;;;;;;;;;;;;;;;;;;;4.1;;0.8;;;;;;;;;;;;;;;;;;;;;;;;;;;;;;;;;;;;;;;;;;;;;;;;;;;;;;;;;;;;;;;;;;;;;;;;;;;;;;4.3;;;;4.2;;;;;;;;;;;;;;;;;;;;;;;;;;;;;;;;
2025-08-30;;;;;;;;;;;;;;;;;;;;;;;;;;1.9;;;;;;;;;;;;;;;;;;;;;;;;;;;;;;;;;-4.7;;;;;;;;;;;;;;;;;;;;;;;;;;;;;;;;0.9;;;;;;;;;;;;;;;;;;;;;;;;;;;4.1;;;;;;8.7;;3.4;8.3;;;6.7;;5.3;;;;;;10.2;;8.3;;;;;;;;;;;;;;;;;;;;;;;;;;;;;;;;;;;;;;;;;;;;;;;;;;;;;;;;;;;;;;;;;;;;;;;;;;;;;;;;;;;;;;;;;;;;;4.1;;0.8;;;;;;;;;;;;;;;;;;;;;;;;;;;;;;;;;;;;;;;;;;;;;;;;;;;;;;;;;;;;;;;;;;;;;;;;;;;;;;4.4;;;;4.1;;;;;;;;;;;;;;;;;;;;;;;;;;;;;;;;
2025-08-31;;;;;;;;;;;;;;;;;;;;;;;;;;1.9;;;;;;;;;;;;;;;;;;;;;;;;;;;;;;;;;-4.8;;;;;;;;;;;;;;;;;;;;;;;;;;;;;;;;0.8;;;;;;;;;;;;;;;;;;;;;;;;;;;4.1;;;;;;8.8;;3.5;8.3;;;6.8;;5.2;;;;;;10.1;;8.3;;;;;;;;;;;;;;;;;;;;;;;;;;;;;;;;;;;;;;;;;;;;;;;;;;;;;;;;;;;;;;;;;;;;;;;;;;;;;;;;;;;;;;;;;;;;;4.1;;0.8;;;;;;;;;;;;;;;;;;;;;;;;;;;;;;;;;;;;;;;;;;;;;;;;;;;;;;;;;;;;;;;;;;;;;;;;;;;;;;4.4;;;;4.1;;;;;;;;;;;;;;;;;;;;;;;;;;;;;;;;
2025-09-01;;;;;;;;;;;;;;;;;;;;;;;;;;2.0;;;;;;;;;;;;;;;;;;;;;;;;;;;;;;;;;-4.8;;;;;;;;;;;;;;;;;;;;;;;;;;;;;;;;2.7;;;;;;;;;;;;;;;;;;;;;;;;;;;4.0;;;;;;8.8;;3.5;8.2;;;6.9;;5.1;;;;;;10.1;;8.3;;;;;;;;;;;;;;;;;;;;;;;;;;;;;;;;;;;;;;;;;;;;;;;;;;;;;;;;;;;;;;;;;;;;;;;;;;;;;;;;;;;;;;;;;;;;;4.0;;0.7;;;;;;;;;;;;;;;;;;;;;;;;;;;;;;;;;;;;;;;;;;;;;;;;;;;;;;;;;;;;;;;;;;;;;;;;;;;;;;4.5;;;;4.2;;;;;;;;;;;;;;;;;;;;;;;;;;;;;;;;
2025-09-02;;;;;;;;;;;;;;;;;;;;;;;;;;2.2;;;;;;;;;;;;;;;;;;;;;;;;;;;;;;;;;-4.9;;;;;;;;;;;;;;;;;;;;;;;;;;;;;;;;2.5;;;;;;;;;;;;;;;;;;;;;;;;;;;3.9;;;;;;8.9;;3.6;8.2;;;6.9;;5.2;;;;;;10.1;;8.3;;;;;;;;;;;;;;;;;;;;;;;;;;;;;;;;;;;;;;;;;;;;;;;;;;;;;;;;;;;;;;;;;;;;;;;;;;;;;;;;;;;;;;;;;;;;;4.2;;;;;;;;;;;;;;;;;;;;;;;;;;;;;;;;;;;;;;;;;;;;;;;;;;;;;;;;;;;;;;;;;;;;;;;;;;;;;;;;4.4;;;;4.1;;;;;;;;;;;;;;;;;;;;;;;;;;;;;;;;
2025-09-03;;;;;;;;;;;;;;;;;;;;;;;;;;2.3;;;;;;;;;;;;;;;;;;;;;;;;;;;;;;;;;-5.0;;;;;;;;;;;;;;;;;;;;;;;;;;;;;;;;3.4;;;;;;;;;;;;;;;;;;;;;;;;;;;4.0;;;;;;9.0;;3.7;8.2;;;6.9;;5.2;;;;;;10.0;;8.4;;;;;;;;;;;;;;;;;;;;;;;;;;;;;;;;;;;;;;;;;;;;;;;;;;;;;;;;;;;;;;;;;;;;;;;;;;;;;;;;;;;;;;;;;;;;;4.2;;;;;;;;;;;;;;;;;;;;;;;;;;;;;;;;;;;;;;;;;;;;;;;;;;;;;;;;;;;;;;;;;;;;;;;;;;;;;;;;4.4;;;;4.2;;;;;;;;;;;;;;;;;;;;;;;;;;;;;;;;
2025-09-04;;;;;;;;;;;;;;;;;;;;;;;;;;2.2;;;;;;;;;;;;;;;;;;;;;;;;;;;;;;;;;-4.9;;;;;;;;;;;;;;;;;;;;;;;;;;;;;;;;3.3;;;;;;;;;;;;;;;;;;;;;;;;;;;3.9;;;;;;9.0;;3.7;8.1;;;7.0;;5.4;;;;;;10.1;;8.3;;;;;;;;;;;;;;;;;;;;;;;;;;;;;;;;;;;;;;;;;;;;;;;;;;;;;;;;;;;;;;;;;;;;;;;;;;;;;;;;;;;;;;;;;;;;;4.2;;0.7;;;;;;;;;;;;;;;;;;;;;;;;;;;;;;;;;;;;;;;;;;;;;;;;;;;;;;;;;;;;;;;;;;;;;;;;;;;;;;4.4;;;;4.2;;;;;;;;;;;;;;;;;;;;;;;;;;;;;;;;
2025-09-05;;;;;;;;;;;;;;;;;;;;;;;;;;2.1;;;;;;;;;;;;;;;;;;;;;;;;;;;;;;;;;-4.9;;;;;;;;;;;;;;;;;;;;;;;;;;;;;;;;3.2;;;;;;;;;;;;;;;;;;;;;;;;;;;4.0;;;;;;9.1;;3.7;8.1;;;7.1;;5.4;;;;;;10.0;;8.4;;;;;;;;;;;;;;;;;;;;;;;;;;;;;;;;;;;;;;;;;;;;;;;;;;;;;;;;;;;;;;;;;;;;;;;;;;;;;;;;;;;;;;;;;;;;;4.2;;0.8;;;;;;;;;;;;;;;;;;;;;;;;;;;;;;;;;;;;;;;;;;;;;;;;;;;;;;;;;;;;;;;;;;;;;;;;;;;;;;4.5;;;;4.2;;;;;;;;;;;;;;;;;;;;;;;;;;;;;;;;
2025-09-06;;;;;;;;;;;;;;;;;;;;;;;;;;2.1;;;;;;;;;;;;;;;;;;;;;;;;;;;;;;;;;-4.9;;;;;;;;;;;;;;;;;;;;;;;;;;;;;;;;3.1;;;;;;;;;;;;;;;;;;;;;;;;;;;4.0;;;;;;9.1;;3.7;8.0;;;7.2;;5.5;;;;;;10.0;;8.4;;;;;;;;;;;;;;;;;;;;;;;;;;;;;;;;;;;;;;;;;;;;;;;;;;;;;;;;;;;;;;;;;;;;;;;;;;;;;;;;;;;;;;;;;;;;;4.2;;0.8;;;;;;;;;;;;;;;;;;;;;;;;;;;;;;;;;;;;;;;;;;;;;;;;;;;;;;;;;;;;;;;;;;;;;;;;;;;;;;4.6;;;;4.2;;;;;;;;;;;;;;;;;;;;;;;;;;;;;;;;
2025-09-07;;;;;;;;;;;;;;;;;;;;;;;;;;2.1;;;;;;;;;;;;;;;;;;;;;;;;;;;;;;;;;-4.9;;;;;;;;;;;;;;;;;;;;;;;;;;;;;;;;2.8;;;;;;;;;;;;;;;;;;;;;;;;;;;4.0;;;;;;9.1;;3.7;8.0;;;7.2;;5.4;;;;;;10.1;;8.4;;;;;;;;;;;;;;;;;;;;;;;;;;;;;;;;;;;;;;;;;;;;;;;;;;;;;;;;;;;;;;;;;;;;;;;;;;;;;;;;;;;;;;;;;;;;;4.3;;0.9;;;;;;;;;;;;;;;;;;;;;;;;;;;;;;;;;;;;;;;;;;;;;;;;;;;;;;;;;;;;;;;;;;;;;;;;;;;;;;4.5;;;;4.1;;;;;;;;;;;;;;;;;;;;;;;;;;;;;;;;
2025-09-08;;;;;;;;;;;;;;;;;;;;;;;;;;2.1;;;;;;;;;;;;;;;;;;;;;;;;;;;;;;;;;-4.9;;;;;;;;;;;;;;;;;;;;;;;;;;;;;;;;2.8;;;;;;;;;;;;;;;;;;;;;;;;;;;4.2;;;;;;9.1;;3.8;8.0;;;7.3;;5.5;;;;;;10.1;;8.4;;;;;;;;;;;;;;;;;;;;;;;;;;;;;;;;;;;;;;;;;;;;;;;;;;;;;;;;;;;;;;;;;;;;;;;;;;;;;;;;;;;;;;;;;;;;;4.3;;1.0;;;;;;;;;;;;;;;;;;;;;;;;;;;;;;;;;;;;;;;;;;;;;;;;;;;;;;;;;;;;;;;;;;;;;;;;;;;;;;4.6;;;;4.1;;;;;;;;;;;;;;;;;;;;;;;;;;;;;;;;
2025-09-09;;;;;;;;;;;;;;;;;;;;;;;;;;2.1;;;;;;;;;;;;;;;;;;;;;;;;;;;;;;;;;-4.9;;;;;;;;;;;;;;;;;;;;;;;;;;;;;;;;2.8;;;;;;;;;;;;;;;;;;;;;;;;;;;4.1;;;;;;9.1;;3.7;8.1;;;7.2;;5.5;;;;;;10.0;;8.4;;;;;;;;;;;;;;;;;;;;;;;;;;;;;;;;;;;;;;;;;;;;;;;;;;;;;;;;;;;;;;;;;;;;;;;;;;;;;;;;;;;;;;;;;;;;;4.2;;1.3;;;;;;;;;;;;;;;;;;;;;;;;;;;;;;;;;;;;;;;;;;;;;;;;;;;;;;;;;;;;;;;;;;;;;;;;;;;;;;4.6;;;;4.0;;;;;;;;;;;;;;;;;;;;;;;;;;;;;;;;
2025-09-10;;;;;;;;;;;;;;;;;;;;;;;;;;2.1;;;;;;;;;;;;;;;;;;;;;;;;;;;;;;;;;-4.9;;;;;;;;;;;;;;;;;;;;;;;;;;;;;;;;2.9;;;;;;;;;;;;;;;;;;;;;;;;;;;4.1;;;;;;9.0;;3.8;8.1;;;7.3;;5.5;;;;;;10.0;;8.5;;;;;;;;;;;;;;;;;;;;;;;;;;;;;;;;;;;;;;;;;;;;;;;;;;;;;;;;;;;;;;;;;;;;;;;;;;;;;;;;;;;;;;;;;;;;;4.1;;1.8;;;;;;;;;;;;;;;;;;;;;;;;;;;;;;;;;;;;;;;;;;;;;;;;;;;;;;;;;;;;;;;;;;;;;;;;;;;;;;4.6;;;;4.0;;;;;;;;;;;;;;;;;;;;;;;;;;;;;;;;
2025-09-11;;;;;;;;;;;;;;;;;;;;;;;;;;2.2;;;;;;;;;;;;;;;;;;;;;;;;;;;;;;;;;-4.9;;;;;;;;;;;;;;;;;;;;;;;;;;;;;;;;2.7;;;;;;;;;;;;;;;;;;;;;;;;;;;4.1;;;;;;9.1;;3.9;8.1;;;7.4;;5.5;;;;;;9.9;;8.5;;;;;;;;;;;;;;;;;;;;;;;;;;;;;;;;;;;;;;;;;;;;;;;;;;;;;;;;;;;;;;;;;;;;;;;;;;;;;;;;;;;;;;;;;;;;;4.1;;2.3;;;;;;;;;;;;;;;;;;;;;;;;;;;;;;;;;;;;;;;;;;;;;;;;;;;;;;;;;;;;;;;;;;;;;;;;;;;;;;4.7;;;;4.0;;;;;;;;;;;;;;;;;;;;;;;;;;;;;;;;
2025-09-12;;;;;;;;;;;;;;;;;;;;;;;;;;2.2;;;;;;;;;;;;;;;;;;;;;;;;;;;;;;;;;-4.9;;;;;;;;;;;;;;;;;;;;;;;;;;;;;;;;2.5;;;;;;;;;;;;;;;;;;;;;;;;;;;4.1;;;;;;9.0;;3.9;8.1;;;7.4;;5.5;;;;;;9.8;;8.5;;;;;;;;;;;;;;;;;;;;;;;;;;;;;;;;;;;;;;;;;;;;;;;;;;;;;;;;;;;;;;;;;;;;;;;;;;;;;;;;;;;;;;;;;;;;;4.1;;2.4;;;;;;;;;;;;;;;;;;;;;;;;;;;;;;;;;;;;;;;;;;;;;;;;;;;;;;;;;;;;;;;;;;;;;;;;;;;;;;4.7;;;;4.0;;;;;;;;;;;;;;;;;;;;;;;;;;;;;;;;
2025-09-13;;;;;;;;;;;;;;;;;;;;;;;;;;2.3;;;;;;;;;;;;;;;;;;;;;;;;;;;;;;;;;-4.8;;;;;;;;;;;;;;;;;;;;;;;;;;;;;;;;2.4;;;;;;;;;;;;;;;;;;;;;;;;;;;4.1;;;;;;9.0;;3.9;8.1;;;7.4;;5.5;;;;;;9.8;;8.5;;;;;;;;;;;;;;;;;;;;;;;;;;;;;;;;;;;;;;;;;;;;;;;;;;;;;;;;;;;;;;;;;;;;;;;;;;;;;;;;;;;;;;;;;;;;;4.1;;2.4;;;;;;;;;;;;;;;;;;;;;;;;;;;;;;;;;;;;;;;;;;;;;;;;;;;;;;;;;;;;;;;;;;;;;;;;;;;;;;;;;;4.0;;;;;;;;;;;;;;;;;;;;;;;;;;;;;;;;
2025-09-14;;;;;;;;;;;;;;;;;;;;;;;;;;2.5;;;;;;;;;;;;;;;;;;;;;;;;;;;;;;;;;-4.8;;;;;;;;;;;;;;;;;;;;;;;;;;;;;;;;2.0;;;;;;;;;;;;;;;;;;;;;;;;;;;4.1;;;;;;8.8;;3.9;8.1;;;7.3;;5.5;;;;;;9.8;;8.0;;;;;;;;;;;;;;;;;;;;;;;;;;;;;;;;;;;;;;;;;;;;;;;;;;;;;;;;;;;;;;;;;;;;;;;;;;;;;;;;;;;;;;;;;;;;;4.1;;2.4;;;;;;;;;;;;;;;;;;;;;;;;;;;;;;;;;;;;;;;;;;;;;;;;;;;;;;;;;;;;;;;;;;;;;;;;;;;;;;;;;;;;;;;;;;;;;;;;;;;;;;;;;;;;;;;;;;
2025-09-15;;;;;;;;;;;;;;;;;;;;;;;;;;2.7;;;;;;;;;;;;;;;;;;;;;;;;;;;;;;;;;-4.8;;;;;;;;;;;;;;;;;;;;;;;;;;;;;;;;1.8;;;;;;;;;;;;;;;;;;;;;;;;;;;4.2;;;;;;9.0;;4.0;8.1;;;7.4;;5.5;;;;;;8.5;;8.1;;;;;;;;;;;;;;;;;;;;;;;;;;;;;;;;;;;;;;;;;;;;;;;;;;;;;;;;;;;;;;;;;;;;;;;;;;;;;;;;;;;;;;;;;;;;;4.1;;2.4;;;;;;;;;;;;;;;;;;;;;;;;;;;;;;;;;;;;;;;;;;;;;;;;;;;;;;;;;;;;;;;;;;;;;;;;;;;;;;;;;;;;;;;;;;;;;;;;;;;;;;;;;;;;;;;;;;
2025-09-16;;;;;;;;;;;;;;;;;;;;;;;;;;2.9;;;;;;;;;;;;;;;;;;;;;;;;;;;;;;;;;-4.8;;;;;;;;;;;;;;;;;;;;;;;;;;;;;;;;1.8;;;;;;;;;;;;;;;;;;;;;;;;;;;4.2;;;;;;9.1;;3.9;7.0;;;5.6;;4.7;;;;;;8.6;;6.8;;;;;;;;;;;;;;;;;;;;;;;;;;;;;;;;;;;;;;;;;;;;;;;;;;;;;;;;;;;;;;;;;;;;;;;;;;;;;;;;;;;;;;;;;;;;;4.1;;1.9;;;;;;;;;;;;;;;;;;;;;;;;;;;;;;;;;;;;;;;;;;;;;;;;;;;;;;;;;;;;;;;;;;;;;;;;;;;;;;;;;;;;;;;;;;;;;;;;;;;;;;;;;;;;;;;;;;
2025-09-17;;;;;;;;;;;;;;;;;;;;;;;;;;2.8;;;;;;;;;;;;;;;;;;;;;;;;;;;;;;;;;-4.7;;;;;;;;;;;;;;;;;;;;;;;;;;;;;;;;1.7;;;;;;;;;;;;;;;;;;;;;;;;;;;4.2;;;;;;9.0;;3.9;7.0;;;5.5;;4.7;;;;;;8.6;;6.7;;;;;;;;;;;;;;;;;;;;;;;;;;;;;;;;;;;;;;;;;;;;;;;;;;;;;;;;;;;;;;;;;;;;;;;;;;;;;;;;;;;;;;;;;;;;;4.1;;2.0;;;;;;;;;;;;;;;;;;;;;;;;;;;;;;;;;;;;;;;;;;;;;;;;;;;;;;;;;;;;;;;;;;;;;;;;;;;;;;;;;;;;;;;;;;;;;;;;;;;;;;;;;;;;;;;;;;
2025-09-18;;;;;;;;;;;;;;;;;;;;;;;;;;2.9;;;;;;;;;;;;;;;;;;;;;;;;;;;;;;;;;-4.7;;;;;;;;;;;;;;;;;;;;;;;;;;;;;;;;1.8;;;;;;;;;;;;;;;;;;;;;;;;;;;4.1;;;;;;9.0;;3.8;5.7;;;4.0;;3.8;;;;;;7.3;;5.8;;;;;;;;;;;;;;;;;;;;;;;;;;;;;;;;;;;;;;;;;;;;;;;;;;;;;;;;;;;;;;;;;;;;;;;;;;;;;;;;;;;;;;;;;;;;;4.1;;;;;;;;;;;;;;;;;;;;;;;;;;;;;;;;;;;;;;;;;;;;;;;;;;;;;;;;;;;;;;;;;;;;;;;;;;;;;;;;;;;;;;;;;;;;;;;;;;;;;;;;;;;;;;;;;;;;
2025-09-19;;;;;;;;;;;;;;;;;;;;;;;;;;2.9;;;;;;;;;;;;;;;;;;;;;;;;;;;;;;;;;-4.6;;;;;;;;;;;;;;;;;;;;;;;;;;;;;;;;1.8;;;;;;;;;;;;;;;;;;;;;;;;;;;4.2;;;;;;9.1;;3.8;5.6;;;3.9;;3.9;;;;;;7.3;;5.8;;;;;;;;;;;;;;;;;;;;;;;;;;;;;;;;;;;;;;;;;;;;;;;;;;;;;;;;;;;;;;;;;;;;;;;;;;;;;;;;;;;;;;;;;;;;;4.1;;2.3;;;;;;;;;;;;;;;;;;;;;;;;;;;;;;;;;;;;;;;;;;;;;;;;;;;;;;;;;;;;;;;;;;;;;;;;;;;;;;;;;;;;;;;;;;;;;;;;;;;;;;;;;;;;;;;;;;
2025-09-20;;;;;;;;;;;;;;;;;;;;;;;;;;2.9;;;;;;;;;;;;;;;;;;;;;;;;;;;;;;;;;-4.5;;;;;;;;;;;;;;;;;;;;;;;;;;;;;;;;1.8;;;;;;;;;;;;;;;;;;;;;;;;;;;4.3;;;;;;9.1;;3.7;5.7;;;3.6;;3.1;;;;;;6.3;;5.0;;;;;;;;;;;;;;;;;;;;;;;;;;;;;;;;;;;;;;;;;;;;;;;;;;;;;;;;;;;;;;;;;;;;;;;;;;;;;;;;;;;;;;;;;;;;;4.1;;2.2;;;;;;;;;;;;;;;;;;;;;;;;;;;;;;;;;;;;;;;;;;;;;;;;;;;;;;;;;;;;;;;;;;;;;;;;;;;;;;;;;;;;;;;;;;;;;;;;;;;;;;;;;;;;;;;;;;
2025-09-21;;;;;;;;;;;;;;;;;;;;;;;;;;2.8;;;;;;;;;;;;;;;;;;;;;;;;;;;;;;;;;-4.4;;;;;;;;;;;;;;;;;;;;;;;;;;;;;;;;1.8;;;;;;;;;;;;;;;;;;;;;;;;;;;4.1;;;;;;9.0;;3.6;5.7;;;3.6;;2.9;;;;;;6.3;;4.8;;;;;;;;;;;;;;;;;;;;;;;;;;;;;;;;;;;;;;;;;;;;;;;;;;;;;;;;;;;;;;;;;;;;;;;;;;;;;;;;;;;;;;;;;;;;;4.1;;2.6;;;;;;;;;;;;;;;;;;;;;;;;;;;;;;;;;;;;;;;;;;;;;;;;;;;;;;;;;;;;;;;;;;;;;;;;;;;;;;5.0;;;;4.0;;;;;;;;;;;;;;;;;;;;;;;;;;;;;;;;
2025-09-22;;;;;;;;;;;;;;;;;;;;;;;;;;2.8;;;;;;;;;;;;;;;;;;;;;;;;;;;;;;;;;-4.3;;;;;;;;;;;;;;;;;;;;;;;;;;;;;;;;2.0;;;;;;;;;;;;;;;;;;;;;;;;;;;4.1;;;;;;9.1;;3.6;5.7;;;3.6;;2.9;;;;;;6.2;;4.7;;;;;;;;;;;;;;;;;;;;;;;;;;;;;;;;;;;;;;;;;;;;;;;;;;;;;;;;;;;;;;;;;;;;;;;;;;;;;;;;;;;;;;;;;;;;;4.1;;2.5;;;;;;;;;;;;;;;;;;;;;;;;;;;;;;;;;;;;;;;;;;;;;;;;;;;;;;;;;;;;;;;;;;;;;;;;;;;;;;5.0;;;;4.0;;;;;;;;;;;;;;;;;;;;;;;;;;;;;;;;
2025-09-23;;;;;;;;;;;;;;;;;;;;;;;;;;2.8;;;;;;;;;;;;;;;;;;;;;;;;;;;;;;;;;-4.2;;;;;;;;;;;;;;;;;;;;;;;;;;;;;;;;2.1;;;;;;;;;;;;;;;;;;;;;;;;;;;4.0;;;;;;8.9;;3.5;5.7;;;3.7;;2.8;;;;;;6.1;;4.7;;;;;;;;;;;;;;;;;;;;;;;;;;;;;;;;;;;;;;;;;;;;;;;;;;;;;;;;;;;;;;;;;;;;;;;;;;;;;;;;;;;;;;;;;;;;;4.2;;;;;;;;;;;;;;;;;;;;;;;;;;;;;;;;;;;;;;;;;;;;;;;;;;;;;;;;;;;;;;;;;;;;;;;;;;;;;;;;4.7;;;;3.9;;;;;;;;;;;;;;;;;;;;;;;;;;;;;;;;
2025-09-24;;;;;;;;;;;;;;;;;;;;;;;;;;2.8;;;;;;;;;;;;;;;;;;;;;;;;;;;;;;;;;-4.1;;;;;;;;;;;;;;;;;;;;;;;;;;;;;;;;1.8;;;;;;;;;;;;;;;;;;;;;;;;;;;4.0;;;;;;8.9;;3.5;5.6;;;3.8;;2.7;;;;;;5.9;;4.7;;;;;;;;;;;;;;;;;;;;;;;;;;;;;;;;;;;;;;;;;;;;;;;;;;;;;;;;;;;;;;;;;;;;;;;;;;;;;;;;;;;;;;;;;;;;;4.2;;;;;;;;;;;;;;;;;;;;;;;;;;;;;;;;;;;;;;;;;;;;;;;;;;;;;;;;;;;;;;;;;;;;;;;;;;;;;;;;4.7;;;;3.9;;;;;;;;;;;;;;;;;;;;;;;;;;;;;;;;
2025-09-25;;;;;;;;;;;;;;;;;;;;;;;;;;2.8;;;;;;;;;;;;;;;;;;;;;;;;;;;;;;;;;-3.8;;;;;;;;;;;;;;;;;;;;;;;;;;;;;;;;1.5;;;;;;;;;;;;;;;;;;;;;;;;;;;4.0;;;;;;8.8;;3.4;5.5;;;3.8;;2.5;;;;;;5.9;;4.7;;;;;;;;;;;;;;;;;;;;;;;;;;;;;;;;;;;;;;;;;;;;;;;;;;;;;;;;;;;;;;;;;;;;;;;;;;;;;;;;;;;;;;;;;;;;;4.1;;;;;;;;;;;;;;;;;;;;;;;;;;;;;;;;;;;;;;;;;;;;;;;;;;;;;;;;;;;;;;;;;;;;;;;;;;;;;;;;4.5;;;;3.9;;;;;;;;;;;;;;;;;;;;;;;;;;;;;;;;
2025-09-26;;;;;;;;;;;;;;;;;;;;;;;;;;2.8;;;;;;;;;;;;;;;;;;;;;;;;;;;;;;;;;-3.7;;;;;;;;;;;;;;;;;;;;;;;;;;;;;;;;1.4;;;;;;;;;;;;;;;;;;;;;;;;;;;4.0;;;;;;8.9;;3.3;5.6;;;3.8;;2.4;;;;;;5.8;;4.6;;;;;;;;;;;;;;;;;;;;;;;;;;;;;;;;;;;;;;;;;;;;;;;;;;;;;;;;;;;;;;;;;;;;;;;;;;;;;;;;;;;;;;;;;;;;;4.1;;;;;;;;;;;;;;;;;;;;;;;;;;;;;;;;;;;;;;;;;;;;;;;;;;;;;;;;;;;;;;;;;;;;;;;;;;;;;;;;4.3;;;;4.0;;;;;;;;;;;;;;;;;;;;;;;;;;;;;;;;
2025-09-27;;;;;;;;;;;;;;;;;;;;;;;;;;2.8;;;;;;;;;;;;;;;;;;;;;;;;;;;;;;;;;-3.6;;;;;;;;;;;;;;;;;;;;;;;;;;;;;;;;1.5;;;;;;;;;;;;;;;;;;;;;;;;;;;3.9;;;;;;8.8;;3.3;5.5;;;3.6;;2.3;;;;;;5.8;;4.5;;;;;;;;;;;;;;;;;;;;;;;;;;;;;;;;;;;;;;;;;;;;;;;;;;;;;;;;;;;;;;;;;;;;;;;;;;;;;;;;;;;;;;;;;;;;;4.1;;;;;;;;;;;;;;;;;;;;;;;;;;;;;;;;;;;;;;;;;;;;;;;;;;;;;;;;;;;;;;;;;;;;;;;;;;;;;;;;4.1;;;;3.8;;;;;;;;;;;;;;;;;;;;;;;;;;;;;;;;
2025-09-28;;;;;;;;;;;;;;;;;;;;;;;;;;2.9;;;;;;;;;;;;;;;;;;;;;;;;;;;;;;;;;-3.4;;;;;;;;;;;;;;;;;;;;;;;;;;;;;;;;1.4;;;;;;;;;;;;;;;;;;;;;;;;;;;3.9;;;;;;8.8;;3.3;5.6;;;3.7;;2.3;;;;;;5.7;;4.3;;;;;;;;;;;;;;;;;;;;;;;;;;;;;;;;;;;;;;;;;;;;;;;;;;;;;;;;;;;;;;;;;;;;;;;;;;;;;;;;;;;;;;;;;;;;;4.2;;;;;;;;;;;;;;;;;;;;;;;;;;;;;;;;;;;;;;;;;;;;;;;;;;;;;;;;;;;;;;;;;;;;;;;;;;;;;;;;4.2;;;;3.9;;;;;;;;;;;;;;;;;;;;;;;;;;;;;;;;
2025-09-29;;;;;;;;;;;;;;;;;;;;;;;;;;2.9;;;;;;;;;;;;;;;;;;;;;;;;;;;;;;;;;-3.2;;;;;;;;;;;;;;;;;;;;;;;;;;;;;;;;1.5;;;;;;;;;;;;;;;;;;;;;;;;;;;3.8;;;;;;8.7;;3.4;5.5;;;3.8;;2.4;;;;;;5.7;;4.4;;;;;;;;;;;;;;;;;;;;;;;;;;;;;;;;;;;;;;;;;;;;;;;;;;;;;;;;;;;;;;;;;;;;;;;;;;;;;;;;;;;;;;;;;;;;;4.1;;;;;;;;;;;;;;;;;;;;;;;;;;;;;;;;;;;;;;;;;;;;;;;;;;;;;;;;;;;;;;;;;;;;;;;;;;;;;;;;4.3;;;;3.9;;;;;;;;;;;;;;;;;;;;;;;;;;;;;;;;
2025-09-30;;;;;;;;;;;;;;;;;;;;;;;;;;2.9;;;;;;;;;;;;;;;;;;;;;;;;;;;;;;;;;-3.0;;;;;;;;;;;;;;;;;;;;;;;;;;;;;;;;1.5;;;;;;;;;;;;;;;;;;;;;;;;;;;3.8;;;;;;8.7;;3.4;5.5;;;3.7;;2.4;;;;;;5.7;;4.4;;;;;;;;;;;;;;;;;;;;;;;;;;;;;;;;;;;;;;;;;;;;;;;;;;;;;;;;;;;;;;;;;;;;;;;;;;;;;;;;;;;;;;;;;;;;;4.1;;;;;;;;;;;;;;;;;;;;;;;;;;;;;;;;;;;;;;;;;;;;;;;;;;;;;;;;;;;;;;;;;;;;;;;;;;;;;;;;4.2;;;;3.8;;;;;;;;;;;;;;;;;;;;;;;;;;;;;;;;
2025-10-01;;;;;;;;;;;;;;;;;;;;;;;;;;2.7;;;;;;;;;;;;;;;;;;;;;;;;;;;;;;;;;-2.9;;;;;;;;;;;;;;;;;;;;;;;;;;;;;;;;1.5;;;;;;;;;;;;;;;;;;;;;;;;;;;3.6;;;;;;8.7;;3.3;5.5;;;3.6;;2.4;;;;;;5.6;;4.3;;;;;;;;;;;;;;;;;;;;;;;;;;;;;;;;;;;;;;;;;;;;;;;;;;;;;;;;;;;;;;;;;;;;;;;;;;;;;;;;;;;;;;;;;;;;;4.1;;;;;;;;;;;;;;;;;;;;;;;;;;;;;;;;;;;;;;;;;;;;;;;;;;;;;;;;;;;;;;;;;;;;;;;;;;;;;;;;4.1;;;;3.8;;;;;;;;;;;;;;;;;;;;;;;;;;;;;;;;
2025-10-02;;;;;;;;;;;;;;;;;;;;;;;;;;2.6;;;;;;;;;;;;;;;;;;;;;;;;;;;;;;;;;-2.9;;;;;;;;;;;;;;;;;;;;;;;;;;;;;;;;1.3;;;;;;;;;;;;;;;;;;;;;;;;;;;3.5;;;;;;8.6;;3.3;5.5;;;3.5;;2.4;;;;;;5.6;;4.2;;;;;;;;;;;;;;;;;;;;;;;;;;;;;;;;;;;;;;;;;;;;;;;;;;;;;;;;;;;;;;;;;;;;;;;;;;;;;;;;;;;;;;;;;;;;;4.0;;;;;;;;;;;;;;;;;;;;;;;;;;;;;;;;;;;;;;;;;;;;;;;;;;;;;;;;;;;;;;;;;;;;;;;;;;;;;;;;3.9;;;;3.6;;;;;;;;;;;;;;;;;;;;;;;;;;;;;;;;
2025-10-03;;;;;;;;;;;;;;;;;;;;;;;;;;2.7;;;;;;;;;;;;;;;;;;;;;;;;;;;;;;;;;-3.1;;;;;;;;;;;;;;;;;;;;;;;;;;;;;;;;1.3;;;;;;;;;;;;;;;;;;;;;;;;;;;3.5;;;;;;8.7;;3.3;5.5;;;3.5;;2.3;;;;;;5.6;;4.2;;;;;;;;;;;;;;;;;;;;;;;;;;;;;;;;;;;;;;;;;;;;;;;;;;;;;;;;;;;;;;;;;;;;;;;;;;;;;;;;;;;;;;;;;;;;;4.0;;;;;;;;;;;;;;;;;;;;;;;;;;;;;;;;;;;;;;;;;;;;;;;;;;;;;;;;;;;;;;;;;;;;;;;;;;;;;;;;3.6;;;;3.7;;;;;;;;;;;;;;;;;;;;;;;;;;;;;;;;
2025-10-04;;;;;;;;;;;;;;;;;;;;;;;;;;2.6;;;;;;;;;;;;;;;;;;;;;;;;;;;;;;;;;-3.1;;;;;;;;;;;;;;;;;;;;;;;;;;;;;;;;1.3;;;;;;;;;;;;;;;;;;;;;;;;;;;3.6;;;;;;8.7;;3.3;5.5;;;3.6;;2.5;;;;;;5.7;;4.2;;;;;;;;;;;;;;;;;;;;;;;;;;;;;;;;;;;;;;;;;;;;;;;;;;;;;;;;;;;;;;;;;;;;;;;;;;;;;;;;;;;;;;;;;;;;;4.0;;;;;;;;;;;;;;;;;;;;;;;;;;;;;;;;;;;;;;;;;;;;;;;;;;;;;;;;;;;;;;;;;;;;;;;;;;;;;;;;3.4;;;;3.4;;;;;;;;;;;;;;;;;;;;;;;;;;;;;;;;
2025-10-05;;;;;;;;;;;;;;;;;;;;;;;;;;2.7;;;;;;;;;;;;;;;;;;;;;;;;;;;;;;;;;-3.3;;;;;;;;;;;;;;;;;;;;;;;;;;;;;;;;1.2;;;;;;;;;;;;;;;;;;;;;;;;;;;3.6;;;;;;8.7;;3.4;5.6;;;3.6;;2.5;;;;;;5.6;;4.2;;;;;;;;;;;;;;;;;;;;;;;;;;;;;;;;;;;;;;;;;;;;;;;;;;;;;;;;;;;;;;;;;;;;;;;;;;;;;;;;;;;;;;;;;;;;;4.0;;;;;;;;;;;;;;;;;;;;;;;;;;;;;;;;;;;;;;;;;;;;;;;;;;;;;;;;;;;;;;;;;;;;;;;;;;;;;;;;3.5;;;;3.4;;;;;;;;;;;;;;;;;;;;;;;;;;;;;;;;
2025-10-06;;;;;;;;;;;;;;;;;;;;;;;;;;2.7;;;;;;;;;;;;;;;;;;;;;;;;;;;;;;;;;-3.2;;;;;;;;;;;;;;;;;;;;;;;;;;;;;;;;1.2;;;;;;;;;;;;;;;;;;;;;;;;;;;3.6;;;;;;8.7;;3.4;5.6;;;3.5;;2.4;;;;;;5.5;;4.1;;;;;;;;;;;;;;;;;;;;;;;;;;;;;;;;;;;;;;;;;;;;;;;;;;;;;;;;;;;;;;;;;;;;;;;;;;;;;;;;;;;;;;;;;;;;;4.0;;;;;;;;;;;;;;;;;;;;;;;;;;;;;;;;;;;;;;;;;;;;;;;;;;;;;;;;;;;;;;;;;;;;;;;;;;;;;;;;3.6;;;;3.5;;;;;;;;;;;;;;;;;;;;;;;;;;;;;;;;
2025-10-07;;;;;;;;;;;;;;;;;;;;;;;;;;2.8;;;;;;;;;;;;;;;;;;;;;;;;;;;;;;;;;-3.5;;;;;;;;;;;;;;;;;;;;;;;;;;;;;;;;0.8;;;;;;;;;;;;;;;;;;;;;;;;;;;3.6;;;;;;8.8;;3.4;5.5;;;3.6;;2.4;;;;;;5.5;;4.2;;;;;;;;;;;;;;;;;;;;;;;;;;;;;;;;;;;;;;;;;;;;;;;;;;;;;;;;;;;;;;;;;;;;;;;;;;;;;;;;;;;;;;;;;;;;;4.0;;;;;;;;;;;;;;;;;;;;;;;;;;;;;;;;;;;;;;;;;;;;;;;;;;;;;;;;;;;;;;;;;;;;;;;;;;;;;;;;3.6;;;;3.5;;;;;;;;;;;;;;;;;;;;;;;;;;;;;;;;
2025-10-08;;;;;;;;;;;;;;;;;;;;;;;;;;2.8;;;;;;;;;;;;;;;;;;;;;;;;;;;;;;;;;-3.6;;;;;;;;;;;;;;;;;;;;;;;;;;;;;;;;0.7;;;;;;;;;;;;;;;;;;;;;;;;;;;3.6;;;;;;8.8;;3.4;5.6;;;3.7;;2.3;;;;;;5.5;;4.3;;;;;;;;;;;;;;;;;;;;;;;;;;;;;;;;;;;;;;;;;;;;;;;;;;;;;;;;;;;;;;;;;;;;;;;;;;;;;;;;;;;;;;;;;;;;;4.1;;;;;;;;;;;;;;;;;;;;;;;;;;;;;;;;;;;;;;;;;;;;;;;;;;;;;;;;;;;;;;;;;;;;;;;;;;;;;;;;3.6;;;;3.5;;;;;;;;;;;;;;;;;;;;;;;;;;;;;;;;
2025-10-09;;;;;;;;;;;;;;;;;;;;;;;;;;2.8;;;;;;;;;;;;;;;;;;;;;;;;;;;;;;;;;-3.7;;;;;;;;;;;;;;;;;;;;;;;;;;;;;;;;0.6;;;;;;;;;;;;;;;;;;;;;;;;;;;3.7;;;;;;8.9;;3.5;5.5;;;3.8;;2.4;;;;;;5.4;;4.2;;;;;;;;;;;;;;;;;;;;;;;;;;;;;;;;;;;;;;;;;;;;;;;;;;;;;;;;;;;;;;;;;;;;;;;;;;;;;;;;;;;;;;;;;;;;;4.1;;;;;;;;;;;;;;;;;;;;;;;;;;;;;;;;;;;;;;;;;;;;;;;;;;;;;;;;;;;;;;;;;;;;;;;;;;;;;;;;3.6;;;;3.6;;;;;;;;;;;;;;;;;;;;;;;;;;;;;;;;
2025-10-10;;;;;;;;;;;;;;;;;;;;;;;;;;2.7;;;;;;;;;;;;;;;;;;;;;;;;;;;;;;;;;-3.7;;;;;;;;;;;;;;;;;;;;;;;;;;;;;;;;0.6;;;;;;;;;;;;;;;;;;;;;;;;;;;3.7;;;;;;8.9;;3.6;5.6;;;3.8;;2.3;;;;;;5.3;;4.3;;;;;;;;;;;;;;;;;;;;;;;;;;;;;;;;;;;;;;;;;;;;;;;;;;;;;;;;;;;;;;;;;;;;;;;;;;;;;;;;;;;;;;;;;;;;;4.1;;;;;;;;;;;;;;;;;;;;;;;;;;;;;;;;;;;;;;;;;;;;;;;;;;;;;;;;;;;;;;;;;;;;;;;;;;;;;;;;3.9;;;;3.8;;;;;;;;;;;;;;;;;;;;;;;;;;;;;;;;
2025-10-11;;;;;;;;;;;;;;;;;;;;;;;;;;2.7;;;;;;;;;;;;;;;;;;;;;;;;;;;;;;;;;-3.8;;;;;;;;;;;;;;;;;;;;;;;;;;;;;;;3.3;0.5;;;;;;;;;;;;;;;;;;;;;;;;;;;3.7;;;;;;8.9;;3.7;5.7;;;3.7;;2.4;;;;;;5.3;;4.4;;;;;;;;;;;;;;;;;;;;;;;;;;;;;;;;;;;;;;;;;;;;;;;;;;;;;;;;;;;;;;;;;;;;;;;;;;;;;;;;;;;;;;;;;;;;;4.0;;;;;;;;;;;;;;;;;;;;;;;;;;;;;;;;;;;;;;;;;;;;;;;;;;;;;;;;;;;;;;;;;;;;;;;;;;;;;;;;3.8;;;;4.0;;;;;;;;;;;;;;;;;;;;;;;;;;;;;;;;
2025-10-12;;;;;;;;;;;;;;;;;;;;;;;;;;2.7;;;;;;;;;;;;;;;;;;;;;;;;;;;;;;;;;-3.8;;;;;;;;;;;;;;;;;;;;;;;;;;;;;;;3.2;0.4;;;;;;;;;;;;;;;;;;;;;;;;;;;3.7;;;;;;9.1;;3.8;5.7;;;3.5;;2.4;;;;;;5.4;;4.4;;;;;;;;;;;;;;;;;;;;;;;;;;;;;;;;;;;;;;;;;;;;;;;;;;;;;;;;;;;;;;;;;;;;;;;;;;;;;;;;;;;;;;;;;;;;;4.0;;;;;;;;;;;;;;;;;;;;;;;;;;;;;;;;;;;;;;;;;;;;;;;;;;;;;;;;;;;;;;;;;;;;;;;;;;;;;;;;3.9;;;;3.9;;;;;;;;;;;;;;;;;;;;;;;;;;;;;;;;
2025-10-13;;;;;;;;;;;;;;;;;;;;;;;;;;2.6;;;;;;;;;;;;;;;;;;;;;;;;;;;;;;;;;-3.9;;;;;;;;;;;;;;;;;;;;;;;;;;;;;;;3.1;0.3;;;;;;;;;;;;;;;;;;;;;;;;;;;3.8;;;;;;9.1;;3.7;5.7;;;3.5;;2.5;;;;;;5.4;;4.4;;;;;;;;;;;;;;;;;;;;;;;;;;;;;;;;;;;;;;;;;;;;;;;;;;;;;;;;;;;;;;;;;;;;;;;;;;;;;;;;;;;;;;;;;;;;;4.0;;;;;;;;;;;;;;;;;;;;;;;;;;;;;;;;;;;;;;;;;;;;;;;;;;;;;;;;;;;;;;;;;;;;;;;;;;;;;;;;3.8;;;;4.1;;;;;;;;;;;;;;;;;;;;;;;;;;;;;;;;
2025-10-14;;;;;;;;;;;;;;;;;;;;;;;;;;2.6;;;;;;;;;;;;;;;;;;;;;;;;;;;;;;;;;-4.0;;;;;;;;;;;;;;;;;;;;;;;;;;;;;;;3.1;0.3;;;;;;;;;;;;;;;;;;;;;;;;;;;3.8;;;;;;9.0;;3.6;5.7;;;3.5;;2.5;;;;;;5.4;;4.2;;;;;;;;;;;;;;;;;;;;;;;;;;;;;;;;;;;;;;;;;;;;;;;;;;;;;;;;;;;;;;;;;;;;;;;;;;;;;;;;;;;;;;;;;;;;;4.0;;;;;;;;;;;;;;;;;;;;;;;;;;;;;;;;;;;;;;;;;;;;;;;;;;;;;;;;;;;;;;;;;;;;;;;;;;;;;;;;3.8;;;;4.0;;;;;;;;;;;;;;;;;;;;;;;;;;;;;;;;
2025-10-15;;;;;;;;;;;;;;;;;;;;;;;;;;2.6;;;;;;;;;;;;;;;;;;;;;;;;;;;;;;;;;-4.3;;;;;;;;;;;;;;;;;;;;;;;;;;;;;;;2.8;0.2;;;;;;;;;;;;;;;;;;;;;;;;;;;3.8;;;;;;9.1;;3.6;5.6;;;3.5;;2.6;;;;;;5.4;;4.2;;;;;;;;;;;;;;;;;;;;;;;;;;;;;;;;;;;;;;;;;;;;;;;;;;;;;;;;;;;;;;;;;;;;;;;;;;;;;;;;;;;;;;;;;;;;;3.9;;;;;;;;;;;;;;;;;;;;;;;;;;;;;;;;;;;;;;;;;;;;;;;;;;;;;;;;;;;;;;;;;;;;;;;;;;;;;;;;3.6;;;;3.9;;;;;;;;;;;;;;;;;;;;;;;;;;;;;;;;
2025-10-16;;;;;;;;;;;;;;;;;;;;;;;;;;2.6;;;;;;;;;;;;;;;;;;;;;;;;;;;;;;;;;-4.5;;;;;;;;;;;;;;;;;;;;;;;;;;;;;;;2.8;0.1;;;;;;;;;;;;;;;;;;;;;;;;;;;3.8;;;;;;9.2;;3.8;5.5;;;3.6;;2.6;;;;;;5.5;;4.1;;;;;;;;;;;;;;;;;;;;;;;;;;;;;;;;;;;;;;;;;;;;;;;;;;;;;;;;;;;;;;;;;;;;;;;;;;;;;;;;;;;;;;;;;;;;;3.9;;;;;;;;;;;;;;;;;;;;;;;;;;;;;;;;;;;;;;;;;;;;;;;;;;;;;;;;;;;;;;;;;;;;;;;;;;;;;;;;3.7;;;;3.8;;;;;;;;;;;;;;;;;;;;;;;;;;;;;;;;
2025-10-17;;;;;;;;;;;;;;;;;;;;;;;;;;2.5;;;;;;;;;;;;;;;;;;;;;;;;;;;;;;;;;-4.6;;;;;;;;;;;;;;;;;;;;;;;;;;;;;;;2.8;0.2;;;;;;;;;;;;;;;;;;;;;;;;;;;3.8;;;;;;9.2;;3.9;5.6;;;3.5;;2.8;;;;;;5.5;;4.1;;;;;;;;;;;;;;;;;;;;;;;;;;;;;;;;;;;;;;;;;;;;;;;;;;;;;;;;;;;;;;;;;;;;;;;;;;;;;;;;;;;;;;;;;;;;;3.9;;;;;;;;;;;;;;;;;;;;;;;;;;;;;;;;;;;;;;;;;;;;;;;;;;;;;;;;;;;;;;;;;;;;;;;;;;;;;;;;3.7;;;;4.0;;;;;;;;;;;;;;;;;;;;;;;;;;;;;;;;
2025-10-18;;;;;;;;;;;;;;;;;;;;;;;;;;2.5;;;;;;;;;;;;;;;;;;;;;;;;;;;;;;;;;-4.7;;;;;;;;;;;;;;;;;;;;;;;;;;;;;;;2.6;0.1;;;;;;;;;;;;;;;;;;;;;;;;;;;3.8;;;;;;9.2;;3.7;5.5;;;3.4;;2.6;;;;;;5.4;;4.1;;;;;;;;;;;;;;;;;;;;;;;;;;;;;;;;;;;;;;;;;;;;;;;;;;;;;;;;;;;;;;;;;;;;;;;;;;;;;;;;;;;;;;;;;;;;;3.8;;;;;;;;;;;;;;;;;;;;;;;;;;;;;;;;;;;;;;;;;;;;;;;;;;;;;;;;;;;;;;;;;;;;;;;;;;;;;;;;3.6;;;;4.0;;;;;;;;;;;;;;;;;;;;;;;;;;;;;;;;
2025-10-19;;;;;;;;;;;;;;;;;;;;;;;;;;2.5;;;;;;;;;;;;;;;;;;;;;;;;;;;;;;;;;-4.8;;;;;;;;;;;;;;;;;;;;;;;;;;;;;;;2.5;0.6;;;;;;;;;;;;;;;;;;;;;;;;;;;3.9;;;;;;9.2;;3.8;5.5;;;3.4;;2.6;;;;;;5.5;;4.2;;;;;;;;;;;;;;;;;;;;;;;;;;;;;;;;;;;;;;;;;;;;;;;;;;;;;;;;;;;;;;;;;;;;;;;;;;;;;;;;;;;;;;;;;;;;;3.8;;;;;;;;;;;;;;;;;;;;;;;;;;;;;;;;;;;;;;;;;;;;;;;;;;;;;;;;;;;;;;;;;;;;;;;;;;;;;;;;3.6;;;;4.0;;;;;;;;;;;;;;;;;;;;;;;;;;;;;;;;
2025-10-20;;;;;;;;;;;;;;;;;;;;;;;;;;2.4;;;;;;;;;;;;;;;;;;;;;;;;;;;;;;;;;-4.8;;;;;;;;;;;;;;;;;;;;;;;;;;;;;;;2.4;0.6;;;;;;;;;;;;;;;;;;;;;;;;;;;3.9;;;;;;9.2;;3.8;5.5;;;3.5;;2.6;;;;;;5.4;;4.2;;;;;;;;;;;;;;;;;;;;;;;;;;;;;;;;;;;;;;;;;;;;;;;;;;;;;;;;;;;;;;;;;;;;;;;;;;;;;;;;;;;;;;;;;;;;;4.0;;;;;;;;;;;;;;;;;;;;;;;;;;;;;;;;;;;;;;;;;;;;;;;;;;;;;;;;;;;;;;;;;;;;;;;;;;;;;;;;3.6;;;;4.2;;;;;;;;;;;;;;;;;;;;;;;;;;;;;;;;
2025-10-21;;;;;;;;;;;;;;;;;;;;;;;;;;2.4;;;;;;;;;;;;;;;;;;;;;;;;;;;;;;;;;-4.8;;;;;;;;;;;;;;;;;;;;;;;;;;;;;;;2.5;0.6;;;;;;;;;;;;;;;;;;;;;;;;;;;3.9;;;;;;9.2;;3.9;5.5;;;3.5;;2.7;;;;;;5.5;;4.1;;;;;;;;;;;;;;;;;;;;;;;;;;;;;;;;;;;;;;;;;;;;;;;;;;;;;;;;;;;;;;;;;;;;;;;;;;;;;;;;;;;;;;;;;;;;;4.0;;;;;;;;;;;;;;;;;;;;;;;;;;;;;;;;;;;;;;;;;;;;;;;;;;;;;;;;;;;;;;;;;;;;;;;;;;;;;;;;3.7;;;;4.3;;;;;;;;;;;;;;;;;;;;;;;;;;;;;;;;
2025-10-22;;;;;;;;;;;;;;;;;;;;;;;;;;;;;;;;;;;;;;;;;;;;;;;;;;;;;;;;;;;-4.8;;;;;;;;;;;;;;;;;;;;;;;;;;;;;;;2.6;1.0;;;;;;;;;;;;;;;;;;;;;;;;;;;4.0;;;;;;9.3;;4.0;5.5;;;3.5;;2.6;;;;;;5.6;;4.2;;;;;;;;;;;;;;;;;;;;;;;;;;;;;;;;;;;;;;;;;;;;;;;;;;;;;;;;;;;;;;;;;;;;;;;;;;;;;;;;;;;;;;;;;;;;;4.0;;;;;;;;;;;;;;;;;;;;;;;;;;;;;;;;;;;;;;;;;;;;;;;;;;;;;;;;;;;;;;;;;;;;;;;;;;;;;;;;4.0;;;;4.5;;;;;;;;;;;;;;;;;;;;;;;;;;;;;;;;
2025-10-23;;;;;;;;;;;;;;;;;;;;;;;;;;2.4;;;;;;;;;;;;;;;;;;;;;;;;;;;;;;;;;-4.8;;;;;;;;;;;;;;;;;;;;;;;;;;;;;;;2.5;0.9;;;;;;;;;;;;;;;;;;;;;;;;;;;4.0;;;;;;9.2;;3.9;5.6;;;3.6;;2.8;;;;;;5.7;;4.3;;;;;;;;;;;;;;;;;;;;;;;;;;;;;;;;;;;;;;;;;;;;;;;;;;;;;;;;;;;;;;;;;;;;;;;;;;;;;;;;;;;;;;;;;;;;;3.9;;;;;;;;;;;;;;;;;;;;;;;;;;;;;;;;;;;;;;;;;;;;;;;;;;;;;;;;;;;;;;;;;;;;;;;;;;;;;;;;4.1;;;;4.5;;;;;;;;;;;;;;;;;;;;;;;;;;;;;;;;
2025-10-24;;;;;;;;;;;;;;;;;;;;;;;;;;2.5;;;;;;;;;;;;;;;;;;;;;;;;;;;;;;;;;-5.0;;;;;;;;;;;;;;;;;;;;;;;;;;;;;;;2.8;0.9;;;;;;;;;;;;;;;;;;;;;;;;;;;4.0;;;;;;9.2;;3.6;5.5;;;3.7;;2.8;;;;;;5.6;;4.1;;;;;;;;;;;;;;;;;;;;;;;;;;;;;;;;;;;;;;;;;;;;;;;;;;;;;;;;;;;;;;;;;;;;;;;;;;;;;;;;;;;;;;;;;;;;;3.9;;;;;;;;;;;;;;;;;;;;;;;;;;;;;;;;;;;;;;;;;;;;;;;;;;;;;;;;;;;;;;;;;;;;;;;;;;;;;;;;4.1;;;;4.3;;;;;;;;;;;;;;;;;;;;;;;;;;;;;;;;
2025-10-25;;;;;;;;;;;;;;;;;;;;;;;;;;2.5;;;;;;;;;;;;;;;;;;;;;;;;;;;;;;;;;-5.3;;;;;;;;;;;;;;;;;;;;;;;;;;;;;;;2.7;1.1;;;;;;;;;;;;;;;;;;;;;;;;;;;4.0;;;;;;9.2;;3.4;5.3;;;3.7;;2.7;;;;;;5.5;;3.9;;;;;;;;;;;;;;;;;;;;;;;;;;;;;;;;;;;;;;;;;;;;;;;;;;;;;;;;;;;;;;;;;;;;;;;;;;;;;;;;;;;;;;;;;;;;;3.9;;;;;;;;;;;;;;;;;;;;;;;;;;;;;;;;;;;;;;;;;;;;;;;;;;;;;;;;;;;;;;;;;;;;;;;;;;;;;;;;3.9;;;;4.2;;;;;;;;;;;;;;;;;;;;;;;;;;;;;;;;
2025-10-26;;;;;;;;;;;;;;;;;;;;;;;;;;2.4;;;;;;;;;;;;;;;;;;;;;;;;;;;;;;;;;;;;;;;;;;;;;;;;;;;;;;;;;;;;;;;;2.7;1.0;;;;;;;;;;;;;;;;;;;;;;;;;;;3.9;;;;;;9.1;;3.4;5.3;;;3.7;;2.6;;;;;;5.5;;3.9;;;;;;;;;;;;;;;;;;;;;;;;;;;;;;;;;;;;;;;;;;;;;;;;;;;;;;;;;;;;;;;;;;;;;;;;;;;;;;;;;;;;;;;;;;;;;3.8;;;;;;;;;;;;;;;;;;;;;;;;;;;;;;;;;;;;;;;;;;;;;;;;;;;;;;;;;;;;;;;;;;;;;;;;;;;;;;;;3.8;;;;4.1;;;;;;;;;;;;;;;;;;;;;;;;;;;;;;;;
2025-10-27;;;;;;;;;;;;;;;;;;;;;;;;;;2.3;;;;;;;;;;;;;;;;;;;;;;;;;;;;;;;;;-5.3;;;;;;;;;;;;;;;;;;;;;;;;;;;;;;;2.7;0.9;;;;;;;;;;;;;;;;;;;;;;;;;;;3.7;;;;;;9.1;;3.4;5.4;;;3.7;;2.5;;;;;;5.5;;3.9;;;;;;;;;;;;;;;;;;;;;;;;;;;;;;;;;;;;;;;;;;;;;;;;;;;;;;;;;;;;;;;;;;;;;;;;;;;;;;;;;;;;;;;;;;;;;3.8;;;;;;;;;;;;;;;;;;;;;;;;;;;;;;;;;;;;;;;;;;;;;;;;;;;;;;;;;;;;;;;;;;;;;;;;;;;;;;;;3.8;;;;4.1;;;;;;;;;;;;;;;;;;;;;;;;;;;;;;;;
2025-10-28;;;;;;;;;;;;;;;;;;;;;;;;;;2.3;;;;;;;;;;;;;;;;;;;;;;;;;;;;;;;;;-5.5;;;;;;;;;;;;;;;;;;;;;;;;;;;;;;;2.5;1.4;;;;;;;;;;;;;;;;;;;;;;;;;;;3.6;;;;;;9.0;;3.3;5.2;;;3.6;;2.5;;;;;;5.5;;3.7;;;;;;;;;;;;;;;;;;;;;;;;;;;;;;;;;;;;;;;;;;;;;;;;;;;;;;;;;;;;;;;;;;;;;;;;;;;;;;;;;;;;;;;;;;;;;3.8;;;;;;;;;;;;;;;;;;;;;;;;;;;;;;;;;;;;;;;;;;;;;;;;;;;;;;;;;;;;;;;;;;;;;;;;;;;;;;;;3.8;;;;3.9;;;;;;;;;;;;;;;;;;;;;;;;;;;;;;;;
2025-10-29;;;;;;;;;;;;;;;;;;;;;;;;;;2.4;;;;;;;;;;;;;;;;;;;;;;;;;;;;;;;;;-5.6;;;;;;;;;;;;;;;;;;;;;;;;;;;;;;;2.6;1.4;;;;;;;;;;;;;;;;;;;;;;;;;;;3.8;;;;;;9.0;;3.2;5.2;;;3.7;;2.6;;;;;;5.5;;3.6;;;;;;;;;;;;;;;;;;;;;;;;;;;;;;;;;;;;;;;;;;;;;;;;;;;;;;;;;;;;;;;;;;;;;;;;;;;;;;;;;;;;;;;;;;;;;3.9;;;;;;;;;;;;;;;;;;;;;;;;;;;;;;;;;;;;;;;;;;;;;;;;;;;;;;;;;;;;;;;;;;;;;;;;;;;;;;;;3.9;;;;4.0;;;;;;;;;;;;;;;;;;;;;;;;;;;;;;;;
2025-10-30;;;;;;;;;;;;;;;;;;;;;;;;;;2.4;;;;;;;;;;;;;;;;;;;;;;;;;;;;;;;;;-5.8;;;;;;;;;;;;;;;;;;;;;;;;;;;;;;;2.5;1.2;;;;;;;;;;;;;;;;;;;;;;;;;;;3.8;;;;;;8.9;;3.0;5.1;;;3.7;;2.5;;;;;;5.5;;3.7;;;;;;;;;;;;;;;;;;;;;;;;;;;;;;;;;;;;;;;;;;;;;;;;;;;;;;;;;;;;;;;;;;;;;;;;;;;;;;;;;;;;;;;;;;;;;3.8;;;;;;;;;;;;;;;;;;;;;;;;;;;;;;;;;;;;;;;;;;;;;;;;;;;;;;;;;;;;;;;;;;;;;;;;;;;;;;;;4.0;;;;3.9;;;;;;;;;;;;;;;;;;;;;;;;;;;;;;;;
2025-10-31;;;;;;;;;;;;;;;;;;;;;;;;;;2.4;;;;;;;;;;;;;;;;;;;;;;;;;;;;;;;;;;;;;;;;;;;;;;;;;;;;;;;;;;;;;;;;2.4;1.2;;;;;;;;;;;;;;;;;;;;;;;;;;;3.8;;;;;;8.8;;3.0;5.0;;;3.8;;2.6;;;;;;5.5;;3.7;;;;;;;;;;;;;;;;;;;;;;;;;;;;;;;;;;;;;;;;;;;;;;;;;;;;;;;;;;;;;;;;;;;;;;;;;;;;;;;;;;;;;;;;;;;;;3.8;;;;;;;;;;;;;;;;;;;;;;;;;;;;;;;;;;;;;;;;;;;;;;;;;;;;;;;;;;;;;;;;;;;;;;;;;;;;;;;;3.9;;;;4.0;;;;;;;;;;;;;;;;;;;;;;;;;;;;;;;;
2025-11-01;;;;;;;;;;;;;;;;;;;;;;;;;;2.4;;;;;;;;;;;;;;;;;;;;;;;;;;;;;;;;;-6.0;;;;;;;;;;;;;;;;;;;;;;;;;;;;;;;2.3;1.0;;;;;;;;;;;;;;;;;;;;;;;;;;;3.6;;;;;;8.7;;3.0;4.9;;;3.7;;2.5;;;;;;5.3;;3.8;;;;;;;;;;;;;;;;;;;;;;;;;;;;;;;;;;;;;;;;;;;;;;;;;;;;;;;;;;;;;;;;;;;;;;;;;;;;;;;;;;;;;;;;;;;;;3.8;;;;;;;;;;;;;;;;;;;;;;;;;;;;;;;;;;;;;;;;;;;;;;;;;;;;;;;;;;;;;;;;;;;;;;;;;;;;;;;;3.9;;;;4.1;;;;;;;;;;;;;;;;;;;;;;;;;;;;;;;;
2025-11-02;;;;;;;;;;;;;;;;;;;;;;;;;;2.5;;;;;;;;;;;;;;;;;;;;;;;;;;;;;;;;;-6.1;;;;;;;;;;;;;;;;;;;;;;;;;;;;;;;2.4;0.8;;;;;;;;;;;;;;;;;;;;;;;;;;;3.5;;;;;;8.6;;3.1;4.9;;;3.7;;2.5;;;;;;5.3;;3.9;;;;;;;;;;;;;;;;;;;;;;;;;;;;;;;;;;;;;;;;;;;;;;;;;;;;;;;;;;;;;;;;;;;;;;;;;;;;;;;;;;;;;;;;;;;;;3.9;;;;;;;;;;;;;;;;;;;;;;;;;;;;;;;;;;;;;;;;;;;;;;;;;;;;;;;;;;;;;;;;;;;;;;;;;;;;;;;;4.0;;;;4.1;;;;;;;;;;;;;;;;;;;;;;;;;;;;;;;;
2025-11-03;;;;;;;;;;;;;;;;;;;;;;;;;;2.5;;;;;;;;;;;;;;;;;;;;;;;;;;;;;;;;;;;;;;;;;;;;;;;;;;;;;;;;;;;;;;;;2.5;0.8;;;;;;;;;;;;;;;;;;;;;;;;;;;3.5;;;;;;8.6;;3.2;4.8;;;3.7;;2.6;;;;;;5.3;;4.0;;;;;;;;;;;;;;;;;;;;;;;;;;;;;;;;;;;;;;;;;;;;;;;;;;;;;;;;;;;;;;;;;;;;;;;;;;;;;;;;;;;;;;;;;;;;;3.9;;;;;;;;;;;;;;;;;;;;;;;;;;;;;;;;;;;;;;;;;;;;;;;;;;;;;;;;;;;;;;;;;;;;;;;;;;;;;;;;4.0;;;;4.1;;;;;;;;;;;;;;;;;;;;;;;;;;;;;;;;
2025-11-04;;;;;;;;;;;;;;;;;;;;;;;;;;2.5;;;;;;;;;;;;;;;;;;;;;;;;;;;;;;;;;-6.2;;;;;;;;;;;;;;;;;;;;;;;;;;;;;;;;;;;;;;;;;;;;;;;;;;;;;;;;;;;3.4;;;;;;8.6;;3.1;4.9;;;3.7;;2.5;;;;;;5.4;;3.9;;;;;;;;;;;;;;;;;;;;;;;;;;;;;;;;;;;;;;;;;;;;;;;;;;;;;;;;;;;;;;;;;;;;;;;;;;;;;;;;;;;;;;;;;;;;;;;;;;;;;;;;;;;;;;;;;;;;;;;;;;;;;;;;;;;;;;;;;;;;;;;;;;;;;;;;;;;;;;;;;;;;;;;;;;;;;3.9;;;;4.1;;;;;;;;;;;;;;;;;;;;;;;;;;;;;;;;
2025-11-05;;;;;;;;;;;;;;;;;;;;;;;;;;2.5;;;;;;;;;;;;;;;;;;;;;;;;;;;;;;;;;-6.3;;;;;;;;;;;;;;;;;;;;;;;;;;;;;;;2.4;0.7;;;;;;;;;;;;;;;;;;;;;;;;;;;3.6;;;;;;8.5;;3.0;4.9;;;3.6;;2.4;;;;;;5.4;;3.8;;;;;;;;;;;;;;;;;;;;;;;;;;;;;;;;;;;;;;;;;;;;;;;;;;;;;;;;;;;;;;;;;;;;;;;;;;;;;;;;;;;;;;;;;;;;;3.8;;;;;;;;;;;;;;;;;;;;;;;;;;;;;;;;;;;;;;;;;;;;;;;;;;;;;;;;;;;;;;;;;;;;;;;;;;;;;;;;3.9;;;;4.1;;;;;;;;;;;;;;;;;;;;;;;;;;;;;;;;
2025-11-06;;;;;;;;;;;;;;;;;;;;;;;;;;2.4;;;;;;;;;;;;;;;;;;;;;;;;;;;;;;;;;-6.2;;;;;;;;;;;;;;;;;;;;;;;;;;;;;;;2.3;0.6;;;;;;;;;;;;;;;;;;;;;;;;;;;3.6;;;;;;8.4;;2.9;4.8;;;3.5;;2.3;;;;;;5.3;;3.7;;;;;;;;;;;;;;;;;;;;;;;;;;;;;;;;;;;;;;;;;;;;;;;;;;;;;;;;;;;;;;;;;;;;;;;;;;;;;;;;;;;;;;;;;;;;;3.8;;;;;;;;;;;;;;;;;;;;;;;;;;;;;;;;;;;;;;;;;;;;;;;;;;;;;;;;;;;;;;;;;;;;;;;;;;;;;;;;4.0;;;;4.0;;;;;;;;;;;;;;;;;;;;;;;;;;;;;;;;
2025-11-07;;;;;;;;;;;;;;;;;;;;;;;;;;2.3;;;;;;;;;;;;;;;;;;;;;;;;;;;;;;;;;-6.3;;;;;;;;;;;;;;;;;;;;;;;;;;;;;;;2.2;0.6;;;;;;;;;;;;;;;;;;;;;;;;;;;3.5;;;;;;8.4;;2.9;4.8;;;3.4;;2.3;;;;;;5.2;;3.7;;;;;;;;;;;;;;;;;;;;;;;;;;;;;;;;;;;;;;;;;;;;;;;;;;;;;;;;;;;;;;;;;;;;;;;;;;;;;;;;;;;;;;;;;;;;;3.8;;;;;;;;;;;;;;;;;;;;;;;;;;;;;;;;;;;;;;;;;;;;;;;;;;;;;;;;;;;;;;;;;;;;;;;;;;;;;;;;4.1;;;;3.9;;;;;;;;;;;;;;;;;;;;;;;;;;;;;;;;
2025-11-08;;;;;;;;;;;;;;;;;;;;;;;;;;2.3;;;;;;;;;;;;;;;;;;;;;;;;;;;;;;;;;-6.2;;;;;;;;;;;;;;;;;;;;;;;;;;;;;;;2.4;0.7;;;;;;;;;;;;;;;;;;;;;;;;;;;3.6;;;;;;8.3;;2.9;4.8;;;3.5;;2.3;;;;;;5.3;;3.7;;;;;;;;;;;;;;;;;;;;;;;;;;;;;;;;;;;;;;;;;;;;;;;;;;;;;;;;;;;;;;;;;;;;;;;;;;;;;;;;;;;;;;;;;;;;;3.9;;;;;;;;;;;;;;;;;;;;;;;;;;;;;;;;;;;;;;;;;;;;;;;;;;;;;;;;;;;;;;;;;;;;;;;;;;;;;;;;3.9;;;;3.8;;;;;;;;;;;;;;;;;;;;;;;;;;;;;;;;
2025-11-09;;;;;;;;;;;;;;;;;;;;;;;;;;2.4;;;;;;;;;;;;;;;;;;;;;;;;;;;;;;;;;;;;;;;;;;;;;;;;;;;;;;;;;;;;;;;;2.4;0.7;;;;;;;;;;;;;;;;;;;;;;;;;;;3.5;;;;;;8.2;;2.6;4.8;;;3.4;;2.2;;;;;;5.1;;3.6;;;;;;;;;;;;;;;;;;;;;;;;;;;;;;;;;;;;;;;;;;;;;;;;;;;;;;;;;;;;;;;;;;;;;;;;;;;;;;;;;;;;;;;;;;;;;3.9;;;;;;;;;;;;;;;;;;;;;;;;;;;;;;;;;;;;;;;;;;;;;;;;;;;;;;;;;;;;;;;;;;;;;;;;;;;;;;;;3.8;;;;3.7;;;;;;;;;;;;;;;;;;;;;;;;;;;;;;;;
2025-11-10;;;;;;;;;;;;;;;;;;;;;;;;;;2.4;;;;;;;;;;;;;;;;;;;;;;;;;;;;;;;;;-6.3;;;;;;;;;;;;;;;;;;;;;;;;;;;;;;;2.4;0.6;;;;;;;;;;;;;;;;;;;;;;;;;;;3.3;;;;;;8.2;;2.6;4.8;;;3.3;;2.1;;;;;;5.1;;3.7;;;;;;;;;;;;;;;;;;;;;;;;;;;;;;;;;;;;;;;;;;;;;;;;;;;;;;;;;;;;;;;;;;;;;;;;;;;;;;;;;;;;;;;;;;;;;3.8;;;;;;;;;;;;;;;;;;;;;;;;;;;;;;;;;;;;;;;;;;;;;;;;;;;;;;;;;;;;;;;;;;;;;;;;;;;;;;;;3.7;;;;3.5;;;;;;;;;;;;;;;;;;;;;;;;;;;;;;;;
2025-11-11;;;;;;;;;;;;;;;;;;;;;;;;;;2.5;;;;;;;;;;;;;;;;;;;;;;;;;;;;;;;;;-6.2;;;;;;;;;;;;;;;;;;;;;;;;;;;;;;;2.3;0.7;;;;;;;;;;;;;;;;;;;;;;;;;;;3.2;;;;;;8.2;;2.8;5.0;;;3.3;;2.1;;;;;;5.1;;3.8;;;;;;;;;;;;;;;;;;;;;;;;;;;;;;;;;;;;;;;;;;;;;;;;;;;;;;;;;;;;;;;;;;;;;;;;;;;;;;;;;;;;;;;;;;;;;3.9;;;;;;;;;;;;;;;;;;;;;;;;;;;;;;;;;;;;;;;;;;;;;;;;;;;;;;;;;;;;;;;;;;;;;;;;;;;;;;;;3.6;;;;3.6;;;;;;;;;;;;;;;;;;;;;;;;;;;;;;;;
2025-11-12;;;;;;;;;;;;;;;;;;;;;;;;;;2.6;;;;;;;;;;;;;;;;;;;;;;;;;;;;;;;;;-6.3;;;;;;;;;;;;;;;;;;;;;;;;;;;;;;;2.1;0.6;;;;;;;;;;;;;;;;;;;;;;;;;;;3.2;;;;;;8.3;;3.1;5.0;;;3.3;;2.1;;;;;;5.1;;3.9;;;;;;;;;;;;;;;;;;;;;;;;;;;;;;;;;;;;;;;;;;;;;;;;;;;;;;;;;;;;;;;;;;;;;;;;;;;;;;;;;;;;;;;;;;;;;3.8;;;;;;;;;;;;;;;;;;;;;;;;;;;;;;;;;;;;;;;;;;;;;;;;;;;;;;;;;;;;;;;;;;;;;;;;;;;;;;;;3.8;;;;3.6;;;;;;;;;;;;;;;;;;;;;;;;;;;;;;;;
2025-11-13;;;;;;;;;;;;;;;;;;;;;;;;;;2.5;;;;;;;;;;;;;;;;;;;;;;;;;;;;;;;;;;;;;;;;;;;;;;;;;;;;;;;;;;;;;;;;;0.6;;;;;;;;;;;;;;;;;;;;;;;;;;;3.3;;;;;;8.3;;3.1;4.9;;;3.3;;2.1;;;;;;5.1;;3.9;;;;;;;;;;;;;;;;;;;;;;;;;;;;;;;;;;;;;;;;;;;;;;;;;;;;;;;;;;;;;;;;;;;;;;;;;;;;;;;;;;;;;;;;;;;;;;;;;;;;;;;;;;;;;;;;;;;;;;;;;;;;;;;;;;;;;;;;;;;;;;;;;;;;;;;;;;;;;;;;;;;;;;;;;;;;;3.9;;;;3.7;;;;;;;;;;;;;;;;;;;;;;;;;;;;;;;;
2025-11-14;;;;;;;;;;;;;;;;;;;;;;;;;;2.6;;;;;;;;;;;;;;;;;;;;;;;;;;;;;;;;;-6.3;;;;;;;;;;;;;;;;;;;;;;;;;;;;;;;1.9;0.7;;;;;;;;;;;;;;;;;;;;;;;;;;;3.4;;;;;;8.3;;3.1;4.8;;;3.3;;2.2;;;;;;5.0;;3.9;;;;;;;;;;;;;;;;;;;;;;;;;;;;;;;;;;;;;;;;;;;;;;;;;;;;;;;;;;;;;;;;;;;;;;;;;;;;;;;;;;;;;;;;;;;;;3.8;;;;;;;;;;;;;;;;;;;;;;;;;;;;;;;;;;;;;;;;;;;;;;;;;;;;;;;;;;;;;;;;;;;;;;;;;;;;;;;;4.0;;;;3.8;;;;;;;;;;;;;;;;;;;;;;;;;;;;;;;;
2025-11-15;;;;;;;;;;;;;;;;;;;;;;;;;;2.5;;;;;;;;;;;;;;;;;;;;;;;;;;;;;;;;;-6.3;;;;;;;;;;;;;;;;;;;;;;;;;;;;;;;1.9;0.8;;;;;;;;;;;;;;;;;;;;;;;;;;;;;;;;;8.3;;3.2;5.0;;;3.4;;2.3;;;;;;5.0;;4.0;;;;;;;;;;;;;;;;;;;;;;;;;;;;;;;;;;;;;;;;;;;;;;;;;;;;;;;;;;;;;;;;;;;;;;;;;;;;;;;;;;;;;;;;;;;;;3.8;;;;;;;;;;;;;;;;;;;;;;;;;;;;;;;;;;;;;;;;;;;;;;;;;;;;;;;;;;;;;;;;;;;;;;;;;;;;;;;;4.1;;;;3.8;;;;;;;;;;;;;;;;;;;;;;;;;;;;;;;;
2025-11-16;;;;;;;;;;;;;;;;;;;;;;;;;;2.4;;;;;;;;;;;;;;;;;;;;;;;;;;;;;;;;;-6.4;;;;;;;;;;;;;;;;;;;;;;;;;;;;;;;2.0;0.7;;;;;;;;;;;;;;;;;;;;;;;;;;;;;;;;;8.2;;3.1;5.0;;;3.3;;2.2;;;;;;4.9;;4.2;;;;;;;;;;;;;;;;;;;;;;;;;;;;;;;;;;;;;;;;;;;;;;;;;;;;;;;;;;;;;;;;;;;;;;;;;;;;;;;;;;;;;;;;;;;;;3.7;;;;;;;;;;;;;;;;;;;;;;;;;;;;;;;;;;;;;;;;;;;;;;;;;;;;;;;;;;;;;;;;;;;;;;;;;;;;;;;;4.1;;;;3.8;;;;;;;;;;;;;;;;;;;;;;;;;;;;;;;;
2025-11-17;;;;;;;;;;;;;;;;;;;;;;;;;;2.3;;;;;;;;;;;;;;;;;;;;;;;;;;;;;;;;;-6.4;;;;;;;;;;;;;;;;;;;;;;;;;;;;;;;2.0;0.6;;;;;;;;;;;;;;;;;;;;;;;;;;;;;;;;;8.2;;3.2;4.9;;;3.3;;2.3;;;;;;5.0;;4.0;;;;;;;;;;;;;;;;;;;;;;;;;;;;;;;;;;;;;;;;;;;;;;;;;;;;;;;;;;;;;;;;;;;;;;;;;;;;;;;;;;;;;;;;;;;;;3.6;;;;;;;;;;;;;;;;;;;;;;;;;;;;;;;;;;;;;;;;;;;;;;;;;;;;;;;;;;;;;;;;;;;;;;;;;;;;;;;;4.0;;;;3.8;;;;;;;;;;;;;;;;;;;;;;;;;;;;;;;;
2025-11-18;;;;;;;;;;;;;;;;;;;;;;;;;;2.5;;;;;;;;;;;;;;;;;;;;;;;;;;;;;;;;;-6.5;;;;;;;;;;;;;;;;;;;;;;;;;;;;;;;2.0;0.7;;;;;;;;;;;;;;;;;;;;;;;;;;;;;;;;;8.2;;3.0;4.9;;;3.3;;2.4;;;;;;4.9;;4.0;;;;;;;;;;;;;;;;;;;;;;;;;;;;;;;;;;;;;;;;;;;;;;;;;;;;;;;;;;;;;;;;;;;;;;;;;;;;;;;;;;;;;;;;;;;;;3.6;;;;;;;;;;;;;;;;;;;;;;;;;;;;;;;;;;;;;;;;;;;;;;;;;;;;;;;;;;;;;;;;;;;;;;;;;;;;;;;;3.9;;;;3.8;;;;;;;;;;;;;;;;;;;;;;;;;;;;;;;;
2025-11-19;;;;;;;;;;;;;;;;;;;;;;;;;;2.5;;;;;;;;;;;;;;;;;;;;;;;;;;;;;;;;;-6.7;;;;;;;;;;;;;;;;;;;;;;;;;;;;;;;2.0;0.7;;;;;;;;;;;;;;;;;;;;;;;;;;;;;;;;;8.0;;3.0;5.0;;;3.3;;2.4;;;;;;4.9;;4.0;;;;;;;;;;;;;;;;;;;;;;;;;;;;;;;;;;;;;;;;;;;;;;;;;;;;;;;;;;;;;;;;;;;;;;;;;;;;;;;;;;;;;;;;;;;;;3.6;;;;;;;;;;;;;;;;;;;;;;;;;;;;;;;;;;;;;;;;;;;;;;;;;;;;;;;;;;;;;;;;;;;;;;;;;;;;;;;;3.9;;;;3.7;;;;;;;;;;;;;;;;;;;;;;;;;;;;;;;;
2025-11-20;;;;;;;;;;;;;;;;;;;;;;;;;;2.4;;;;;;;;;;;;;;;;;;;;;;;;;;;;;;;;;-6.7;;;;;;;;;;;;;;;;;;;;;;;;;;;;;;;2.1;0.9;;;;;;;;;;;;;;;;;;;;;;;;;;;;;;;;;8.0;;2.9;4.9;;;3.3;;2.3;;;;;;4.9;;4.1;;;;;;;;;;;;;;;;;;;;;;;;;;;;;;;;;;;;;;;;;;;;;;;;;;;;;;;;;;;;;;;;;;;;;;;;;;;;;;;;;;;;;;;;;;;;;3.5;;;;;;;;;;;;;;;;;;;;;;;;;;;;;;;;;;;;;;;;;;;;;;;;;;;;;;;;;;;;;;;;;;;;;;;;;;;;;;;;3.8;;;;3.7;;;;;;;;;;;;;;;;;;;;;;;;;;;;;;;;
2025-11-21;;;;;;;;;;;;;;;;;;;;;;;;;;2.3;;;;;;;;;;;;;;;;;;;;;;;;;;;;;;;;;-6.8;;;;;;;;;;;;;;;;;;;;;;;;;;;;;;;2.1;0.9;;;;;;;;;;;;;;;;;;;;;;;;;;;;;;;;;8.0;;2.9;4.8;;;3.3;;2.2;;;;;;5.0;;4.1;;;;;;;;;;;;;;;;;;;;;;;;;;;;;;;;;;;;;;;;;;;;;;;;;;;;;;;;;;;;;;;;;;;;;;;;;;;;;;;;;;;;;;;;;;;;;3.5;;;;;;;;;;;;;;;;;;;;;;;;;;;;;;;;;;;;;;;;;;;;;;;;;;;;;;;;;;;;;;;;;;;;;;;;;;;;;;;;3.8;;;;3.7;;;;;;;;;;;;;;;;;;;;;;;;;;;;;;;;
2025-11-22;;;;;;;;;;;;;;;;;;;;;;;;;;2.3;;;;;;;;;;;;;;;;;;;;;;;;;;;;;;;;;-6.8;;;;;;;;;;;;;;;;;;;;;;;;;;;;;;;2.2;1.0;;;;;;;;;;;;;;;;;;;;;;;;;;;;;;;;;7.9;;2.7;4.8;;;3.3;;2.2;;;;;;5.1;;4.1;;;;;;;;;;;;;;;;;;;;;;;;;;;;;;;;;;;;;;;;;;;;;;;;;;;;;;;;;;;;;;;;;;;;;;;;;;;;;;;;;;;;;;;;;;;;;3.4;;;;;;;;;;;;;;;;;;;;;;;;;;;;;;;;;;;;;;;;;;;;;;;;;;;;;;;;;;;;;;;;;;;;;;;;;;;;;;;;3.8;;;;3.6;;;;;;;;;;;;;;;;;;;;;;;;;;;;;;;;
2025-11-23;;;;;;;;;;;;;;;;;;;;;;;;;;2.4;;;;;;;;;;;;;;;;;;;;;;;;;;;;;;;;;-6.9;;;;;;;;;;;;;;;;;;;;;;;;;;;;;;;2.2;0.8;;;;;;;;;;;;;;;;;;;;;;;;;;;;;;;;;7.8;;2.9;4.8;;;3.4;;2.2;;;;;;5.1;;4.2;;;;;;;;;;;;;;;;;;;;;;;;;;;;;;;;;;;;;;;;;;;;;;;;;;;;;;;;;;;;;;;;;;;;;;;;;;;;;;;;;;;;;;;;;;;;;3.4;;;;;;;;;;;;;;;;;;;;;;;;;;;;;;;;;;;;;;;;;;;;;;;;;;;;;;;;;;;;;;;;;;;;;;;;;;;;;;;;3.8;;;;3.6;;;;;;;;;;;;;;;;;;;;;;;;;;;;;;;;
2025-11-24;;;;;;;;;;;;;;;;;;;;;;;;;;;;;;;;;;;;;;;;;;;;;;;;;;;;;;;;;;;-7.1;;;;;;;;;;;;;;;;;;;;;;;;;;;;;;;2.4;0.9;;;;;;;;;;;;;;;;;;;;;;;;;;;;;;;;;7.8;;3.2;4.8;;;3.4;;2.2;;;;;;5.2;;4.3;;;;;;;;;;;;;;;;;;;;;;;;;;;;;;;;;;;;;;;;;;;;;;;;;;;;;;;;;;;;;;;;;;;;;;;;;;;;;;;;;;;;;;;;;;;;;;;;;;;;;;;;;;;;;;;;;;;;;;;;;;;;;;;;;;;;;;;;;;;;;;;;;;;;;;;;;;;;;;;;;;;;;;;;;;;;;3.9;;;;3.6;;;;;;;;;;;;;;;;;;;;;;;;;;;;;;;;
2025-11-25;;;;;;;;;;;;;;;;;;;;;;;;;;2.3;;;;;;;;;;;;;;;;;;;;;;;;;;;;;;;;;-7.1;;;;;;;;;;;;;;;;;;;;;;;;;;;;;;;2.7;1.0;;;;;;;;;;;;;;;;;;;;;;;;;;;;;;;;;7.9;;3.2;4.8;;;3.4;;2.4;;;;;;5.3;;4.4;;;;;;;;;;;;;;;;;;;;;;;;;;;;;;;;;;;;;;;;;;;;;;;;;;;;;;;;;;;;;;;;;;;;;;;;;;;;;;;;;;;;;;;;;;;;;3.4;;;;;;;;;;;;;;;;;;;;;;;;;;;;;;;;;;;;;;;;;;;;;;;;;;;;;;;;;;;;;;;;;;;;;;;;;;;;;;;;3.9;;;;3.6;;;;;;;;;;;;;;;;;;;;;;;;;;;;;;;;
2025-11-26;;;;;;;;;;;;;;;;;;;;;;;;;;2.3;;;;;;;;;;;;;;;;;;;;;;;;;;;;;;;;;-7.3;;;;;;;;;;;;;;;;;;;;;;;;;;;;;;;;1.1;;;;;;;;;;;;;;;;;;;;;;;;;;;;;;;;;7.9;;;;;;3.3;;2.2;;;;;;5.4;;4.3;;;;;;;;;;;;;;;;;;;;;;;;;;;;;;;;;;;;;;;;;;;;;;;;;;;;;;;;;;;;;;;;;;;;;;;;;;;;;;;;;;;;;;;;;;;;;3.3;;;;;;;;;;;;;;;;;;;;;;;;;;;;;;;;;;;;;;;;;;;;;;;;;;;;;;;;;;;;;;;;;;;;;;;;;;;;;;;;;;;;;;;;;;;;;;;;;;;;;;;;;;;;;;;;;;;;
2025-11-27;;;;;;;;;;;;;;;;;;;;;;;;;;2.3;;;;;;;;;;;;;;;;;;;;;;;;;;;;;;;;;-7.5;;;;;;;;;;;;;;;;;;;;;;;;;;;;;;;;1.1;;;;;;;;;;;;;;;;;;;;;;;;;;;;;;;;;7.9;;;4.8;;;3.4;;2.4;;;;;;5.4;;4.2;;;;;;;;;;;;;;;;;;;;;;;;;;;;;;;;;;;;;;;;;;;;;;;;;;;;;;;;;;;;;;;;;;;;;;;;;;;;;;;;;;;;;;;;;;;;;3.2;;;;;;;;;;;;;;;;;;;;;;;;;;;;;;;;;;;;;;;;;;;;;;;;;;;;;;;;;;;;;;;;;;;;;;;;;;;;;;;;;;;;;;;;;;;;;;;;;;;;;;;;;;;;;;;;;;;;
2025-11-28;;;;;;;;;;;;;;;;;;;;;;;;;;2.4;;;;;;;;;;;;;;;;;;;;;;;;;;;;;;;;;-7.6;;;;;;;;;;;;;;;;;;;;;;;;;;;;;;;;1.3;;;;;;;;;;;;;;;;;;;;;;;;;;;;;;;;;;;;;;;;;;;;;;;;;4.0;;;;;;;;;;;;;;;;;;;;;;;;;;;;;;;;;;;;;;;;;;;;;;;;;;;;;;;;;;;;;;;;;;;;;;;;;;;;;;;;;;;;;;;;;;;;;3.3;;;;;;;;;;;;;;;;;;;;;;;;;;;;;;;;;;;;;;;;;;;;;;;;;;;;;;;;;;;;;;;;;;;;;;;;;;;;;;;;;;;;;;;;;;;;;;;;;;;;;;;;;;;;;;;;;;;;
2025-11-29;;;;;;;;;;;;;;;;;;;;;;;;;;2.4;;;;;;;;;;;;;;;;;;;;;;;;;;;;;;;;;-7.6;;;;;;;;;;;;;;;;;;;;;;;;;;;;;;;;1.2;;;;;;;;;;;;;;;;;;;;;;;;;;;;;;;;;7.8;;;4.8;;;;;;;;;;;5.5;;3.8;;;;;;;;;;;;;;;;;;;;;;;;;;;;;;;;;;;;;;;;;;;;;;;;;;;;;;;;;;;;;;;;;;;;;;;;;;;;;;;;;;;;;;;;;;;;;3.3;;;;;;;;;;;;;;;;;;;;;;;;;;;;;;;;;;;;;;;;;;;;;;;;;;;;;;;;;;;;;;;;;;;;;;;;;;;;;;;;;;;;;;;;;;;;;;;;;;;;;;;;;;;;;;;;;;;;
2025-11-30;;;;;;;;;;;;;;;;;;;;;;;;;;2.3;;;;;;;;;;;;;;;;;;;;;;;;;;;;;;;;;-7.7;;;;;;;;;;;;;;;;;;;;;;;;;;;;;;;;1.3;;;;;;;;;;;;;;;;;;;;;;;;;;;;;;;;;7.9;;;4.9;;;;;;;;;;;5.5;;3.9;;;;;;;;;;;;;;;;;;;;;;;;;;;;;;;;;;;;;;;;;;;;;;;;;;;;;;;;;;;;;;;;;;;;;;;;;;;;;;;;;;;;;;;;;;;;;3.3;;;;;;;;;;;;;;;;;;;;;;;;;;;;;;;;;;;;;;;;;;;;;;;;;;;;;;;;;;;;;;;;;;;;;;;;;;;;;;;;;;;;;;;;;;;;;;;;;;;;;;;;;;;;;;;;;;;;
2025-12-01;;;;;;;;;;;;;;;;;;;;;;;;;;2.2;;;;;;;;;;;;;;;;;;;;;;;;;;;;;;;;;-7.7;;;;;;;;;;;;;;;;;;;;;;;;;;;;;;;;1.4;;;;;;;;;;;;;;;;;;;;;;;;;;;;;;;;;7.8;;;4.8;;;;;;;;;;;5.5;;3.8;;;;;;;;;;;;;;;;;;;;;;;;;;;;;;;;;;;;;;;;;;;;;;;;;;;;;;;;;;;;;;;;;;;;;;;;;;;;;;;;;;;;;;;;;;;;;3.3;;;;;;;;;;;;;;;;;;;;;;;;;;;;;;;;;;;;;;;;;;;;;;;;;;;;;;;;;;;;;;;;;;;;;;;;;;;;;;;;;;;;;;;;;;;;;;;;;;;;;;;;;;;;;;;;;;;;
2025-12-02;;;;;;;;;;;;;;;;;;;;;;;;;;2.2;;;;;;;;;;;;;;;;;;;;;;;;;;;;;;;;;-7.7;;;;;;;;;;;;;;;;;;;;;;;;;;;;;;;;1.5;;;;;;;;;;;;;;;;;;;;;;;;;;;;;;;;;7.8;;;4.8;;;;;;;;;;;5.6;;3.8;;;;;;;;;;;;;;;;;;;;;;;;;;;;;;;;;;;;;;;;;;;;;;;;;;;;;;;;;;;;;;;;;;;;;;;;;;;;;;;;;;;;;;;;;;;;;3.3;;;;;;;;;;;;;;;;;;;;;;;;;;;;;;;;;;;;;;;;;;;;;;;;;;;;;;;;;;;;;;;;;;;;;;;;;;;;;;;;;;;;;;;;;;;;;;;;;;;;;;;;;;;;;;;;;;;;
2025-12-03;;;;;;;;;;;;;;;;;;;;;;;;;;2.2;;;;;;;;;;;;;;;;;;;;;;;;;;;;;;;;;-7.7;;;;;;;;;;;;;;;;;;;;;;;;;;;;;;;;1.3;;;;;;;;;;;;;;;;;;;;;;;;;;;;;;;;;7.8;;;4.8;;;;;;;;;;;5.9;;3.7;;;;;;;;;;;;;;;;;;;;;;;;;;;;;;;;;;;;;;;;;;;;;;;;;;;;;;;;;;;;;;;;;;;;;;;;;;;;;;;;;;;;;;;;;;;;;3.4;;;;;;;;;;;;;;;;;;;;;;;;;;;;;;;;;;;;;;;;;;;;;;;;;;;;;;;;;;;;;;;;;;;;;;;;;;;;;;;;;;;;;;;;;;;;;;;;;;;;;;;;;;;;;;;;;;;;
2025-12-04;;;;;;;;;;;;;;;;;;;;;;;;;;2.2;;;;;;;;;;;;;;;;;;;;;;;;;;;;;;;;;-7.9;;;;;;;;;;;;;;;;;;;;;;;;;;;;;;;;1.5;;;;;;;;;;;;;;;;;;;;;;;;;;;;;;;;;7.8;;;4.8;;;;;;;;;;;5.9;;3.7;;;;;;;;;;;;;;;;;;;;;;;;;;;;;;;;;;;;;;;;;;;;;;;;;;;;;;;;;;;;;;;;;;;;;;;;;;;;;;;;;;;;;;;;;;;;;3.4;;;;;;;;;;;;;;;;;;;;;;;;;;;;;;;;;;;;;;;;;;;;;;;;;;;;;;;;;;;;;;;;;;;;;;;;;;;;;;;;;;;;;;;;;;;;;;;;;;;;;;;;;;;;;;;;;;;;
2025-12-05;;;;;;;;;;;;;;;;;;;;;;;;;;2.3;;;;;;;;;;;;;;;;;;;;;;;;;;;;;;;;;-8.0;;;;;;;;;;;;;;;;;;;;;;;;;;;;;;;;1.6;;;;;;;;;;;;;;;;;;;;;;;;;;;;;;;;;7.8;;;4.8;;;;;;;;;;;6.0;;3.7;;;;;;;;;;;;;;;;;;;;;;;;;;;;;;;;;;;;;;;;;;;;;;;;;;;;;;;;;;;;;;;;;;;;;;;;;;;;;;;;;;;;;;;;;;;;;3.4;;;;;;;;;;;;;;;;;;;;;;;;;;;;;;;;;;;;;;;;;;;;;;;;;;;;;;;;;;;;;;;;;;;;;;;;;;;;;;;;;;;;;;;;;;;;;;;;;;;;;;;;;;;;;;;;;;;;
2025-12-06;;;;;;;;;;;;;;;;;;;;;;;;;;2.3;;;;;;;;;;;;;;;;;;;;;;;;;;;;;;;;;-8.3;;;;;;;;;;;;;;;;;;;;;;;;;;;;;;;;1.5;;;;;;;;;;;;;;;;;;;;;;;;;;;;;;;;;7.9;;;4.9;;;;;;;;;;;6.0;;3.8;;;;;;;;;;;;;;;;;;;;;;;;;;;;;;;;;;;;;;;;;;;;;;;;;;;;;;;;;;;;;;;;;;;;;;;;;;;;;;;;;;;;;;;;;;;;;3.3;;;;;;;;;;;;;;;;;;;;;;;;;;;;;;;;;;;;;;;;;;;;;;;;;;;;;;;;;;;;;;;;;;;;;;;;;;;;;;;;;;;;;;;;;;;;;;;;;;;;;;;;;;;;;;;;;;;;
2025-12-07;;;;;;;;;;;;;;;;;;;;;;;;;;2.3;;;;;;;;;;;;;;;;;;;;;;;;;;;;;;;;;-8.3;;;;;;;;;;;;;;;;;;;;;;;;;;;;;;;;1.7;;;;;;;;;;;;;;;;;;;;;;;;;;;;;;;;;7.9;;;5.0;;;;;;;;;;;6.0;;3.8;;;;;;;;;;;;;;;;;;;;;;;;;;;;;;;;;;;;;;;;;;;;;;;;;;;;;;;;;;;;;;;;;;;;;;;;;;;;;;;;;;;;;;;;;;;;;3.4;;;;;;;;;;;;;;;;;;;;;;;;;;;;;;;;;;;;;;;;;;;;;;;;;;;;;;;;;;;;;;;;;;;;;;;;;;;;;;;;;;;;;;;;;;;;;;;;;;;;;;;;;;;;;;;;;;;;
2025-12-08;;;;;;;;;;;;;;;;;;;;;;;;;;2.3;;;;;;;;;;;;;;;;;;;;;;;;;;;;;;;;;-8.4;;;;;;;;;;;;;;;;;;;;;;;;;;;;;;;;1.8;;;;;;;;;;;;;;;;;;;;;;;;;;;;;;;;;7.9;;;5.0;;;;;;;;;;;6.0;;3.9;;;;;;;;;;;;;;;;;;;;;;;;;;;;;;;;;;;;;;;;;;;;;;;;;;;;;;;;;;;;;;;;;;;;;;;;;;;;;;;;;;;;;;;;;;;;;3.5;;;;;;;;;;;;;;;;;;;;;;;;;;;;;;;;;;;;;;;;;;;;;;;;;;;;;;;;;;;;;;;;;;;;;;;;;;;;;;;;;;;;;;;;;;;;;;;;;;;;;;;;;;;;;;;;;;;;
2025-12-09;;;;;;;;;;;;;;;;;;;;;;;;;;2.3;;;;;;;;;;;;;;;;;;;;;;;;;;;;;;;;;-8.5;;;;;;;;;;;;;;;;;;;;;;;;;;;;;;;;1.7;;;;;;;;;;;;;;;;;;;;;;;;;;;;;;;;;7.9;;;4.9;;;;;;;;;;;6.0;;3.9;;;;;;;;;;;;;;;;;;;;;;;;;;;;;;;;;;;;;;;;;;;;;;;;;;;;;;;;;;;;;;;;;;;;;;;;;;;;;;;;;;;;;;;;;;;;;3.5;;;;;;;;;;;;;;;;;;;;;;;;;;;;;;;;;;;;;;;;;;;;;;;;;;;;;;;;;;;;;;;;;;;;;;;;;;;;;;;;;;;;;;;;;;;;;;;;;;;;;;;;;;;;;;;;;;;;
2025-12-10;;;;;;;;;;;;;;;;;;;;;;;;;;2.4;;;;;;;;;;;;;;;;;;;;;;;;;;;;;;;;;-8.5;;;;;;;;;;;;;;;;;;;;;;;;;;;;;;;;1.6;;;;;;;;;;;;;;;;;;;;;;;;;;;;;;;;;7.8;;;4.9;;;;;;;;;;;6.1;;3.8;;;;;;;;;;;;;;;;;;;;;;;;;;;;;;;;;;;;;;;;;;;;;;;;;;;;;;;;;;;;;;;;;;;;;;;;;;;;;;;;;;;;;;;;;;;;;3.6;;;;;;;;;;;;;;;;;;;;;;;;;;;;;;;;;;;;;;;;;;;;;;;;;;;;;;;;;;;;;;;;;;;;;;;;;;;;;;;;;;;;;;;;;;;;;;;;;;;;;;;;;;;;;;;;;;;;
2025-12-11;;;;;;;;;;;;;;;;;;;;;;;;;;2.4;;;;;;;;;;;;;;;;;;;;;;;;;;;;;;;;;-8.4;;;;;;;;;;;;;;;;;;;;;;;;;;;;;;;;1.7;;;;;;;;;;;;;;;;;;;;;;;;;;;;;;;;;7.8;;;4.9;;;;;;;;;;;6.1;;3.7;;;;;;;;;;;;;;;;;;;;;;;;;;;;;;;;;;;;;;;;;;;;;;;;;;;;;;;;;;;;;;;;;;;;;;;;;;;;;;;;;;;;;;;;;;;;;3.6;;;;;;;;;;;;;;;;;;;;;;;;;;;;;;;;;;;;;;;;;;;;;;;;;;;;;;;;;;;;;;;;;;;;;;;;;;;;;;;;;;;;;;;;;;;;;;;;;;;;;;;;;;;;;;;;;;;;
2025-12-12;;;;;;;;;;;;;;;;;;;;;;;;;;2.4;;;;;;;;;;;;;;;;;;;;;;;;;;;;;;;;;-8.4;;;;;;;;;;;;;;;;;;;;;;;;;;;;;;;;1.6;;;;;;;;;;;;;;;;;;;;;;;;;;;;;;;;;7.7;;;4.9;;;;;;;;;;;6.0;;3.7;;;;;;;;;;;;;;;;;;;;;;;;;;;;;;;;;;;;;;;;;;;;;;;;;;;;;;;;;;;;;;;;;;;;;;;;;;;;;;;;;;;;;;;;;;;;;3.7;;;;;;;;;;;;;;;;;;;;;;;;;;;;;;;;;;;;;;;;;;;;;;;;;;;;;;;;;;;;;;;;;;;;;;;;;;;;;;;;;;;;;;;;;;;;;;;;;;;;;;;;;;;;;;;;;;;;
2025-12-13;;;;;;;;;;;;;;;;;;;;;;;;;;2.4;;;;;;;;;;;;;;;;;;;;;;;;;;;;;;;;;-8.4;;;;;;;;;;;;;;;;;;;;;;;;;;;;;;;;1.5;;;;;;;;;;;;;;;;;;;;;;;;;;;;;;;;;7.8;;;5.0;;;;;;;;;;;6.2;;3.7;;;;;;;;;;;;;;;;;;;;;;;;;;;;;;;;;;;;;;;;;;;;;;;;;;;;;;;;;;;;;;;;;;;;;;;;;;;;;;;;;;;;;;;;;;;;;3.8;;;;;;;;;;;;;;;;;;;;;;;;;;;;;;;;;;;;;;;;;;;;;;;;;;;;;;;;;;;;;;;;;;;;;;;;;;;;;;;;;;;;;;;;;;;;;;;;;;;;;;;;;;;;;;;;;;;;
2025-12-14;;;;;;;;;;;;;;;;;;;;;;;;;;2.3;;;;;;;;;;;;;;;;;;;;;;;;;;;;;;;;;-8.4;;;;;;;;;;;;;;;;;;;;;;;;;;;;;;;;1.5;;;;;;;;;;;;;;;;;;;;;;;;;;;;;;;;;7.8;;;5.0;;;;;;;;;;;6.1;;3.4;;;;;;;;;;;;;;;;;;;;;;;;;;;;;;;;;;;;;;;;;;;;;;;;;;;;;;;;;;;;;;;;;;;;;;;;;;;;;;;;;;;;;;;;;;;;;3.8;;;;;;;;;;;;;;;;;;;;;;;;;;;;;;;;;;;;;;;;;;;;;;;;;;;;;;;;;;;;;;;;;;;;;;;;;;;;;;;;;;;;;;;;;;;;;;;;;;;;;;;;;;;;;;;;;;;;
2025-12-15;;;;;;;;;;;;;;;;;;;;;;;;;;2.3;;;;;;;;;;;;;;;;;;;;;;;;;;;;;;;;;-8.5;;;;;;;;;;;;;;;;;;;;;;;;;;;;;;;;1.5;;;;;;;;;;;;;;;;;;;;;;;;;;;;;;;;;7.7;;;;;;;;;;;;;;6.1;;3.3;;;;;;;;;;;;;;;;;;;;;;;;;;;;;;;;;;;;;;;;;;;;;;;;;;;;;;;;;;;;;;;;;;;;;;;;;;;;;;;;;;;;;;;;;;;;;3.9;;;;;;;;;;;;;;;;;;;;;;;;;;;;;;;;;;;;;;;;;;;;;;;;;;;;;;;;;;;;;;;;;;;;;;;;;;;;;;;;;;;;;;;;;;;;;;;;;;;;;;;;;;;;;;;;;;;;
2025-12-16;;;;;;;;;;;;;;;;;;;;;;;;;;2.3;;;;;;;;;;;;;;;;;;;;;;;;;;;;;;;;;;;;;;;;;;;;;;;;;;;;;;;;;;;;;;;;;1.6;;;;;;;;;;;;;;;;;;;;;;;;;;;;;;;;;7.6;;;5.0;;;;;;;;;;;6.1;;3.4;;;;;;;;;;;;;;;;;;;;;;;;;;;;;;;;;;;;;;;;;;;;;;;;;;;;;;;;;;;;;;;;;;;;;;;;;;;;;;;;;;;;;;;;;;;;;3.9;;;;;;;;;;;;;;;;;;;;;;;;;;;;;;;;;;;;;;;;;;;;;;;;;;;;;;;;;;;;;;;;;;;;;;;;;;;;;;;;;;;;;;;;;;;;;;;;;;;;;;;;;;;;;;;;;;;;
2025-12-17;;;;;;;;;;;;;;;;;;;;;;;;;;2.3;;;;;;;;;;;;;;;;;;;;;;;;;;;;;;;;;-8.5;;;;;;;;;;;;;;;;;;;;;;;;;;;;;;;;1.4;;;6.0;;;;;;;;;;;;;;;;;;;;;;;;;;;;;;7.5;;;4.9;;;;;;;;;;;6.1;;;;;;;;;;;;;;;;;;;;;;;;;;;;;;;;;;;;;;;;;;;;;;;;;;;;;;;;;;;;;;;;;;;;;;;;;;;;;;;;;;;;;;;;;;;;;;;3.9;;;;;;;;;;;;;;;;;;;;;;;;;;;;;;;;;;;;;;;;;;;;;;;;;;;;;;;;;;;;;;;;;;;;;;;;;;;;;;;;;;;;;;;;;;;;;;;;;;;;;;;;;;;;;;;;;;;;
2025-12-18;;;;;;;;;;;;;;;;;;;;;;;;;;2.5;;;;;;;;;;;;;;;;;;;;;;;;;;;;;;;;;-8.6;;;;;;;;;;;;;;;;;;;;;;;;;;;;;;;;;;;5.9;;;;;;;;;;;;;;;;;;;;;;;;;;;;;;7.5;;;5.0;;;;;;;;;;;6.1;;;;;;;;;;;;;;;;;;;;;;;;;;;;;;;;;;;;;;;;;;;;;;;;;;;;;;;;;;;;;;;;;;;;;;;;;;;;;;;;;;;;;;;;;;;;;;;3.9;;;;;;;;;;;;;;;;;;;;;;;;;;;;;;;;;;;;;;;;;;;;;;;;;;;;;;;;;;;;;;;;;;;;;;;;;;;;;;;;;;;;;;;;;;;;;;;;;;;;;;;;;;;;;;;;;;;;
2025-12-19;;;;;;;;;;;;;;;;;;;;;;;;;;2.4;;;;;;;;;;;;;;;;;;;;;;;;;;;;;;;;;-8.7;;;;;;;;;;;;;;;;;;;;;;;;;;;;;;;;;;;5.9;;;;;;;;;;;;;;;;;;;;;;;;;;;;;;7.4;;;4.9;;;;;;;;;;;6.0;;;;;;;;;;;;;;;;;;;;;;;;;;;;;;;;;;;;;;;;;;;;;;;;;;;;;;;;;;;;;;;;;;;;;;;;;;;;;;;;;;;;;;;;;;;;;;;3.9;;;;;;;;;;;;;;;;;;;;;;;;;;;;;;;;;;;;;;;;;;;;;;;;;;;;;;;;;;;;;;;;;;;;;;;;;;;;;;;;;;;;;;;;;;;;;;;;;;;;;;;;;;;;;;;;;;;;
2025-12-20;;;;;;;;;;;;;;;;;;;;;;;;;;2.4;;;;;;;;;;;;;;;;;;;;;;;;;;;;;;;;;-8.7;;;;;;;;;;;;;;;;;;;;;;;;;;;;;;;;;;;5.9;;;;;;;;;;;;;;;;;;;;;;;;;;;;;;7.4;;;4.9;;;;;;;;;;;6.2;;;;;;;;;;;;;;;;;;;;;;;;;;;;;;;;;;;;;;;;;;;;;;;;;;;;;;;;;;;;;;;;;;;;;;;;;;;;;;;;;;;;;;;;;;;;;;;3.9;;;;;;;;;;;;;;;;;;;;;;;;;;;;;;;;;;;;;;;;;;;;;;;;;;;;;;;;;;;;;;;;;;;;;;;;;;;;;;;;;;;;;;;;;;;;;;;;;;;;;;;;;;;;;;;;;;;;
2025-12-21;;;;;;;;;;;;;;;;;;;;;;;;;;2.4;;;;;;;;;;;;;;;;;;;;;;;;;;;;;;;;;-8.7;;;;;;;;;;;;;;;;;;;;;;;;;;;;;;;;;;;6.0;;;;;;;;;;;;;;;;;;;;;;;;;;;;;;7.4;;;4.9;;;;;;;;;;;6.2;;;;;;;;;;;;;;;;;;;;;;;;;;;;;;;;;;;;;;;;;;;;;;;;;;;;;;;;;;;;;;;;;;;;;;;;;;;;;;;;;;;;;;;;;;;;;;;3.9;;;;;;;;;;;;;;;;;;;;;;;;;;;;;;;;;;;;;;;;;;;;;;;;;;;;;;;;;;;;;;;;;;;;;;;;;;;;;;;;;;;;;;;;;;;;;;;;;;;;;;;;;;;;;;;;;;;;
2025-12-22;;;;;;;;;;;;;;;;;;;;;;;;;;2.4;;;;;;;;;;;;;;;;;;;;;;;;;;;;;;;;;-8.7;;;;;;;;;;;;;;;;;;;;;;;;;;;;;;;;;;;6.0;;;;;;;;;;;;;;;;;;;;;;;;;;;;;;7.4;;;4.8;;;;;;;;;;;6.2;;;;;;;;;;;;;;;;;;;;;;;;;;;;;;;;;;;;;;;;;;;;;;;;;;;;;;;;;;;;;;;;;;;;;;;;;;;;;;;;;;;;;;;;;;;;;;;3.9;;;;;;;;;;;;;;;;;;;;;;;;;;;;;;;;;;;;;;;;;;;;;;;;;;;;;;;;;;;;;;;;;;;;;;;;;;;;;;;;;;;;;;;;;;;;;;;;;;;;;;;;;;;;;;;;;;;;
2025-12-23;;;;;;;;;;;;;;;;;;;;;;;;;;2.4;;;;;;;;;;;;;;;;;;;;;;;;;;;;;;;;;-8.7;;;;;;;;;;;;;;;;;;;;;;;;;;;;;;;;;;;6.0;;;;;;;;;;;;;;;;;;;;;;;;;;;;;;7.3;;;;;;;;;;;;;;6.2;;;;;;;;;;;;;;;;;;;;;;;;;;;;;;;;;;;;;;;;;;;;;;;;;;;;;;;;;;;;;;;;;;;;;;;;;;;;;;;;;;;;;;;;;;;;;;;3.9;;;;;;;;;;;;;;;;;;;;;;;;;;;;;;;;;;;;;;;;;;;;;;;;;;;;;;;;;;;;;;;;;;;;;;;;;;;;;;;;;;;;;;;;;;;;;;;;;;;;;;;;;;;;;;;;;;;;
2025-12-24;;;;;;;;;;;;;;;;;;;;;;;;;;2.5;;;;;;;;;;;;;;;;;;;;;;;;;;;;;;;;;-8.6;;;;;;;;;;;;;;;;;;;;;;;;;;;;;;;;;;;;;;;;;;;;;;;;;;;;;;;;;;;;;;;;;7.3;;;4.9;;;;;;;;;;;6.4;;;;;;;;;;;;;;;;;;;;;;;;;;;;;;;;;;;;;;;;;;;;;;;;;;;;;;;;;;;;;;;;;;;;;;;;;;;;;;;;;;;;;;;;;;;;;;;3.9;;;;;;;;;;;;;;;;;;;;;;;;;;;;;;;;;;;;;;;;;;;;;;;;;;;;;;;;;;;;;;;;;;;;;;;;;;;;;;;;;;;;;;;;;;;;;;;;;;;;;;;;;;;;;;;;;;;;
2025-12-25;;;;;;;;;;;;;;;;;;;;;;;;;;2.4;;;;;;;;;;;;;;;;;;;;;;;;;;;;;;;;;-8.6;;;;;;;;;;;;;;;;;;;;;;;;;;;;;;;;;;;;;;;;;;;;;;;;;;;;;;;;;;;;;;;;;7.3;;;4.8;;;;;;;;;;;6.5;;;;;;;;;;;;;;;;;;;;;;;;;;;;;;;;;;;;;;;;;;;;;;;;;;;;;;;;;;;;;;;;;;;;;;;;;;;;;;;;;;;;;;;;;;;;;;;4.0;;;;;;;;;;;;;;;;;;;;;;;;;;;;;;;;;;;;;;;;;;;;;;;;;;;;;;;;;;;;;;;;;;;;;;;;;;;;;;;;;;;;;;;;;;;;;;;;;;;;;;;;;;;;;;;;;;;;
2025-12-26;;;;;;;;;;;;;;;;;;;;;;;;;;2.4;;;;;;;;;;;;;;;;;;;;;;;;;;;;;;;;;-8.6;;;;;;;;;;;;;;;;;;;;;;;;;;;;;;;;;;;;;;;;;;;;;;;;;;;;;;;;;;;;;;;;;7.3;;;4.9;;;;;;;;;;;6.5;;;;;;;;;;;;;;;;;;;;;;;;;;;;;;;;;;;;;;;;;;;;;;;;;;;;;;;;;;;;;;;;;;;;;;;;;;;;;;;;;;;;;;;;;;;;;;;3.8;;;;;;;;;;;;;;;;;;;;;;;;;;;;;;;;;;;;;;;;;;;;;;;;;;;;;;;;;;;;;;;;;;;;;;;;;;;;;;;;;;;;;;;;;;;;;;;;;;;;;;;;;;;;;;;;;;;;
2025-12-27;;;;;;;;;;;;;;;;;;;;;;;;;;2.4;;;;;;;;;;;;;;;;;;;;;;;;;;;;;;;;;;;;;;;;;;;;;;;;;;;;;;;;;;;;;;;;;;;;;;;;;;;;;;;;;;;;;;;;;;;;;;;;;;7.4;;;4.9;;;;;;;;;;;6.6;;;;;;;;;;;;;;;;;;;;;;;;;;;;;;;;;;;;;;;;;;;;;;;;;;;;;;;;;;;;;;;;;;;;;;;;;;;;;;;;;;;;;;;;;;;;;;;;;;;;;;;;;;;;;;;;;;;;;;;;;;;;;;;;;;;;;;;;;;;;;;;;;;;;;;;;;;;;;;;;;;;;;;;;;;;;;;;;;;;;;;;;;;;;;;;;;;;;;;;;;;;;;;;;;;;
2025-12-28;;;;;;;;;;;;;;;;;;;;;;;;;;2.5;;;;;;;;;;;;;;;;;;;;;;;;;;;;;;;;;-8.7;;;;;;;;;;;;;;;;;;;;;;;;;;;;;;;;;;;;;;;;;;;;;;;;;;;;;;;;;;;;;;;;;7.4;;;4.9;;;;;;;;;;;6.8;;;;;;;;;;;;;;;;;;;;;;;;;;;;;;;;;;;;;;;;;;;;;;;;;;;;;;;;;;;;;;;;;;;;;;;;;;;;;;;;;;;;;;;;;;;;;;;3.7;;;;;;;;;;;;;;;;;;;;;;;;;;;;;;;;;;;;;;;;;;;;;;;;;;;;;;;;;;;;;;;;;;;;;;;;;;;;;;;;;;;;;;;;;;;;;;;;;;;;;;;;;;;;;;;;;;;;
2025-12-29;;;;;;;;;;;;;;;;;;;;;;;;;;2.4;;;;;;;;;;;;;;;;;;;;;;;;;;;;;;;;;-8.7;;;;;;;;;;;;;;;;;;;;;;;;;;;;;;;;;;;;;;;;;;;;;;;;;;;;;;;;;;;;;;;;;7.4;;;5.0;;;;;;;;;;;6.9;;;;;;;;;;;;;;;;;;;;;;;;;;;;;;;;;;;;;;;;;;;;;;;;;;;;;;;;;;;;;;;;;;;;;;;;;;;;;;;;;;;;;;;;;;;;;;;3.7;;;;;;;;;;;;;;;;;;;;;;;;;;;;;;;;;;;;;;;;;;;;;;;;;;;;;;;;;;;;;;;;;;;;;;;;;;;;;;;;;;;;;;;;;;;;;;;;;;;;;;;;;;;;;;;;;;;;
2025-12-30;;;;;;;;;;;;;;;;;;;;;;;;;;;;;;;;;;;;;;;;;;;;;;;;;;;;;;;;;;;-8.7;;;;;;;;;;;;;;;;;;;;;;;;;;;;;;;;;;;;;;;;;;;;;;;;;;;;;;;;;;;;;;;;;7.4;;;5.0;;;;;;;;;;;7.1;;;;;;;;;;;;;;;;;;;;;;;;;;;;;;;;;;;;;;;;;;;;;;;;;;;;;;;;;;;;;;;;;;;;;;;;;;;;;;;;;;;;;;;;;;;;;;;;;;;;;;;;;;;;;;;;;;;;;;;;;;;;;;;;;;;;;;;;;;;;;;;;;;;;;;;;;;;;;;;;;;;;;;;;;;;;;;;;;;;;;;;;;;;;;;;;;;;;;;;;;;;;;;;;;;;
2025-12-31;;;;;;;;;;;;;;;;;;;;;;;;;;2.3;;;;;;;;;;;;;;;;;;;;;;;;;;;;;;;;;-8.7;;;;;;;;;;;;;;;;;;;;;;;;;;;;;;;;;;;;;;;;;;;;;;;;;;;;;;;;;;;;;;;;;7.4;;;5.1;;;;;;;;;;;7.2;;;;;;;;;;;;;;;;;;;;;;;;;;;;;;;;;;;;;;;;;;;;;;;;;;;;;;;;;;;;;;;;;;;;;;;;;;;;;;;;;;;;;;;;;;;;;;;3.5;;;;;;;;;;;;;;;;;;;;;;;;;;;;;;;;;;;;;;;;;;;;;;;;;;;;;;;;;;;;;;;;;;;;;;;;;;;;;;;;;;;;;;;;;;;;;;;;;;;;;;;;;;;;;;;;;;;;
2026-01-01;;;;;;;;;;;;;;;;;;;;;;;;;;2.2;;;;;;;;;;;;;;;;;;;;;;;;;;;;;;;;;;;;;;;;;;;;;;;;;;;;;;;;;;;;;;;;;;;;;;;;;;;;;;;;;;;;;;;;;;;;;;;;;;7.3;;;5.1;;;;;;;;;;;7.2;;;;;;;;;;;;;;;;;;;;;;;;;;;;;;;;;;;;;;;;;;;;;;;;;;;;;;;;;;;;;;;;;;;;;;;;;;;;;;;;;;;;;;;;;;;;;;;;;;;;;;;;;;;;;;;;;;;;;;;;;;;;;;;;;;;;;;;;;;;;;;;;;;;;;;;;;;;;;;;;;;;;;;;;;;;;;;;;;;;;;;;;;;;;;;;;;;;;;;;;;;;;;;;;;;;
2026-01-02;;;;;;;;;;;;;;;;;;;;;;;;;;2.2;;;;;;;;;;;;;;;;;;;;;;;;;;;;;;;;;-8.8;;;;;;;;;;;;;;;;;;;;;;;;;;;;;;;;;;;;;;;;;;;;;;;;;;;;;;;;;;;;;;;;;7.4;;;5.1;;;;;;;;;;;7.1;;;;;;;;;;;;;;;;;;;;;;;;;;;;;;;;;;;;;;;;;;;;;;;;;;;;;;;;;;;;;;;;;;;;;;;;;;;;;;;;;;;;;;;;;;;;;;;;;;;;;;;;;;;;;;;;;;;;;;;;;;;;;;;;;;;;;;;;;;;;;;;;;;;;;;;;;;;;;;;;;;;;;;;;;;;;;;;;;;;;;;;;;;;;;;;;;;;;;;;;;;;;;;;;;;;
2026-01-03;;;;;;;;;;;;;;;;;;;;;;;;;;2.4;;;;;;;;;;;;;;;;;;;;;;;;;;;;;;;;;-8.7;;;;;;;;;;;;;;;;;;;;;;;;;;;;;;;;;;;;;;;;;;;;;;;;;;;;;;;;;;;;;;;;;7.4;;;5.1;;;;;;;;;;;7.1;;;;;;;;;;;;;;;;;;;;;;;;;;;;;;;;;;;;;;;;;;;;;;;;;;;;;;;;;;;;;;;;;;;;;;;;;;;;;;;;;;;;;;;;;;;;;;;;;;;;;;;;;;;;;;;;;;;;;;;;;;;;;;;;;;;;;;;;;;;;;;;;;;;;;;;;;;;;;;;;;;;;;;;;;;;;;;;;;;;;;;;;;;;;;;;;;;;;;;;;;;;;;;;;;;;
2026-01-04;;;;;;;;;;;;;;;;;;;;;;;;;;2.5;;;;;;;;;;;;;;;;;;;;;;;;;;;;;;;;;-8.6;;;;;;;;;;;;;;;;;;;;;;;;;;;;;;;;;;;;;;;;;;;;;;;;;;;;;;;;;;;;;;;;;7.4;;;5.1;;;;;;;;;;;7.4;;;;;;;;;;;;;;;;;;;;;;;;;;;;;;;;;;;;;;;;;;;;;;;;;;;;;;;;;;;;;;;;;;;;;;;;;;;;;;;;;;;;;;;;;;;;;;;3.4;;;;;;;;;;;;;;;;;;;;;;;;;;;;;;;;;;;;;;;;;;;;;;;;;;;;;;;;;;;;;;;;;;;;;;;;;;;;;;;;;;;;;;;;;;;;;;;;;;;;;;;;;;;;;;;;;;;;
2026-01-05;;;;;;;;;;;;;;;;;;;;;;;;;;2.5;;;;;;;;;;;;;;;;;;;;;;;;;;;;;;;;;-8.8;;;;;;;;;;;;;;;;;;;;;;;;;;;;;;;;;;;;;;;;;;;;;;;;;;;;;;;;;;;;;;;;;7.4;;;;;;;;;;;;;;7.3;;;;;;;;;;;;;;;;;;;;;;;;;;;;;;;;;;;;;;;;;;;;;;;;;;;;;;;;;;;;;;;;;;;;;;;;;;;;;;;;;;;;;;;;;;;;;;;3.3;;;;;;;;;;;;;;;;;;;;;;;;;;;;;;;;;;;;;;;;;;;;;;;;;;;;;;;;;;;;;;;;;;;;;;;;;;;;;;;;;;;;;;;;;;;;;;;;;;;;;;;;;;;;;;;;;;;;
2026-01-06;;;;;;;;;;;;;;;;;;;;;;;;;;2.6;;;;;;;;;;;;;;;;;;;;;;;;;;;;;;;;;-8.9;;;;;;;;;;;;;;;;;;;;;;;;;;;;;;;;;;;;;;;;;;;;;;;;;;;;;;;;;;;;;;;;;7.5;;;;;;;;;;;;;;7.4;;;;;;;;;;;;;;;;;;;;;;;;;;;;;;;;;;;;;;;;;;;;;;;;;;;;;;;;;;;;;;;;;;;;;;;;;;;;;;;;;;;;;;;;;;;;;;;3.2;;;;;;;;;;;;;;;;;;;;;;;;;;;;;;;;;;;;;;;;;;;;;;;;;;;;;;;;;;;;;;;;;;;;;;;;;;;;;;;;;;;;;;;;;;;;;;;;;;;;;;;;;;;;;;;;;;;;
2026-01-07;;;;;;;;;;;;;;;;;;;;;;;;;;2.5;;;;;;;;;;;;;;;;;;;;;;;;;;;;;;;;;-9.0;;;;;;;;;;;;;;;;;;;;;;;;;;;;;;;;;;;;3.0;;;;;;;;;;;;;;;;;;;;;;;;;;;;;7.5;;;;;;;;;;;;;;7.6;;;;;;;;;;;;;;;;;;;;;;;;;;;;;;;;;;;;;;;;;;;;;;;;;;;;;;;;;;;;;;;;;;;;;;;;;;;;;;;;;;;;;;;;;;;;;;;3.2;;;;;;;;;;;;;;;;;;;;;;;;;;;;;;;;;;;;;;;;;;;;;;;;;;;;;;;;;;;;;;;;;;;;;;;;;;;;;;;;;;;;;;;;;;;;;;;;;;;;;;;;;;;;;;;;;;;;
2026-01-08;;;;;;;;;;;;;;;;;;;;;;;;;;2.6;;;;;;;;;;;;;;;;;;;;;;;;;;;;;;;;;-9.0;;;;;;;;;;;;;;;;;;;;;;;;;;;;;;;;;;;;3.0;;;;;;;;;;;;;;;;;;;;;;;;;;;;;7.6;;;;;;;;;;;;;;7.5;;;;;;;;;;;;;;;;;;;;;;;;;;;;;;;;;;;;;;;;;;;;;;;;;;;;;;;;;;;;;;;;;;;;;;;;;;;;;;;;;;;;;;;;;;;;;;;3.3;;;;;;;;;;;;;;;;;;;;;;;;;;;;;;;;;;;;;;;;;;;;;;;;;;;;;;;;;;;;;;;;;;;;;;;;;;;;;;;;;;;;;;;;;;;;;;;;;;;;;;;;;;;;;;;;;;;;
2026-01-09;;;;;;;;;;;;;;;;;;;;;;;;;;2.6;;;;;;;;;;;;;;;;;;;;;;;;;;;;;;;;;-9.0;;;;;;;;;;;;;;;;;;;;;;;;;;;;;;;;;;;;3.1;;;;;;;;;;;;;;;;;;;;;;;;;;;;;7.5;;;5.3;;;;;;;;;;;7.7;;;;;;;;;;;;;;;;;;;;;;;;;;;;;;;;;;;;;;;;;;;;;;;;;;;;;;;;;;;;;;;;;;;;;;;;;;;;;;;;;;;;;;;;;;;;;;;;;;;;;;;;;;;;;;;;;;;;;;;;;;;;;;;;;;;;;;;;;;;;;;;;;;;;;;;;;;;;;;;;;;;;;;;;;;;;;;;;;;;;;;;;;;;;;;;;;;;;;;;;;;;;;;;;;;;
2026-01-10;;;;;;;;;;;;;;;;;;;;;;;;;;2.6;;;;;;;;;;;;;;;;;;;;;;;;;;;;;;;;;-9.1;;;;;;;;;;;;;;;;;;;;;;;;;;;;;;;;;;;;2.9;;;;;;;;;;;;;;;;;;;;;;;;;;;;;7.5;;;5.3;;;;;;;;;;;7.4;;;;;;;;;;;;;;;;;;;;;;;;;;;;;;;;;;;;;;;;;;;;;;;;;;;;;;;;;;;;;;;;;;;;;;;;;;;;;;;;;;;;;;;;;;;;;;;3.2;;;;;;;;;;;;;;;;;;;;;;;;;;;;;;;;;;;;;;;;;;;;;;;;;;;;;;;;;;;;;;;;;;;;;;;;;;;;;;;;;;;;;;;;;;;;;;;;;;;;;;;;;;;;;;;;;;;;
2026-01-11;;;;;;;;;;;;;;;;;;;;;;;;;;2.6;;;;;;;;;;;;;;;;;;;;;;;;;;;;;;;;;-9.1;;;;;;;;;;;;;;;;;;;;;;;;;;;;;;;;;;;;2.9;;;;;;;;;;;;;;;;;;;;;;;;;;;;;7.3;;;5.1;;;;;;;;;;;7.4;;;;;;;;;;;;;;;;;;;;;;;;;;;;;;;;;;;;;;;;;;;;;;;;;;;;;;;;;;;;;;;;;;;;;;;;;;;;;;;;;;;;;;;;;;;;;;;2.9;;;;;;;;;;;;;;;;;;;;;;;;;;;;;;;;;;;;;;;;;;;;;;;;;;;;;;;;;;;;;;;;;;;;;;;;;;;;;;;;;;;;;;;;;;;;;;;;;;;;;;;;;;;;;;;;;;;;
2026-01-12;;;;;;;;;;;;;;;;;;;;;;;;;;2.6;;;;;;;;;;;;;;;;;;;;;;;;;;;;;;;;;-9.1;;;;;;;;;;;;;;;;;;;;;;;;;;;;;;;;;;;;3.0;;;;;;;;;;;;;;;;;;;;;;;;;;;;;7.4;;;5.1;;;;;;;;;;;7.4;;;;;;;;;;;;;;;;;;;;;;;;;;;;;;;;;;;;;;;;;;;;;;;;;;;;;;;;;;;;;;;;;;;;;;;;;;;;;;;;;;;;;;;;;;;;;;;2.8;;;;;;;;;;;;;;;;;;;;;;;;;;;;;;;;;;;;;;;;;;;;;;;;;;;;;;;;;;;;;;;;;;;;;;;;;;;;;;;;;;;;;;;;;;;;;;;;;;;;;;;;;;;;;;;;;;;;
2026-01-13;;;;;;;;;;;;;;;;;;;;;;;;;;2.6;;;;;;;;;;;;;;;;;;;;;;;;;;;;;;;;;-9.2;;;;;;;;;;;;;;;;;;;;;;;;;;;;;;;;;;;;2.8;;;;;;;;;;;;;;;;;;;;;;;;;;;;;7.5;;;5.1;;;;;;;;;;;7.2;;;;;;;;;;;;;;;;;;;;;;;;;;;;;;;;;;;;;;;;;;;;;;;;;;;;;;;;;;;;;;;;;;;;;;;;;;;;;;;;;;;;;;;;;;;;;;;2.9;;;;;;;;;;;;;;;;;;;;;;;;;;;;;;;;;;;;;;;;;;;;;;;;;;;;;;;;;;;;;;;;;;;;;;;;;;;;;;;;;;;;;;;;;;;;;;;;;;;;;;;;;;;;;;;;;;;;
2026-01-14;;;;;;;;;;;;;;;;;;;;;;;;;;2.6;;;;;;;;;;;;;;;;;;;;;;;;;;;;;;;;;-9.3;;;;;;;;;;;;;;;;;;;;;;;;;;;;;;;;;;;;2.7;;;;;;;;;;;;;;;;;;;;;;;;;;;;;7.5;;;5.1;;;;;;;;;;;7.0;;;;;;;;;;;;;;;;;;;;;;;;;;;;;;;;;;;;;;;;;;;;;;;;;;;;;;;;;;;;;;;;;;;;;;;;;;;;;;;;;;;;;;;;;;;;;;;2.9;;;;;;;;;;;;;;;;;;;;;;;;;;;;;;;;;;;;;;;;;;;;;;;;;;;;;;;;;;;;;;;;;;;;;;;;;;;;;;;;;;;;;;;;;;;;;;;;;;;;;;;;;;;;;;;;;;;;
2026-01-15;;;;;;;;;;;;;;;;;;;;;;;;;;2.4;;;;;;;;;;;;;;;;;;;;;;;;;;;;;;;;;-9.4;;;;;;;;;;;;;;;;;;;;;;;;;;;;;;;;;;;;2.5;;;;;;;;;;;;;;;;;;;;;;;;;;;;;7.4;;;5.0;;;;;;;;;;;7.0;;;;;;;;;;;;;;;;;;;;;;;;;;;;;;;;;;;;;;;;;;;;;;;;;;;;;;;;;;;;;;;;;;;;;;;;;;;;;;;;;;;;;;;;;;;;;;;2.9;;;;;;;;;;;;;;;;;;;;;;;;;;;;;;;;;;;;;;;;;;;;;;;;;;;;;;;;;;;;;;;;;;;;;;;;;;;;;;;;;;;;;;;;;;;;;;;;;;;;;;;;;;;;;;;;;;;;
2026-01-16;;;;;;;;;;;;;;;;;;;;;;;;;;2.5;;;;;;;;;;;;;;;;;;;;;;;;;;;;;;;;;-9.5;;;;;;;;;;;;;;;;;;;;;;;;;;;;;;;;;;;;2.3;;;;;;;;;;;;;;;;;;;;;;;;;;;;;7.3;;;5.0;;;;;;;;;;;6.9;;;;;;;;;;;;;;;;;;;;;;;;;;;;;;;;;;;;;;;;;;;;;;;;;;;;;;;;;;;;;;;;;;;;;;;;;;;;;;;;;;;;;;;;;;;;;;;3.0;;;;;;;;;;;;;;;;;;;;;;;;;;;;;;;;;;;;;;;;;;;;;;;;;;;;;;;;;;;;;;;;;;;;;;;;;;;;;;;;;;;;;;;;;;;;;;;;;;;;;;;;;;;;;;;;;;;;
2026-01-17;;;;;;;;;;;;;;;;;;;;;;;;;;2.5;;;;;;;;;;;;;;;;;;;;;;;;;;;;;;;;;-9.4;;;;;;;;;;;;;;;;;;;;;;;;;;;;;;;;;;;;2.2;;;;;;;;;;;;;;;;;;;;;;;;;;;;;7.4;;;4.9;;;;;;;;;;;6.8;;;;;;;;;;;;;;;;;;;;;;;;;;;;;;;;;;;;;;;;;;;;;;;;;;;;;;;;;;;;;;;;;;;;;;;;;;;;;;;;;;;;;;;;;;;;;;;3.1;;;;;;;;;;;;;;;;;;;;;;;;;;;;;;;;;;;;;;;;;;;;;;;;;;;;;;;;;;;;;;;;;;;;;;;;;;;;;;;;;;;;;;;;;;;;;;;;;;;;;;;;;;;;;;;;;;;;
2026-01-18;;;;;;;;;;;;;;;;;;;;;;;;;;2.7;;;;;;;;;;;;;;;;;;;;;;;;;;;;;;;;;-9.3;;;;;;;;;;;;;;;;;;;;;;;;;;;;;;;;;;;;2.3;;;;;;;;;;;;;;;;;;;;;;;;;;;;;7.4;;;4.9;;;;;;;;;;;6.7;;;;;;;;;;;;;;;;;;;;;;;;;;;;;;;;;;;;;;;;;;;;;;;;;;;;;;;;;;;;;;;;;;;;;;;;;;;;;;;;;;;;;;;;;;;;;;;3.1;;;;;;;;;;;;;;;;;;;;;;;;;;;;;;;;;;;;;;;;;;;;;;;;;;;;;;;;;;;;;;;;;;;;;;;;;;;;;;;;;;;;;;;;;;;;;;;;;;;;;;;;;;;;;;;;;;;;
2026-01-19;;;;;;;;;;;;;;;;;;;;;;;;;;2.6;;;;;;;;;;;;;;;;;;;;;;;;;;;;;;;;;-9.3;;;;;;;;;;;;;;;;;;;;;;;;;;;;;;;;;;;;2.6;;;;;;;;;;;;;;;;;;;;;;;;;;;;;7.4;;;4.9;;;;;;;;;;;6.5;;;;;;;;;;;;;;;;;;;;;;;;;;;;;;;;;;;;;;;;;;;;;;;;;;;;;;;;;;;;;;;;;;;;;;;;;;;;;;;;;;;;;;;;;;;;;;;3.2;;;;;;;;;;;;;;;;;;;;;;;;;;;;;;;;;;;;;;;;;;;;;;;;;;;;;;;;;;;;;;;;;;;;;;;;;;;;;;;;;;;;;;;;;;;;;;;;;;;;;;;;;;;;;;;;;;;;
2026-01-20;;;;;;;;;;;;;;;;;;;;;;;;;;2.7;;;;;;;;;;;;;;;;;;;;;;;;;;;;;;;;;-9.4;;;;;;;;;;;;;;;;;;;;;;;;;;;;;;;;;;;;2.7;;;;;;;;;;;;;;;;;;;;;;;;;;;;;7.5;;;4.9;;;;;;;;;;;6.5;;;;;;;;;;;;;;;;;;;;;;;;;;;;;;;;;;;;;;;;;;;;;;;;;;;;;;;;;;;;;;;;;;;;;;;;;;;;;;;;;;;;;;;;;;;;;;;3.1;;;;;;;;;;;;;;;;;;;;;;;;;;;;;;;;;;;;;;;;;;;;;;;;;;;;;;;;;;;;;;;;;;;;;;;;;;;;;;;;;;;;;;;;;;;;;;;;;;;;;;;;;;;;;;;;;;;;
2026-01-21;;;;;;;;;;;;;;;;;;;;;;;;;;2.7;;;;;;;;;;;;;;;;;;;;;;;;;;;;;;;;;-9.4;;;;;;;;;;;;;;;;;;;;;;;;;;;;;;;;;;;;2.8;;;;;;;;;;;;;;;;;;;;;;;;;;;;;;;;;;;;;;;;;;;;;;;;;;;;;;;;;;;;;;;;;;;;;;;;;;;;;;;;;;;;;;;;;;;;;;;;;;;;;;;;;;;;;;;;;;;;;;;;;;;;;;;;;;;;;;;;;;3.1;;;;;;;;;;;;;;;;;;;;;;;;;;;;;;;;;;;;;;;;;;;;;;;;;;;;;;;;;;;;;;;;;;;;;;;;;;;;;;;;;;;;;;;;;;;;;;;;;;;;;;;;;;;;;;;;;;;;
2026-01-22;;;;;;;;;;;;;;;;;;;;;;;;;;2.7;;;;;;;;;;;;;;;;;;;;;;;;;;;;;;;;;-9.4;;;;;;;;;;;;;;;;;;;;;;;;;;;;;;;;;;;2.3;2.8;;;;;;;;;;;;;;;;;;;;;;;;;;;;;;;;;;;;;;;;;;;;;;;;;;;;;;;;;;;;;;;;;;;;;;;;;;;;;;;;;;;;;;;;;;;;;;;;;;;;;;;;;;;;;;;;;;;;;;;;;;;;;;;;;;;;;;;;;;3.1;;;;;;;;;;;;;;;;;;;;;;;;;;;;;;;;;;;;;;;;;;;;;;;;;;;;;;;;;;;;;;;;;;;;;;;;;;;;;;;;;;;;;;;;;;;;;;;;;;;;;;;;;;;;;;;;;;;;
2026-01-23;;;;;;;;;;;;;;;;;;;;;;;;;;2.6;;;;;;;;;;;;;;;;;;;;;;;;;;;;;;;;;-9.4;;;;;;;;;;;;;;;;;;;;;;;;;;;;;;;;;;;2.2;2.9;;;;;;;;;;;;;;;;;;;;;;;;;;;;;;;;;;;;;;;;;;;;;;;;;;;;;;;;;;;;;;;;;;;;;;;;;;;;;;;;;;;;;;;;;;;;;;;;;;;;;;;;;;;;;;;;;;;;;;;;;;;;;;;;;;;;;;;;;;2.9;;;;;;;;;;;;;;;;;;;;;;;;;;;;;;;;;;;;;;;;;;;;;;;;;;;;;;;;;;;;;;;;;;;;;;;;;;;;;;;;;;;;;;;;;;;;;;;;;;;;;;;;;;;;;;;;;;;;
2026-01-24;;;;;;;;;;;;;;;;;;;;;;;;;;;;;;;;;;;;;;;;;;;;;;;;;;;;;;;;;;;;;;;;;;;;;;;;;;;;;;;;;;;;;;;;;;;;;;2.1;3.2;;;;;;;;;;;;;;;;;;;;;;;;;;;;;;;;;;;;;;;;;;;;;;;;;;;;;;;;;;;;;;;;;;;;;;;;;;;;;;;;;;;;;;;;;;;;;;;;;;;;;;;;;;;;;;;;;;;;;;;;;;;;;;;;;;;;;;;;;;2.9;;;;;;;;;;;;;;;;;;;;;;;;;;;;;;;;;;;;;;;;;;;;;;;;;;;;;;;;;;;;;;;;;;;;;;;;;;;;;;;;;;;;;;;;;;;;;;;;;;;;;;;;;;;;;;;;;;;;
2026-01-25;;;;;;;;;;;;;;;;;;;;;;;;;;;;;;;;;;;;;;;;;;;;;;;;;;;;;;;;;;;-9.4;;;;;;;;;;;;;;;;;;;;;;;;;;;;;;;;;;;2.1;3.5;;;;;;;;;;;;;;;;;;;;;;;;;;;;;;;;;;;;;;;;;;;;;;;;;;;;;;;;;;;;;;;;;;;;;;;;;;;;;;;;;;;;;;;;;;;;;;;;;;;;;;;;;;;;;;;;;;;;;;;;;;;;;;;;;;;;;;;;;;2.8;;;;;;;;;;;;;;;;;;;;;;;;;;;;;;;;;;;;;;;;;;;;;;;;;;;;;;;;;;;;;;;;;;;;;;;;;;;;;;;;;;;;;;;;;;;;;;;;;;;;;;;;;;;;;;;;;;;;
2026-01-26;;;;;;;;;;;;;;;;;;;;;;;;;;2.6;;;;;;;;;;;;;;;;;;;;;;;;;;;;;;;;;-9.5;;;;;;;;;;;;;;;;;;;;;;;;;;;;;;;;;;;2.1;3.8;;;;;;;;;;;;;;;;;;;;;;;;;;;;;;;;;;;;;;;;;;;;;;;;;;;;;;;;;;;;;;;;;;;;;;;;;;;;;;;;;;;;;;;;;;;;;;;;;;;;;;;;;;;;;;;;;;;;;;;;;;;;;;;;;;;;;;;;;;2.9;;;;;;;;;;;;;;;;;;;;;;;;;;;;;;;;;;;;;;;;;;;;;;;;;;;;;;;;;;;;;;;;;;;;;;;;;;;;;;;;;;;;;;;;;;;;;;;;;;;;;;;;;;;;;;;;;;;;
2026-01-27;;;;;;;;;;;;;;;;;;;;;;;;;;2.5;;;;;;;;;;;;;;;;;;;;;;;;;;;;;;;;;-9.5;;;;;;;;;;;;;;;;;;;;;;;;;;;;;;;;;;;2.1;4.0;;;;;;;;;;;;;;;;;;;;;;;;;;;;;;;;;;;;;;;;;;;;;;;;;;;;;;;;;;;;;;;;;;;;;;;;;;;;;;;;;;;;;;;;;;;;;;;;;;;;;;;;;;;;;;;;;;;;;;;;;;;;;;;;;;;;;;;;;;2.9;;;;;;;;;;;;;;;;;;;;;;;;;;;;;;;;;;;;;;;;;;;;;;;;;;;;;;;;;;;;;;;;;;;;;;;;;;;;;;;;;;;;;;;;;;;;;;;;;;;;;;;;;;;;;;;;;;;;
2026-01-28;;;;;;;;;;;;;;;;;;;;;;;;;;2.4;;;;;;;;;;;;;;;;;;;;;;;;;;;;;;;;;-9.5;;;;;;;;;;;;;;;;;;;;;;;;;;;;;;;;;;;;3.9;;;;;;;;;;;;;;;;;;;;;;;;;;;;;;;;;;;;;;;;;;;;;;;;;;;;;;;;;;;;;;;;;;;;;;;;;;;;;;;;;;;;;;;;;;;;;;;;;;;;;;;;;;;;;;;;;;;;;;;;;;;;;;;;;;;;;;;;;;2.9;;;;;;;;;;;;;;;;;;;;;;;;;;;;;;;;;;;;;;;;;;;;;;;;;;;;;;;;;;;;;;;;;;;;;;;;;;;;;;;;;;;;;;;;;;;;;;;;;;;;;;;;;;;;;;;;;;;;
2026-01-29;;;;;;;;;;;;;;;;;;;;;;;;;;;;;;;;;;;;;;;;;;;;;;;;;;;;;;;;;;;-9.6;;;;;;;;;;;;;;;;;;;;;;;;;;;;;;;;;;;;3.9;;;;;;;;;;;;;;;;;;;;;;;;;;;;;;;;;;;;;;;;;;;;;;;;;;;;;;;;;;;;;;;;;;;;;;;;;;;;;;;;;;;;;;;;;;;;;;;;;;;;;;;;;;;;;;;;;;;;;;;;;;;;;;;;;;;;;;;;;;;;;;;;;;;;;;;;;;;;;;;;;;;;;;;;;;;;;;;;;;;;;;;;;;;;;;;;;;;;;;;;;;;;;;;;;;;;;;;;;;;;;;;;;;;;;;;;;;;;;;;;;;;;;;;;;;;;;;
2026-01-30;;;;;;;;;;;;;;;;;;;;;;;;;;2.3;;;;;;;;;;;;;;;;;;;;;;;;;;;;;;;;;-9.6;;;;;;;;;;;;;;;;;;;;;;;;;;;;;;;;;;;;4.1;;;;;;;;;;;;;;;;;;;;;;;;;;;;;;;;;;;;;;;;;;;;;;;;;;;;;;;;;;;;;;;;;;;;;;;;;;;;;;;;;;;;;;;;;;;;;;;;;;;;;;;;;;;;;;;;;;;;;;;;;;;;;;;;;;;;;;;;;;;;;;;;;;;;;;;;;;;;;;;;;;;;;;;;;;;;;;;;;;;;;;;;;;;;;;;;;;;;;;;;;;;;;;;;;;;;;;;;;;;;;;;;;;;;;;;;;;;;;;;;;;;;;;;;;;;;;;
2026-01-31;;;;;;;;;;;;;;;;;;;;;;;;;;2.3;;;;;;;;;;;;;;;;;;;;;;;;;;;;;;;;;-9.9;;;;;;;;;;;;;;;;;;;;;;;;;;;;;;;;;;;2.0;4.5;;;;;;;;;;;;;;;;;;;;;;;;;;;;;;;;;;;;;;;;;;;;;;;;;;;;;;;;;;;;;;;;;;;;;;;;;;;;;;;;;;;;;;;;;;;;;;;;;;;;;;;;;;;;;;;;;;;;;;;;;;;;;;;;;;;;;;;;;;;;;;;;;;;;;;;;;;;;;;;;;;;;;;;;;;;;;;;;;;;;;;;;;;;;;;;;;;;;;;;;;;;;;;;;;;;;;;;;;;;;;;;;;;;;;;;;;;;;;;;;;;;;;;;;;;;;;;
2026-02-01;;;;;;;;;;;;;;;;;;;;;;;;;;2.3;;;;;;;;;;;;;;;;;;;;;;;;;;;;;;;;;-10.0;;;;;;;;;;;;;;;;;;;;;;;;;;;;;;;;;;;2.0;4.6;;;;;;;;;;;;;;;;;;;;;;;;;;;;;;;;;;;;;;;;;;;;;;;;;;;;;;;;;;;;;;;;;;;;;;;;;;;;;;;;;;;;;;;;;;;;;;;;;;;;;;;;;;;;;;;;;;;;;;;;;;;;;;;;;;;;;;;;;;;;;;;;;;;;;;;;;;;;;;;;;;;;;;;;;;;;;;;;;;;;;;;;;;;;;;;;;;;;;;;;;;;;;;;;;;;;;;;;;;;;;;;;;;;;;;;;;;;;;;;;;;;;;;;;;;;;;;
2026-02-02;;;;;;;;;;;;;;;;;;;;;;;;;;2.1;;;;;;;;;;;;;;;;;;;;;;;;;;;;;;;;;-10.1;;;;;;;;;;;;;;;;;;;;;;;;;;;;;;;;;;;1.8;5.1;;;;;;;;;;;;;;;;;;;;;;;;;;;;;;;;;;;;;;;;;;;;;;;;;;;;;;;;;;;;;;;;;;;;;;;;;;;;;;;;;;;;;;;;;;;;;;;;;;;;;;;;;;;;;;;;;;;;;;;;;;;;;;;;;;;;;;;;;;;;;;;;;;;;;;;;;;;;;;;;;;;;;;;;;;;;;;;;;;;;;;;;;;;;;;;;;;;;;;;;;;;;;;;;;;;;;;;;;;;;;;;;;;;;;;;;;;;;;;;;;;;;;;;;;;;;;;
2026-02-03;;;;;;;;;;;;;;;;;;;;;;;;;;2.0;;;;;;;;;;;;;;;;;;;;;;;;;;;;;;;;;-10.4;;;;;;;;;;;;;;;;;;;;;;;;;;;;;;;;;;;1.7;5.6;;;;;;;;;;;;;;;;;;;;;;;;;;;;;;;;;;;;;;;;;;;;;;;;;;;;;;;;;;;;;;;;;;;;;;;;;;;;;;;;;;;;;;;;;;;;;;;;;;;;;;;;;;;;;;;;;;;;;;;;;;;;;;;;;;;;;;;;;;;;;;;;;;;;;;;;;;;;;;;;;;;;;;;;;;;;;;;;;;;;;;;;;;;;;;;;;;;;;;;;;;;;;;;;;;;;;;;;;;;;;;;;;;;;;;;;;;;;;;;;;;;;;;;;;;;;;;
2026-02-04;;;;;;;;;;;;;;;;;;;;;;;;;;2.0;;;;;;;;;;;;;;;;;;;;;;;;;;;;;;;;;-10.6;;;;;;;;;;;;;;;;;;;;;;;;;;;;;;;;;;;1.5;6.1;;;;;;;;;;;;;;;;;;;;;;;;;;;;;;;;;;;;;;;;;;;;;;;;;;;;;;;;;;;;;;;;;;;;;;;;;;;;;;;;;;;;;;;;;;;;;;;;;;;;;;;;;;;;;;;;;;;;;;;;;;;;;;;;;;;;;;;;;;;;;;;;;;;;;;;;;;;;;;;;;;;;;;;;;;;;;;;;;;;;;;;;;;;;;;;;;;;;;;;;;;;;;;;;;;;;;;;;;;;;;;;;;;;;;;;;;;;;;;;;;;;;;;;;;;;;;;
2026-02-05;;;;;;;;;;;;;;;;;;;;;;;;;;1.9;;;;;;;;;;;;;;;;;;;;;;;;;;;;;;;;;;;;;;;;;;;;;;;;;;;;;;;;;;;;;;;;;;;;1.5;;;;;;;;;;;;;;;;;;;;;;;;;;;;;;;;;;;;;;;;;;;;;;;;;;;;;;;;;;;;;;;;;;;;;;;;;;;;;;;;;;;;;;;;;;;;;;;;;;;;;;;;;;;;;;;;;;;;;;;;;;;;;;;;;;;;;;;;;;;;;;;;;;;;;;;;;;;;;;;;;;;;;;;;;;;;;;;;;;;;;;;;;;;;;;;;;;;;;;;;;;;;;;;;;;;;;;;;;;;;;;;;;;;;;;;;;;;;;;;;;;;;;;;;;;;;;;;
2026-02-06;;;;;;;;;;;;;;;;;;;;;;;;;;1.7;;;;;;;;;;;;;;;;;;;;;;;;;;;;;;;;;-11.2;;;;;;;;;;;;;;;;;;;;;;;;;;;;;;;;;;;1.3;6.9;;;;;;;;;;;;;;;;;;;;;;;;;;;;;;;;;;;;;;;;;;;;;;;;;;;;;;;;;;;;;;;;;;;;;;;;;;;;;;;;;;;;;;;;;;;;;;;;;;;;;;;;;;;;;;;;;;;;;;;;;;;;;;;;;;;;;;;;;;;;;;;;;;;;;;;;;;;;;;;;;;;;;;;;;;;;;;;;;;;;;;;;;;;;;;;;;;;;;;;;;;;;;;;;;;;;;;;;;;;;;;;;;;;;;;;;;;;;;;;;;;;;;;;;;;;;;;
2026-02-07;;;;;;;;;;;;;;;;;;;;;;;;;;1.3;;;;;;;;;;;;;;;;;;;;;;;;;;;;;;;;;-11.5;;;;;;;;;;;;;;;;;;;;;;;;;;;;;;;;;;;1.2;7.0;;;;;;;;;;;;;;;;;;;;;;;;;;;;;;;;;;;;;;;;;;;;;;;;;;;;;;;;;;;;;;;;;;;;;;;;;;;;;;;;;;;;;;;;;;;;;;;;;;;;;;;;;;;;;;;;;;;;;;;;;;;;;;;;;;;;;;;;;;;;;;;;;;;;;;;;;;;;;;;;;;;;;;;;;;;;;;;;;;;;;;;;;;;;;;;;;;;;;;;;;;;;;;;;;;;;;;;;;;;;;;;;;;;;;;;;;;;;;;;;;;;;;;;;;;;;;;
2026-02-08;;;;;;;;;;;;;;;;;;;;;;;;;;1.4;;;;;;;;;;;;;;;;;;;;;;;;;;;;;;;;;-11.7;;;;;;;;;;;;;;;;;;;;;;;;;;;;;;;;;;;1.3;7.1;;;;;;;;;;;;;;;;;;;;;;;;;;;;;;;;;;;;;;;;;;;;;;;;;;;;;;;;;;;;;;;;;;;;;;;;;;;;;;;;;;;;;;;;;;;;;;;;;;;;;;;;;;;;;;;;;;;;;;;;;;;;;;;;;;;;;;;;;;;;;;;;;;;;;;;;;;;;;;;;;;;;;;;;;;;;;;;;;;;;;;;;;;;;;;;;;;;;;;;;;;;;;;;;;;;;;;;;;;;;;;;;;;;;;;;;;;;;;;;;;;;;;;;;;;;;;;
2026-02-09;;;;;;;;;;;;;;;;;;;;;;;;;;1.4;;;;;;;;;;;;;;;;;;;;;;;;;;;;;;;;;-11.9;;;;;;;;;;;;;;;;;;;;;;;;;;;;;;;;;;;;7.1;;;;;;;;;;;;;;;;;;;;;;;;;;;;;;;;;;;;;;;;;;;;;;;;;;;;;;;;;;;;;;;;;;;;;;;;;;;;;;;;;;;;;;;;;;;;;;;;;;;;;;;;;;;;;;;;;;;;;;;;;;;;;;;;;;;;;;;;;;;;;;;;;;;;;;;;;;;;;;;;;;;;;;;;;;;;;;;;;;;;;;;;;;;;;;;;;;;;;;;;;;;;;;;;;;;;;;;;;;;;;;;;;;;;;;;;;;;;;;;;;;;;;;;;;;;;;;
2026-02-10;;;;;;;;;;;;;;;;;;;;;;;;;;;;;;;;;;;;;;;;;;;;;;;;;;;;;;;;;;;-12.0;;;;;;;;;;;;;;;;;;;;;;;;;;;;;;;;;;;1.3;7.2;;;;;;;;;;;;;;;;;;;;;;;;;;;;;;;;;;;;;;;;;;;;;;;;;;;;;;;;;;;;;;;;;;;;;;;;;;;;;;;;;;;;;;;;;;;;;;;;;;;;;;;;;;;;;;;;;;;;;;;;;;;;;;;;;;;;;;;;;;;;;;;;;;;;;;;;;;;;;;;;;;;;;;;;;;;;;;;;;;;;;;;;;;;;;;;;;;;;;;;;;;;;;;;;;;;;;;;;;;;;;;;;;;;;;;;;;;;;;;;;;;;;;;;;;;;;;;
2026-02-11;;;;;;;;;;;;;;;;;;;;;;;;;;;;;;;;;;;;;;;;;;;;;;;;;;;;;;;;;;;-12.1;;;;;;;;;;;;;;;;;;;;;;;;;;;;;;;;;;;1.2;7.3;;;;;;;;;;;;;;;;;;;;;;;;;;;;;;;;;;;;;;;;;;;;;;;;;;;;;;;;;;;;;;;;;;;;;;;;;;;;;;;;;;;;;;;;;;;;;;;;;;;;;;;;;;;;;;;;;;;;;;;;;;;;;;;;;;;;;;;;;;;;;;;;;;;;;;;;;;;;;;;;;;;;;;;;;;;;;;;;;;;;;;;;;;;;;;;;;;;;;;;;;;;;;;;;;;;;;;;;;;;;;;;;;;;;;;;;;;;;;;;;;;;;;;;;;;;;;;
2026-02-12;;;;;;;;;;;;;;;;;;;;;;;;;;;;;;;;;;;;;;;;;;;;;;;;;;;;;;;;;;;-12.3;;;;;;;;;;;;;;;;;;;;;;;;;;;;;;;;;;;1.3;7.3;;;;;;;;;;;;;;;;;;;;;;;;;;;;;;;;;;;;;;;;;;;;;;;;;;;;;;;;;;;;;;;;;;;;;;;;;;;;;;;;;;;;;;;;;;;;;;;;;;;;;;;;;;;;;;;;;;;;;;;;;;;;;;;;;;;;;;;;;;;;;;;;;;;;;;;;;;;;;;;;;;;;;;;;;;;;;;;;;;;;;;;;;;;;;;;;;;;;;;;;;;;;;;;;;;;;;;;;;;;;;;;;;;;;;;;;;;;;;;;;;;;;;;;;;;;;;;