Timestamp,Temperature [degC],Relative humidity [%],Pressure [hPa],Solar radiation [W/m^2],WdSpd - RefHt MMV1 [m/s],WdSpd - UnHt MMV1 [m/s],WdSpd - RefHt WEC001 [m/s],WdSpd - UnHt WEC001 [m/s],WdSpd - RefHt WEC002 [m/s],WdSpd - UnHt WEC002 [m/s],Icing classification WEC001,Icing classification WEC002,INFO01 MMV1 H78m - Instr icing [discrete],INFO01 WEC001 - Instr icing [discrete],INFO01 WEC002 - Instr icing [discrete],Goodrich 0872F1 - Meteo Icing [discrete],Goodrich 0872F1 - Meteo Icing [mm],Goodrich 0872F1 - Meteo Icing [mm/h],WMCAM - Instr Icing [discrete],WMCAM - Instr Icing [mm],WMCAM - Meteo Icing [discrete],Power WEC001 Fraction of nomimal power [-],Expected Power WEC001 [-],Active Status Code WEC001,Availability WEC001 [discrete],Power curve P20 WEC001 - Rotor icing [discrete],Power WEC002 Fraction of nomimal power [-],Expected Power WEC002 [-],Active Status Code WEC002,Availability WEC002 [discrete],Power curve P20 WEC002 - Rotor icing [discrete],Eologix - Rotor icing Highest detection value from at least 1 sensor [discrete],fos4x - Rotor icing [discrete],fos4x - Rotor icing [kg/m]
2018-11-26 07:00:00+00:00,-4.518604,96.4561996459961,974.66357421875,-0.0024492512457072,9.658883,8.42548,8.608174,7.762805,8.432561,7.813024,0,0,1.0,0.0,0.0,0.0,0.0083,-0.007199999999999998,0.0,0.0,0.0,0.5350293564214939,0.5653582990400686,,1,0.0,0.6090947146532012,0.5521920751966904,,1,0.0,,0.0,0.0
2018-11-26 07:10:00+00:00,-4.681363,96.8733367919922,974.88818359375,-0.0016866666264832,12.2362,8.484322,8.663984,7.851361,8.631074,8.036862,0,0,1.0,0.0,0.0,0.0,0.0204,0.07260000000000001,0.0,0.0,0.0,0.5882010408727134,0.5765875134783525,,1,0.0,0.6504936404344512,0.592135490112798,,1,0.0,,0.0,0.0
2018-11-26 07:20:00+00:00,-4.8793,96.9741668701172,974.558349609375,-0.0020699999295175,14.53383,8.717158,8.933399,8.179465,8.905536,8.365692,0,0,1.0,0.0,0.0,0.0,0.05125,0.1851,0.0,0.0,0.0,0.6828640077172257,0.6313319844301768,,1,0.0,0.7375677043635671,0.6475909082461498,,1,0.0,,0.0,0.008066002949852508
2018-11-26 07:30:00+00:00,-4.927025,97.30166625976562,974.6361694335938,-0.003143333364278,12.74067,8.023005,8.1087,7.279595,8.331526,7.740934,0,0,1.0,0.0,0.0,0.0,0.07175000000000001,0.12300000000000007,0.0,0.0,0.0,0.4916635206269055,0.473058663217863,,1,0.0,0.5976018245045732,0.5331682544579767,,1,0.0,,0.0,0.020741150442477877
2018-11-26 07:40:00+00:00,-4.9654,97.42666625976562,974.6950073242188,-0.002989999949932,12.28784,7.541378,7.10378,6.316717,7.425717,6.724854,0,0,1.0,0.0,0.0,0.0,0.08595,0.08519999999999994,0.0,0.0,0.0,0.3184144852801067,0.2953858640782343,,1,0.0,0.404413467035061,0.35439466552291315,,1,0.0,,0.0,0.055770648967551614
2018-11-26 07:50:00+00:00,-5.052496,97.66416931152344,974.7765502929688,-0.0023766667582094,11.07281,6.364499,6.13745,5.292084,6.659269,5.983755,0,0,1.0,0.0,0.0,0.0,0.10774999999999998,0.13079999999999992,0.0,0.0,0.0,0.1739551376714939,0.18369445392500985,,1,0.0,0.2782484101086128,0.25892847177827805,,1,0.0,,0.0,0.05646202064896755
2018-11-26 08:00:00+00:00,-5.094071,97.9191665649414,974.7088012695312,-0.0048299999907612,13.79311,6.951506,6.773916,5.97288,7.126397,6.453374,0,0,1.0,0.0,0.0,1.0,0.1361,0.17010000000000008,0.0,0.0,0.0,0.26325927734375,0.2648406363003606,,1,0.0,0.3560909513147866,0.32791526515598424,,1,0.0,,0.0,0.03226401179941003
2018-11-26 08:10:00+00:00,-4.902362,98.22916412353516,974.745361328125,-0.0059033334255218,13.44338,7.197188,6.758563,5.96209,6.734633,6.226985,0,0,1.0,0.0,0.0,1.0,0.1702,0.20459999999999995,0.0,0.0,0.0,0.2589621046112805,0.2624795610333235,,1,0.0,0.3229500821741616,0.2697474846133166,,1,0.0,,0.0,0.05438790560471977
2018-11-26 08:20:00+00:00,-4.773121,98.65499877929688,974.8922119140624,-0.0028366667684167,10.0457,6.77696,6.466384,5.61323,6.626132,6.144472,0,0,1.0,0.0,0.0,1.0,0.195,0.1488000000000001,0.0,0.0,0.0,0.2115585997046494,0.22094460210552583,,1,0.0,0.31152215725038107,0.2537250912035451,,1,0.0,,0.0,0.04056047197640118
2018-11-26 08:30:00+00:00,-4.701629,99.12750244140624,975.0083618164062,-0.0028366667684167,9.444854,7.096072,6.327022,5.543644,6.728653,6.284484,0,0,1.0,0.0,0.0,1.0,0.2304,0.21239999999999992,0.0,0.0,0.0,0.18600134872808688,0.2043403502852147,,1,0.0,0.33108934355945124,0.26900118553434815,,1,0.0,,0.0,0.012675147492625369
2018-11-26 08:40:00+00:00,-4.620242,99.5433349609375,974.8082885742188,-0.0013800000306218,7.722547,6.694495,5.875184,5.069515,6.391284,5.980542,0,0,1.0,0.0,0.0,1.0,0.2384,0.04800000000000004,0.0,0.0,0.0,0.15194358267435212,0.1547559569093932,,1,0.0,0.28353500738376525,0.22042019407909305,,1,0.0,,0.0,0.003917772861356932
2018-11-26 08:50:00+00:00,-4.665391,99.40916442871094,974.7604370117188,-0.0044466666877269,8.56749,6.27681,5.524778,4.692921,6.095775,5.669803,0,0,1.0,0.0,0.0,1.0,0.2274,-0.06600000000000006,0.0,0.0,0.0,0.12325678383431785,0.11629990048747145,,1,0.0,0.23495328577553354,0.18759440138135905,,1,0.0,,0.0,0.0020741150442477874
2018-11-26 09:00:00+00:00,-4.529858,99.05916595458984,974.9625854492188,-0.0036033333744853,6.999045,5.677175,5.467277,4.582244,5.923645,5.321589,1,1,1.0,1.0,0.0,1.0,0.24205000000000002,0.08790000000000014,1.0,0.0019214141902997041,1.0,0.11931237941834985,0.10953543922837451,6540,1,0.0,0.1689508652105564,0.16800063463982148,6540,1,0.0,,0.0,0.0032264011799410025
2018-11-26 09:10:00+00:00,-4.485262,98.97750091552734,975.0172729492188,-0.0023766667582094,6.570799,5.881027,5.752127,4.858845,5.981021,5.359626,1,1,1.0,1.0,0.0,1.0,0.26470000000000005,0.1359000000000002,1.0,1.1526937543339335,1.0,0.14850288205030487,0.14013495715712557,6540,1,0.0,0.177265312380907,0.1737320431830623,6540,1,0.0,,0.0,0.0018436578171091445
2018-11-26 09:20:00+00:00,,98.9633331298828,975.0299072265624,-0.0019933332223445,,,6.066718,5.066679,5.930545,5.414822,1,1,,1.0,0.0,1.0,0.26275,-0.011700000000000377,1.0,1.0569281100650174,1.0,0.1730958817644817,0.17561065752734947,6540,1,0.0,0.2261673792397104,0.16918986568158684,6540,1,0.0,,0.0,0.0
2018-11-26 09:30:00+00:00,,98.875,975.0234985351562,-0.0019166666315868,,,5.530425,4.537022,5.572889,5.150774,1,1,,1.0,0.0,1.0,0.24545,-0.10379999999999989,1.0,1.4609974159081514,1.0,0.11498183087604802,0.10170614570515908,6540,1,0.0,0.19659879358803356,0.11223208637471832,6540,1,0.0,,0.0,0.0
2018-11-26 09:40:00+00:00,-4.440702,98.79750061035156,975.06201171875,-0.0028366667684167,11.47794,5.16389,5.264954,4.267452,5.264834,4.887034,1,1,1.0,1.0,0.0,1.0,0.2063,-0.23489999999999994,1.0,1.5800383191843477,1.0,0.09772216796875,0.09607834012774974,6540,1,0.0,0.16774356004668445,0.10340341144335945,6540,1,0.0,,0.0,0.0
2018-11-26 09:50:00+00:00,-4.295829,98.73583221435548,974.97119140625,-0.0029133332427591,6.065542,5.003915,4.73279,3.781865,4.963603,4.34939,1,1,1.0,1.0,0.0,0.0,0.0373,-1.014,1.0,1.718319014648394,1.0,0.051692374624857096,0.060149918243516676,6540,1,0.0,0.11207674352134146,0.08197802344342571,6540,1,0.0,,0.0,0.0
2018-11-26 10:00:00+00:00,-4.220133,98.71499633789062,974.9432373046876,-0.0062866667285561,6.209318,5.550241,5.442435,4.423973,5.488225,4.849393,1,1,1.0,1.0,0.0,0.0,0.0,-0.2238,1.0,1.8571151925426765,1.0,0.08880396401009909,0.10735361609566252,6540,1,0.0,0.15087174578410822,0.11897905627112419,6540,1,0.0,,0.0,0.0
2018-11-26 10:10:00+00:00,-4.129754,98.72083282470705,975.0890502929688,-0.0048299999907612,6.16122,5.56241,5.445572,4.319727,5.743108,5.133671,1,1,1.0,1.0,0.0,0.0,0.0,0.0,1.0,1.8571151925426765,1.0,0.10359849138957698,0.10748980698048588,6540,1,0.0,0.18220185070503048,0.14705436261979374,6540,1,0.0,,0.0,0.0
2018-11-26 10:20:00+00:00,-4.088117,98.67499542236328,974.9490356445312,-0.0017633333336561,6.438601,5.660774,5.410053,4.295653,5.948874,5.234,1,1,1.0,1.0,0.0,0.0,0.0025,0.015,1.0,1.9809888417862538,1.0,0.11891188458698553,0.10508312222953517,6540,1,0.0,0.19149211604420732,0.16978253459263676,6540,1,0.0,,0.0,0.0
2018-11-26 10:30:00+00:00,-4.068788,98.66583251953124,974.98681640625,-0.0036033333744853,6.080759,5.37419,4.776536,3.671819,5.440384,4.716494,1,1,1.0,1.0,0.0,0.0,0.001,-0.009000000000000001,1.0,2.056891304906536,1.0,0.0633895204125381,0.06251995591539285,6540,1,0.0,0.13561666349085366,0.11501329947457366,6540,1,0.0,,0.0,0.0
2018-11-26 10:40:00+00:00,-4.026463,98.60333251953124,974.94580078125,-0.0028366667684167,6.589137,5.794549,5.645042,4.361556,5.831645,4.761341,1,1,1.0,1.0,1.0,0.0,0.0,-0.006,1.0,2.1339729742549274,1.0,0.10691294600323935,0.1280090871217817,6540,1,0.0,0.14608197468083078,0.15676843528141776,6540,1,0.0,,0.0,0.0
2018-11-26 10:50:00+00:00,-3.96845,98.57916259765624,975.10107421875,-0.0035266666673123,6.511818,5.459647,4.272648,3.072039,5.341331,4.300168,1,1,1.0,1.0,1.0,0.0,0.0,0.0,1.0,2.2826516408308875,1.0,0.03272002801662538,0.03582387085262617,6540,0,,0.10939436749714178,0.10797583913491707,6540,1,0.0,,0.0,0.0
2018-11-26 11:00:00+00:00,,98.54750061035156,975.31640625,-0.0053666667081415,,,4.13174,3.024481,5.332387,4.220909,1,1,,1.0,1.0,0.0,0.0,0.0,1.0,2.4682822152236565,1.0,0.02951583676221894,0.030307958323083743,6540,1,0.0,0.0949841085294398,0.1081003334964857,6540,1,0.0,,0.0,0.0
2018-11-26 11:10:00+00:00,,98.59666442871094,975.3778076171876,-0.0026066666468977,,,4.9326,3.646554,5.725841,4.467127,1,1,,1.0,1.0,0.0,0.0,0.0,1.0,2.569853129240784,1.0,0.06757970298208842,0.06266435833960503,6540,1,0.0,0.1177965564262576,0.12533684768807002,6540,1,0.0,,0.0,0.0
2018-11-26 11:20:00+00:00,,98.56583404541016,975.5657958984376,0.020163333043456,,,5.578259,4.0675,6.140917,4.684399,1,1,,1.0,1.0,0.0,0.0,0.0,1.0,2.681607663258832,1.0,0.09772748249333077,0.10370713609719161,6540,1,0.0,0.14072353456078507,0.16804818362516344,6540,1,0.0,,0.0,0.0
2018-11-26 11:30:00+00:00,,98.57333374023438,975.8189697265624,0.1593900024890899,,,5.095048,3.588713,5.732821,4.221499,1,1,,1.0,1.0,0.0,0.0,0.0,1.0,3.103094894029848,1.0,0.06343238644483613,0.07239890714171258,6540,1,0.0,0.0923205343106898,0.1245319080618353,6540,1,0.0,,0.0,0.0
2018-11-26 11:40:00+00:00,,98.58000183105467,975.898193359375,0.5468433499336243,,,5.194958,3.632943,5.650334,4.110665,1,1,,1.0,1.0,0.0,0.0,0.0,1.0,3.498324234245651,1.0,0.06059823012933498,0.07888089965316461,6540,1,0.0,0.09142597477610517,0.11640680824132277,6540,1,0.0,,0.0,0.0
2018-11-26 11:50:00+00:00,,98.6374969482422,975.9458618164062,1.1619716882705688,,,5.10724,3.625993,5.274558,3.810508,1,1,,1.0,1.0,0.0,0.0,0.0,1.0,3.919855374712891,1.0,0.05894300507336128,0.07314593224871484,6540,1,0.0,0.10058054854230183,0.09072507739700904,6540,1,0.0,,0.0,0.0
2018-11-26 12:00:00+00:00,,98.6433334350586,976.11083984375,2.699259996414185,,,5.923008,4.402633,6.082808,4.46332,1,1,,1.0,1.0,0.0,0.0,0.0,1.0,4.341443780359657,1.0,0.08970144132288492,0.1366161702971848,6540,1,0.0,0.15004281392911586,0.1619171120495544,6540,1,0.0,,0.0,0.0
2018-11-26 12:10:00+00:00,,98.6433334350586,976.0978393554688,5.133735179901123,,,5.765048,4.081485,6.21452,4.595068,1,1,,1.0,1.0,0.0,0.0,0.0,1.0,4.797342680849442,1.0,0.16294176055163873,0.11993412659130775,6540,1,0.0,0.20287870081459602,0.17600552767420063,6540,1,0.0,,0.0,0.0
2018-11-26 12:20:00+00:00,,98.67749786376952,976.2019653320312,7.801429748535156,,,5.94209,4.171611,6.472755,4.750806,1,1,,1.0,1.0,0.0,0.0,0.0,1.0,4.940333941088738,1.0,0.1623802966606326,0.14027249175882778,6540,1,0.0,0.2316996951219512,0.2054102724492928,6540,1,0.0,,0.0,0.0
2018-11-26 12:30:00+00:00,,98.71749877929688,976.4000854492188,12.095333099365234,,,6.485464,4.557428,7.139619,5.274095,1,1,,1.0,1.0,0.0,0.0,0.0,1.0,5.374712997943516,1.0,0.17811502596227133,0.2229596317952878,6540,1,0.0,0.26555196622522864,0.32891382292357496,6540,1,0.0,,0.0,0.0
2018-11-26 12:40:00+00:00,,98.61499786376952,976.4441528320312,18.390684127807617,,,6.440993,4.51127,7.470772,5.413898,1,1,,1.0,1.0,0.0,0.0,0.0,1.0,5.615010628587795,1.0,0.18495228837176067,0.1930598678749463,6540,1,0.0,0.2666623892435213,0.34160604370532904,6540,1,0.0,,0.0,0.0
2018-11-26 12:50:00+00:00,,98.52083587646484,976.4641723632812,24.557167053222656,,,6.282588,4.371561,6.928967,5.013596,1,1,,1.0,1.0,0.0,0.0194,0.1164,1.0,6.185760846771889,1.0,0.1261417891339558,0.1744834153717695,6540,1,0.0,0.21785422720560213,0.2614405371215454,6540,1,0.0,,0.0,0.0
2018-11-26 13:00:00+00:00,,98.54916381835938,976.4927978515624,24.40035057067871,,,6.10597,4.266111,6.548987,4.744804,1,1,,1.0,1.0,0.0,0.011,-0.05040000000000001,1.0,6.711990512923105,1.0,0.09351764213748097,0.15583504257562902,6540,1,0.0,0.18289284310689788,0.21162980046763047,6540,1,0.0,,0.0,0.0
2018-11-26 13:10:00+00:00,,98.56749725341795,976.607666015625,27.301050186157227,,,5.655344,3.830903,6.262433,4.425821,1,1,,1.0,1.0,0.0,0.00405,-0.0417,1.0,6.8288275708954975,1.0,0.08975954381431024,0.1086873116091604,6540,1,0.0,0.13037547041730183,0.1809942601309252,6540,1,0.0,,0.0,0.0
2018-11-26 13:20:00+00:00,,98.58583068847656,976.7444458007812,25.660783767700195,,,5.219735,3.409595,5.05537,3.447361,1,1,,1.0,1.0,0.0,0.0129,0.0531,1.0,7.23126417979186,1.0,0.05407207954220655,0.08041623766337347,6540,1,0.0,0.05300445928806212,0.07574013427528437,6540,1,0.0,,0.0,0.0
2018-11-26 13:30:00+00:00,,98.76083374023438,976.5585327148438,20.686050415039062,,,4.735117,3.063299,4.320248,2.819202,1,1,,1.0,1.0,0.0,0.0017500000000000003,-0.0669,1.0,7.59297979077453,1.0,0.02473075866699219,0.048918625918483005,6540,1,0.0,0.01793092867223228,0.035194222254514775,6540,1,0.0,,0.0,0.0
2018-11-26 13:40:00+00:00,,98.78333282470705,976.5654296875,23.25838279724121,,,4.4501,2.912544,4.102043,2.644578,1,1,,1.0,1.0,0.0,0.03745,0.21419999999999997,1.0,7.632589987452921,1.0,0.010536970743318884,0.037514668595558305,6540,1,0.0,0.005706014400575219,0.026526031750531625,6540,1,0.0,,0.0,0.0
2018-11-26 13:50:00+00:00,,98.73249816894533,976.47900390625,35.51240158081055,,,3.485397,1.312102,3.923768,0.3254936,1,1,,1.0,1.0,0.0,0.0187,-0.11249999999999998,1.0,7.659855851041532,1.0,-0.004899858149086556,,6540,0,,-0.0008411528424518864,0.024452847109074964,6540,0,,,0.0,0.0
2018-11-26 14:00:00+00:00,-3.082842,98.82333374023438,976.4822387695312,42.20978164672852,9.65859,3.229529,3.377144,0.0,3.62579,0.0,1,1,0.0,1.0,1.0,0.0,0.0027,-0.096,1.0,7.8046993736224275,1.0,-0.0038204960706757335,,6540,1,0.0,-0.003991381482380193,,6540,0,,,0.0,0.0
2018-11-26 14:10:00+00:00,-3.127742,98.84333801269533,976.5880737304688,45.12066650390625,8.353687,2.478536,2.254559,0.0,2.978414,0.0,1,1,0.0,1.0,1.0,0.0,0.0,-0.0162,1.0,7.914916688379766,1.0,-0.004396255307081269,,6540,0,,-0.00389151270796613,,6540,1,0.0,,0.0,0.0
2018-11-26 14:20:00+00:00,-2.981925,98.63416290283205,976.6700439453124,67.65312957763672,6.182073,2.266435,2.924901,0.0,3.035188,0.0,1,1,0.0,1.0,1.0,0.0,0.0,0.0,1.0,8.025444199985245,1.0,-0.0021484944878554925,,6540,1,0.0,-0.002158674147070908,,6540,0,,,0.0,0.0
2018-11-26 14:30:00+00:00,-3.008087,98.47250366210938,976.4380493164062,79.77201843261719,6.793215,2.88345,3.431232,0.0,3.366451,0.0,1,1,0.0,1.0,1.0,0.0,0.0,0.0,1.0,8.101287395615987,1.0,-0.0024747059984904962,,6540,1,0.0,-0.002900315028865163,,6540,1,0.0,,0.0,0.0
2018-11-26 14:40:00+00:00,-3.046583,98.4008331298828,976.4363403320312,88.10416412353516,7.792037,2.74701,3.320883,0.0,3.06652,0.0,1,1,0.0,1.0,1.0,0.0,0.0,0.0,1.0,8.142614940491537,1.0,-0.0036700986071330744,,6540,0,,-0.003353026320294636,,6540,0,,,0.0,0.0
2018-11-26 14:50:00+00:00,-3.081925,98.46416473388672,976.550537109375,87.71733093261719,10.42725,3.329434,3.642242,0.0,3.478451,0.0,1,1,0.0,1.0,1.0,0.0,0.0,0.0,1.0,8.140372420180473,1.0,-0.0037193444880043586,,6540,1,0.0,-0.0022301180769757527,,6540,1,0.0,,0.0,0.0
2018-11-26 15:00:00+00:00,,98.45166778564452,976.6160888671876,90.822998046875,,,3.837716,0.0,4.037389,0.0,1,1,,1.0,1.0,0.0,0.0,0.0,1.0,8.172572625258667,1.0,-0.004401151610583793,0.01783668951148954,6540,0,,0.005411841229694646,0.029332865872304055,6540,0,,,0.0,0.0
2018-11-26 15:10:00+00:00,-2.974908,98.2866668701172,976.5513916015624,101.19483947753906,11.06478,3.808243,4.523639,0.0,4.404255,0.0,1,1,0.0,1.0,1.0,0.0,0.0,0.0,1.0,8.204719342600894,1.0,0.013493220631669207,0.046388986434597296,6540,0,,0.02408683590772675,0.0454185861201716,6540,1,1.0,,0.0,0.0
2018-11-26 15:20:00+00:00,-2.9028,98.24333190917967,976.3943481445312,112.52300262451172,10.99268,3.323694,4.2063,0.0,4.096145,0.0,1,1,0.0,1.0,1.0,0.0,0.0,0.0,1.0,8.204676409106817,0.0,-0.0008011027080256764,0.03315219087837219,6540,1,0.0,0.0012744529072831316,0.031882394899179815,6540,0,,,0.0,0.0
2018-11-26 15:30:00+00:00,,98.15499877929688,976.4252319335938,128.510986328125,,,4.033762,0.0,4.154493,0.0,1,1,,1.0,1.0,0.0,0.0,0.0,1.0,8.17892690622623,0.0,0.0012281159656803782,0.021130708777956114,6540,1,0.0,0.0018003783574918424,0.029188254445075376,6540,0,,,0.0,0.0
2018-11-26 15:40:00+00:00,,98.34666442871094,976.3421020507812,114.50698852539062,,,2.865684,0.0,3.459123,0.0,1,1,,1.0,1.0,0.0,0.0,0.0,1.0,8.159638929722053,0.0,-0.0030260972278874096,,6540,0,,-0.0038932349042194647,,6540,0,,,0.0,0.0
2018-11-26 15:50:00+00:00,,98.62249755859376,976.3086547851562,92.86949920654295,,,2.345874,0.0,2.701915,0.0,1,1,,1.0,1.0,0.0,0.0,0.0,1.0,8.159638929722053,0.0,-0.0033803221074546258,,6540,0,,-0.0018686555071574888,,6540,0,,,0.0,0.0
2018-11-26 16:00:00+00:00,,98.55833435058594,976.2852172851562,104.35516357421876,,,2.474184,0.0,3.225174,0.0,1,1,,1.0,1.0,0.0,0.0,0.0,1.0,8.15962821410003,0.0,-0.003527936702821313,,6540,1,0.0,-0.003107437971161633,,6540,1,0.0,,0.0,0.0
2018-11-26 16:10:00+00:00,,98.48999786376952,976.33349609375,112.17050170898438,,,3.177869,0.0,3.113999,0.0,1,1,,1.0,1.0,0.0,0.0,0.0,1.0,8.153198870739365,0.0,-0.002339488471426615,,6540,1,0.0,-0.0028052851048911494,,6540,0,,,0.0,0.0023045722713864306
2018-11-26 16:20:00+00:00,-2.52215,98.55833435058594,976.3525390625,111.49950408935548,10.80694,2.86011,2.836641,0.0,3.356525,0.0,1,1,0.0,1.0,1.0,0.0,0.0,0.0,1.0,8.166111189148644,0.0,-0.0020138403264487663,,6540,0,,-0.0017077846061892626,,6540,0,,,0.0,0.0069137168141592915
2018-11-26 16:30:00+00:00,-2.430708,98.20500183105467,976.06591796875,129.8264617919922,10.03126,2.93805,3.392582,0.0,2.848639,0.0,1,1,0.0,1.0,1.0,0.0,0.0,0.0,1.0,8.18542063239986,0.0,-0.0032245189387623855,,6540,1,0.0,-0.00327114570431593,,6540,0,,,0.0,0.03203355457227139
2018-11-26 16:40:00+00:00,-2.320375,98.58916473388672,976.05859375,97.53111267089844,9.050765,2.894175,3.186233,0.0,3.2329,0.0,1,1,0.0,1.0,1.0,0.0,0.0,0.0,1.0,8.198247083174303,0.0,-0.0031457617224716562,,6540,1,0.0,-0.003187783636697909,,6540,1,0.0,,0.0,0.057383849557522126
2018-11-26 16:50:00+00:00,-2.229738,98.69166564941406,975.7559204101562,93.17720794677734,6.539112,2.717907,3.313751,0.0,2.974395,0.0,1,1,0.0,1.0,1.0,0.0,0.0,0.0,1.0,8.17893763992309,0.0,-0.0021506851475413253,,6540,0,,-0.0019478952593919708,,6540,0,,,0.0,0.09909660766961652
2018-11-26 17:00:00+00:00,-2.205446,98.71166229248048,975.6463012695312,90.92678833007812,7.212071,2.790186,3.186309,0.0,3.190518,0.0,1,1,0.0,1.0,1.0,0.0,0.0,0.0,1.0,8.166057557461052,0.0,-0.003694557562106993,,6540,0,,-0.003208015023208246,,6540,1,0.0,,0.0,0.16754240412979352
2018-11-26 17:10:00+00:00,-2.083879,98.8375015258789,975.7740478515624,86.92695617675781,5.828279,3.309967,3.656723,0.0,3.532771,0.0,1,1,0.0,1.0,1.0,0.0,0.0,0.0,1.0,8.153198870739361,0.0,-0.004004713849323552,,6540,0,,-0.0024499855971917874,,6540,1,0.0,,0.0,0.2092551622418879
2018-11-26 17:20:00+00:00,-2.077379,98.8308334350586,975.8448486328124,92.88916778564452,4.095223,2.753005,3.307105,0.0,3.249576,0.0,1,1,0.0,1.0,1.0,0.0,0.0034000000000000002,0.0204,1.0,8.178948373296608,1.0,-0.0040072441101074215,,6540,0,,-0.004095767881812119,,6540,0,,,0.0,0.2562684365781711
2018-11-26 17:30:00+00:00,-2.061021,98.79833221435548,975.8468627929688,93.36299896240234,4.148448,2.809605,3.347738,0.0,3.114587,0.0,1,1,0.0,1.0,1.0,0.0,0.0027,-0.004200000000000001,1.0,8.172529781168732,1.0,-0.0026684060910852946,,6540,0,,-0.00348348757115806,,6540,0,,,1.0,0.32125737463126847
2018-11-26 17:40:00+00:00,-2.210687,98.90333557128906,975.9520874023438,81.98954772949219,5.194393,3.316117,4.158486,0.0,3.895217,0.0,1,1,0.0,1.0,1.0,0.0,0.0182,0.093,1.0,8.17908790715236,1.0,0.0020954150688357468,0.03101988649714752,6540,0,,0.0027330603250643104,0.02293489107454845,6540,1,0.0,,0.0,0.34752949852507375
2018-11-26 17:50:00+00:00,,98.85417175292967,975.8673706054688,84.94313049316406,,,3.299641,0.0,3.506928,0.0,1,1,,1.0,1.0,0.0,0.0607,0.255,1.0,8.256422283644513,1.0,-0.0032926708314476943,,6540,0,,-0.0030739530702916587,,6540,0,,,0.0,0.35513458702064893
2018-11-26 18:00:00+00:00,,98.71416473388672,975.8079223632812,95.09617614746094,,,2.615219,0.0,2.796779,0.0,1,1,,1.0,1.0,0.0,0.09185,0.1869,1.0,8.365881549881875,1.0,-0.0021165075534727517,,6540,0,,-0.0034020714643524914,,6540,0,,,1.0,0.36665744837758113
2018-11-26 18:10:00+00:00,,98.64833068847656,975.8229370117188,102.5028305053711,,,2.746557,0.0,2.864078,0.0,1,1,,1.0,1.0,0.0,0.0759,-0.09570000000000004,1.0,8.462321701908559,1.0,-0.0026676568752381858,,6540,0,,-0.0024932975303835984,,6540,1,0.0,,1.0,0.3687315634218289
2018-11-26 18:20:00+00:00,-2.045275,98.82500457763672,976.0494384765624,89.725341796875,7.069709,3.148755,3.790346,0.0,3.934883,0.0,1,1,1.0,1.0,1.0,0.0,0.09265,0.1005,1.0,8.552643528269034,1.0,-0.002413891815557713,0.01570188301414616,6540,0,,0.009490683020614997,0.024660811900308607,6540,1,1.0,,0.0,0.38509402654867253
2018-11-26 18:30:00+00:00,-2.057383,99.0374984741211,975.9929809570312,68.86367797851562,4.200859,2.779068,3.562819,0.0,4.093896,0.0,1,1,1.0,1.0,1.0,1.0,0.1253,0.1959,1.0,8.649244414626107,1.0,-0.0029360266429622,,6540,0,,0.014576879361780678,0.031661724917083474,6540,1,1.0,,0.0,0.38301991150442477
2018-11-26 18:40:00+00:00,-2.067713,99.2008285522461,975.9580078125,58.602447509765625,4.351363,3.035689,3.999838,0.0,4.308531,0.0,1,1,1.0,1.0,1.0,1.0,0.1332,0.04740000000000011,1.0,8.745845299366483,1.0,0.0025952697381740665,0.024233871164672374,6540,0,,0.020433531970512578,0.04082132901475956,6540,1,1.0,,1.0,0.46068399705014745
2018-11-26 18:50:00+00:00,-2.091592,99.24666595458984,976.0025024414062,57.94044876098633,4.778135,3.317958,4.31968,0.0,4.530762,0.0,1,1,1.0,1.0,1.0,1.0,0.14409999999999998,0.06539999999999979,1.0,8.842510582731279,1.0,0.008707951801579173,0.03751413823636834,6540,1,0.0,0.01899198764707984,0.050538446586877304,6540,1,0.0,,1.0,0.5590892330383481
2018-11-26 19:00:00+00:00,-2.055767,99.29666900634766,976.1675415039062,56.53548431396485,4.120835,2.920225,4.095166,0.0,4.458697,0.0,1,1,1.0,1.0,1.0,1.0,0.1485,0.02640000000000009,1.0,8.977762164208478,1.0,0.00868848195890101,0.028175865683716755,6540,1,0.0,0.01333587553442978,0.0473704881246916,6540,1,0.0,,1.0,0.6971331120943953
2018-11-26 19:10:00+00:00,-2.021546,99.45916748046876,976.3839111328124,49.82801818847656,3.50729,2.447103,3.369453,0.0,3.453205,0.0,1,1,1.0,1.0,1.0,1.0,0.12855,-0.11969999999999997,1.0,9.11920771814312,1.0,-0.003914814460568312,,6540,0,,-0.002740671111316216,,6540,0,,,1.0,0.8708978613569321
2018-11-26 19:20:00+00:00,-2.022512,99.57416534423828,976.6295776367188,40.247337341308594,3.520993,2.524587,3.334532,0.0,3.672573,0.0,1,1,1.0,1.0,1.0,1.0,0.13985,0.06780000000000003,1.0,9.267607680917713,1.0,-0.0024109249580197218,,6540,0,,-0.00043984965580265694,,6540,0,,,1.0,1.0483499262536873
2018-11-26 19:30:00+00:00,-2.001637,99.71416473388672,976.533447265625,29.913278579711918,3.254188,2.272096,3.325836,0.0,3.299596,0.0,1,1,1.0,1.0,1.0,1.0,0.18860000000000002,0.2925000000000001,1.0,9.434770608295018,1.0,-0.004113450399259241,,6540,0,,-0.0034965929170934166,,6540,1,0.0,,1.0,1.1933075221238938
2018-11-26 19:40:00+00:00,-1.97135,99.77000427246094,976.6748657226562,30.51589012145996,3.20824,2.129725,3.122257,0.0,2.839522,0.0,1,1,1.0,1.0,1.0,1.0,0.2023,0.08219999999999994,1.0,9.628272915252154,1.0,-0.00303159690484768,,6540,0,,-0.0022263001232612424,,6540,0,,,1.0,1.2942477876106193
2018-11-26 19:50:00+00:00,-1.837404,99.7941665649414,976.8876342773438,30.160200119018555,3.183637,2.14433,2.898592,0.0,3.251379,0.0,1,1,1.0,1.0,1.0,1.0,0.17470000000000002,-0.16559999999999991,1.0,9.808461929919767,1.0,-0.0020484768472066738,,6540,1,0.0,-0.0019536671987394013,,6540,1,0.0,,1.0,1.461790191740413
"2018-11-26 20:00:00+00:00,-1.651396,,977.1058349609376,24.56733703613281,3.217369,2.290115,2.494754,0.0,3.179944,0.0,1,1,1.0,1.0,1.0,1.0,0.1127,-0.37200000000000016,1.0,9.909241954802596,1.0,-0.002989958321175924,,6540,1,0.0,-0.003327973296002644,,""6540, 6680"",0,,,1.0,1.5910766961651917"
"2018-11-26 20:10:00+00:00,-1.562942,,977.187744140625,16.280149459838867,3.278022,2.303694,2.233839,0.0,3.102281,0.0,3,1,1.0,1.0,1.0,1.0,0.0918,-0.12539999999999993,1.0,10.033346667919758,1.0,-0.0035425690906803783,,""6540, 6680"",1,0.0,-0.0025110926279207557,,""6540, 6680"",1,0.0,,1.0,1.6913255899705013"
"2018-11-26 20:20:00+00:00,-1.492721,,977.0523681640624,7.771134853363037,3.357223,2.585795,2.186973,0.0,3.215909,0.0,3,1,1.0,1.0,1.0,1.0,0.24159999999999998,0.8987999999999999,1.0,10.099842928866632,1.0,-0.001785779115630359,,""6540, 6680"",1,0.0,-0.001976972207790468,,""6540, 6680"",1,0.0,,1.0,1.7408738938053099"
"2018-11-26 20:30:00+00:00,-1.480179,,977.1661376953124,3.07287335395813,3.27032,2.31115,2.059201,0.0,2.86467,0.0,3,1,1.0,1.0,1.0,1.0,0.1676,-0.4439999999999999,1.0,10.255902899306488,1.0,-0.0017573239163654606,,""6540, 6680"",1,0.0,-0.0032042275405511625,,""6540, 6680"",0,,,1.0,1.782125737463127"
"2018-11-26 20:40:00+00:00,-1.453663,,977.1326293945312,0.8424416780471802,3.643768,2.652282,2.990902,0.0,3.413502,0.0,3,1,1.0,1.0,1.0,1.0,0.14395,-0.14190000000000003,1.0,10.4193565475769,1.0,-0.003972676439983089,,""6540, 6680"",1,0.0,-0.0032048641763082367,,""6540, 6680"",1,0.0,,1.0,1.8178466076696165"
"2018-11-26 20:50:00+00:00,-1.447496,,977.3789672851562,0.2164192944765091,3.69627,2.556859,2.87606,0.0,3.431924,0.0,3,1,1.0,1.0,1.0,1.0,0.15845,0.08700000000000008,1.0,10.567879377857185,1.0,-0.003026863191185928,,""6540, 6680"",1,0.0,-0.0017649343537121285,,""6540, 6680"",0,,,1.0,1.8051714601769913"
"2018-11-26 21:00:00+00:00,-1.427121,,977.2935180664062,0.0450049899518489,3.925051,2.91374,3.253882,0.0,3.693722,0.0,3,1,1.0,1.0,1.0,1.0,0.2023,0.2631,1.0,10.660380267143553,1.0,-0.002304071100746713,,""6540, 6680"",1,0.0,-0.00172636718284793,,""6540, 6680"",1,0.0,,1.0,1.8014841445427727"
"2018-11-26 21:10:00+00:00,-1.465875,,977.2548828125,0.0017603993183001,4.597524,3.322764,3.961975,0.0,4.333724,0.0,3,1,1.0,1.0,1.0,1.0,0.2569,0.32760000000000006,1.0,10.893443967874708,1.0,-0.002198694275646675,0.02255237970426806,""6540, 6680"",0,,0.011146546340570218,0.04179795159681912,""6540, 6680"",1,1.0,,1.0,1.845962389380531"
"2018-11-26 21:20:00+00:00,-1.519096,,977.3624267578124,-0.0016838602023199,4.621288,3.311739,3.776157,0.0,4.246514,0.0,3,1,1.0,1.0,1.0,1.0,0.2493,-0.04560000000000014,1.0,11.006364546348347,1.0,0.0007243138987843583,0.014860197452497658,""6540, 6680"",1,1.0,0.002514480032571932,0.03800968058111865,""6540, 6680"",1,1.0,,1.0,1.8899797197640118"
"2018-11-26 21:30:00+00:00,-1.517367,,977.4883422851562,-0.0016838602023199,4.651068,3.349622,4.042768,0.0,4.135077,0.0,3,1,1.0,1.0,1.0,1.0,0.27395,0.1479000000000002,1.0,11.138210120267628,1.0,-0.0003750171893980445,0.02592844890849927,""6540, 6680"",0,,-0.004028946946306926,0.033138223347986856,""6540, 6680"",0,,,1.0,1.8604811946902653"
"2018-11-26 21:40:00+00:00,-1.532292,,977.5446166992188,-0.0016073210863396,4.108047,3.178378,4.988404,0.0,5.508204,0.0,3,1,1.0,1.0,1.0,1.0,0.39715,0.7391999999999999,1.0,11.340252334622773,1.0,0.004188637151950743,0.07604379799979451,""6540, 6680"",0,,0.022930048500619284,0.1197355859077627,""6540, 6680"",1,1.0,,1.0,1.8461928466076696"
"2018-11-26 21:50:00+00:00,-1.544008,,977.3523559570312,-0.0043700002133846,4.600897,3.629927,4.029071,0.0,4.992918,0.0,3,1,1.0,1.0,1.0,1.0,0.49795,0.6048,1.0,11.577348956780636,1.0,0.008302120115698837,0.025358724155331455,""6540, 6680"",0,,0.009725015221572507,0.08267787670869262,6540,1,1.0,,1.0,1.8406618731563422"
"2018-11-26 22:00:00+00:00,-1.560708,,977.4419555664062,-0.0064400001429021,4.19362,3.243395,3.956416,0.0,5.091793,0.0,3,1,1.0,1.0,1.0,1.0,0.2488,-1.4949000000000001,1.0,11.805561232010458,1.0,-0.0035213779821628476,0.02234673643433807,""6540, 6680"",0,,0.007469020471340273,0.08965289041670875,6540,1,1.0,,1.0,1.7540099557522122"
"2018-11-26 22:10:00+00:00,-1.583017,,977.5379638671876,-0.0029133332427591,4.638504,3.433052,3.670945,0.0,4.49524,0.0,3,1,1.0,1.0,1.0,1.0,0.182,-0.4008,1.0,11.963708586486835,1.0,-0.003613594799506955,,""6540, 6680"",0,,-0.002691575027093655,0.048907996384394685,6540,0,,,1.0,1.657448377581121"
"2018-11-26 22:20:00+00:00,-1.625792,,977.7932739257812,-0.0016073210863396,4.135073,3.191988,3.294865,0.0,4.024173,0.0,3,1,1.0,1.0,1.0,1.0,0.2031,0.12660000000000005,1.0,12.165355616956333,1.0,-0.0027952170953518007,,""6540, 6680"",0,,-0.0016725228472453794,0.02832361858457629,6540,0,,,1.0,1.5781710914454279"
"2018-11-26 22:30:00+00:00,-1.623275,,977.5370483398438,-0.0033677204046398,4.191569,3.213701,3.712487,0.0,4.000969,0.0,3,1,1.0,1.0,1.0,1.0,0.27440000000000003,0.4278000000000002,1.0,12.165661518101636,1.0,-0.0048484616163300305,,""6540, 6680"",0,,-0.0037847956215463032,0.027307146596861682,6540,1,1.0,,1.0,1.5629609144542773"
"2018-11-26 22:40:00+00:00,-1.645783,,977.4554443359376,-0.0061996672302484,4.444518,3.350339,3.747433,0.0,4.307255,0.0,3,1,1.0,1.0,1.0,1.0,0.49555,1.3268999999999997,1.0,12.349176856362348,1.0,-0.0012373756780856995,,""6540, 6680"",1,0.0,-0.002630183754897699,0.04070191505918787,6540,0,,,1.0,1.590154867256637"
"2018-11-26 22:50:00+00:00,-1.651525,,977.3285522460938,-0.0044392677955329,4.391903,3.464015,3.782444,0.0,4.885778,0.0,3,1,1.0,1.0,1.0,1.0,0.71695,1.3283999999999998,1.0,12.517187745367341,1.0,-0.0033067977719190645,0.015150671668125277,""6540, 6680"",0,,-0.0017834238889740735,0.07519486751896114,6540,0,,,1.0,1.5498248525073746"
"2018-11-26 23:00:00+00:00,-1.629504,,977.3778076171876,-0.0037504159845411,4.44997,3.584717,4.822357,0.0,4.60777,0.0,3,1,1.0,1.0,1.0,1.0,0.78805,0.4266000000000003,1.0,12.850972033850939,1.0,0.0019647728524556972,0.06495907841044117,""6540, 6680"",1,1.0,-0.0036675094976657773,0.055586334444631236,6540,0,,,1.0,1.5565081120943953"
"2018-11-26 23:10:00+00:00,-1.583029,,977.4799194335938,-0.0021430947817862,4.412133,3.600827,4.663093,0.0,4.378128,0.0,3,1,1.0,1.0,1.0,1.0,0.83775,0.2981999999999998,1.0,13.227965349100465,1.0,-0.003855447769165039,0.0542654461540093,""6540, 6680"",0,,-0.002468914171544517,0.04378006438539774,6540,0,,,1.0,1.585776179941003"
"2018-11-26 23:20:00+00:00,-1.558038,,977.453857421875,-0.0045233331620693,4.365469,3.568037,4.391178,0.0,4.483241,0.0,3,1,1.0,1.0,1.0,1.0,0.2198,-3.7077,1.0,13.561859231914312,1.0,-0.004717355123380336,0.040395915823932815,""6540, 6680"",0,,-0.0018291032605054901,0.048365317003754446,6540,1,1.0,,1.0,1.5394542772861357"
"2018-11-26 23:30:00+00:00,-1.524808,,977.27978515625,-0.007590000052005,4.842235,4.18516,4.583319,0.0,4.994892,0.0,3,3,1.0,1.0,1.0,1.0,0.2364,0.09960000000000002,1.0,13.671121909709253,1.0,-0.003551367550361447,0.04887647763798456,""6540, 6680"",0,,-0.002979052939066073,0.08280062791225934,""6540, 6680"",0,,,1.0,1.532771017699115"
"2018-11-26 23:40:00+00:00,-1.538808,,977.3035888671876,-0.0052133332937955,4.765572,4.152256,5.320521,0.0,5.847199,0.0,3,3,1.0,1.0,1.0,1.0,0.6543,2.5074,1.0,13.91234443057386,1.0,0.008652533554449313,0.09829958116455449,""6540, 6680"",1,1.0,-0.002379159927368164,0.1571430855130904,""6540, 6680"",0,,,1.0,1.5168694690265485"
"2018-11-26 23:50:00+00:00,-1.563529,,977.384521484375,-0.0041331113316118,4.659422,4.192629,4.919952,0.0,5.062177,0.0,3,3,1.0,1.0,1.0,1.0,0.2621,-2.3532,1.0,13.986393759106518,1.0,0.005081409361304306,0.07147114577848153,""6540, 6680"",0,,-0.0018814188096581432,0.08757161415538121,""6540, 6680"",0,,,1.0,1.539223820058997"
"2018-11-27 00:00:00+00:00,-1.54595,,977.415771484375,-0.0020665556658059,4.468122,3.674488,4.194249,0.0,4.595179,0.0,3,3,1.0,1.0,1.0,1.0,0.56405,1.8117000000000003,1.0,14.275939426746163,1.0,-0.0025177606722203696,0.0322219607242399,""6540, 6680"",1,0.0,-0.003314821429368926,0.054667359380033455,""6540, 6680"",0,,,1.0,1.5316187315634218"
"2018-11-27 00:10:00+00:00,-1.4942,,977.3501586914062,-0.0029084859415888,4.557777,3.596498,3.63376,0.0,3.913701,0.0,3,3,1.0,1.0,1.0,1.0,0.7826,1.3112999999999995,1.0,14.411567690499318,1.0,-0.0028538213125089322,,""6540, 6680"",0,,-0.002500642450844369,0.023456086149714072,""6540, 6680"",0,,,1.0,1.5023506637168142"
"2018-11-27 00:20:00+00:00,-1.435462,,977.3925170898438,-0.0061996672302484,5.616023,3.903198,4.264172,0.0,4.220101,0.0,3,3,1.0,1.0,1.0,1.0,0.93245,0.8991000000000002,1.0,14.5564141286157,1.0,-0.003938553042528106,0.03509864815587071,""6540, 6680"",1,1.0,-0.00202072725063417,0.03683405667521941,""6540, 6680"",0,,,1.0,1.4827617994100295"
"2018-11-27 00:30:00+00:00,-1.368142,,977.2694702148438,-0.0058935107663273,6.061433,4.168301,4.51435,0.0,4.455271,0.0,3,3,1.0,1.0,1.0,1.0,0.2004,-4.3923,1.0,14.6686358185556,1.0,-0.0027136067646305736,0.04545330116224603,""6540, 6680"",0,,-0.0035277843475341798,0.047084320750893686,""6540, 6680"",0,,,1.0,1.554664454277286"
"2018-11-27 00:40:00+00:00,-1.304917,,977.240234375,-0.003138103056699,6.935732,4.858283,4.919016,0.0,5.580239,0.0,3,3,1.0,1.0,1.0,0.0,0.007049999999999999,-1.1601,1.0,14.932063503807624,1.0,-0.0006683431602105862,0.07127734396196866,""6540, 6680"",1,1.0,-0.0020208249441007286,0.1274732976982392,""6540, 6680"",1,1.0,,1.0,1.6132005899705013"
"2018-11-27 00:50:00+00:00,-1.232813,,977.276123046875,-0.0018400000408291,7.503972,5.423247,5.77179,0.0,6.461429,0.0,3,3,1.0,1.0,1.0,0.0,0.04355,0.21899999999999997,1.0,15.177691985616331,1.0,0.011105865850681212,0.1402813962290663,""6540, 6680"",1,1.0,0.018051817358993902,0.22464006086111035,""6540, 6680"",1,0.0,,1.0,1.6920169616519174"
"2018-11-27 01:00:00+00:00,-1.217442,,977.271484375,-0.0036800000816583,6.660812,4.900043,6.152439,0.0,6.104283,0.0,3,3,1.0,1.0,1.0,1.0,0.11810000000000001,0.44730000000000003,1.0,15.264731885462547,1.0,0.02084930419921875,0.18179112789783702,""6540, 6680"",1,1.0,0.013535003662109375,0.1852270397694104,""6540, 6680"",0,,,1.0,1.7500921828908556"
"2018-11-27 01:10:00+00:00,-1.192279,,977.1729736328124,-0.0065933335572481,6.724603,5.056455,5.668735,0.0,5.946598,0.0,3,3,1.0,1.0,1.0,1.0,0.187,0.41339999999999993,1.0,15.323461464237853,1.0,0.01483530928448933,0.1290121834293607,""6540, 6680"",0,,,,""6540, 6680"",0,,,1.0,1.7754424778761062"
"2018-11-27 01:20:00+00:00,-1.154671,,977.261474609375,-0.0054342760704457,7.204692,5.258007,6.222115,0.0,6.091247,0.0,3,3,1.0,1.0,1.0,1.0,0.2564,0.4164000000000001,1.0,15.554065115879505,1.0,-0.004838914173405344,0.18930378710997448,""6540, 6680"",0,,-0.004145866952291349,0.1837032068976771,""6540, 6680"",0,,,1.0,1.8590984513274336"
"2018-11-27 01:30:00+00:00,-1.195275,,977.0582275390624,-0.0018369384342804,5.472218,4.403499,5.20333,0.0,5.288344,0.0,3,3,1.0,1.0,1.0,1.0,0.45504999999999995,1.1918999999999995,1.0,15.702644705161442,1.0,0.006690998077392578,0.09025805164465354,""6540, 6680"",0,,-0.001599123536086664,0.10328125914644848,""6540, 6680"",0,,,1.0,1.8798396017699115"
"2018-11-27 01:40:00+00:00,-1.304704,,976.9825439453124,-0.0026023294776678,5.715544,4.335955,4.644944,0.0,4.772087,0.0,3,3,1.0,1.0,1.0,1.0,0.7362,1.6869,1.0,15.829129943386347,1.0,0.008440150749392627,0.05289739554170063,""6540, 6680"",1,1.0,-0.0020178276155053115,0.06698486591151584,""6540, 6680"",0,,,1.0,1.8821441740412979"
"2018-11-27 01:50:00+00:00,-1.38025,,976.7998046875,-0.0048985024914145,6.040394,4.684657,5.341224,0.0,6.317825,0.0,3,3,1.0,1.0,1.0,1.0,0.5780000000000001,-0.9491999999999994,1.0,16.05207982761064,1.0,0.01074841476068264,0.09956513519425025,""6540, 6680"",0,,0.01641560252119855,0.20885796851710822,""6540, 6680"",1,1.0,,1.0,1.8851401179941003"
"2018-11-27 02:00:00+00:00,-1.384129,,976.6920776367188,-0.0061231283470988,6.590719,5.136802,5.917005,0.0,6.696785,0.0,3,3,1.0,1.0,1.0,1.0,0.13210000000000002,-2.6754000000000007,1.0,16.289829470438946,1.0,0.029461571297994475,0.15613041153077292,""6540, 6680"",0,,0.06426116943359375,0.25929372398125133,""6540, 6680"",1,1.0,,1.0,1.8600202802359882"
"2018-11-27 02:10:00+00:00,-1.378683,,976.6195068359376,-0.0038269551005214,6.251318,5.403586,5.466266,0.0,6.746238,0.0,3,3,1.0,1.0,1.0,1.0,0.40380000000000005,1.6302000000000003,1.0,16.505298982210633,1.0,-0.0028782930606749,0.10790078452324942,""6540, 6680"",0,,0.16435152379477896,0.2665299265257848,""6540, 6680"",1,1.0,,1.0,1.8519542772861357"
"2018-11-27 02:20:00+00:00,-1.387938,,976.6455078125,-0.0036800000816583,6.450527,5.53785,6.388783,0.0,6.910043,0.0,3,3,1.0,1.0,1.0,1.0,0.6121000000000001,1.2498000000000002,1.0,16.70591920095959,1.0,-0.0019320982258494307,0.20757825570512628,""6540, 6680"",1,1.0,0.17922409429782774,0.2906893993225794,""6540, 6680"",1,1.0,,,1.766800331858407"
"2018-11-27 02:30:00+00:00,-1.387233,,976.615234375,-0.0023766667582094,6.704088,5.299898,5.975802,0.0,6.602129,0.0,3,2,1.0,1.0,1.0,1.0,0.8303,1.3091999999999997,1.0,16.89889097050304,1.0,-0.0027488259571354563,0.1625330490431399,""6540, 6680"",0,,0.15659748356516764,0.24534006846477058,6540,1,1.0,,,1.7118362831858405"
"2018-11-27 02:40:00+00:00,-1.412533,,976.6434936523438,-0.0046000001020729,6.986395,5.664888,6.774404,0.0,7.308295,0.0,3,2,1.0,1.0,1.0,1.0,0.54595,-1.7061,1.0,16.954390476264614,1.0,0.03031344157893483,0.2600170786497649,""6540, 6680"",1,1.0,0.2145365794112043,0.34934715250718645,6540,1,1.0,,,1.776825221238938"
"2018-11-27 02:50:00+00:00,-1.480037,,976.4775390625,-0.0067354408092796,6.164832,4.981536,5.319105,0.0,6.595649,0.0,3,2,1.0,1.0,1.0,1.0,0.13545000000000001,-2.463,1.0,17.188708958268883,1.0,0.013804137997510957,0.09810907187771999,""6540, 6680"",0,,0.15038702243711888,0.2445431499702327,6540,1,1.0,,,1.8325190511307767"
"2018-11-27 03:00:00+00:00,-1.488188,,976.5172729492188,-0.0055108154192566,5.486504,4.29411,4.735168,0.0,5.936873,0.0,3,3,1.0,1.0,1.0,1.0,0.38355,1.4886,1.0,17.25327010113896,1.0,-0.0020675049758538968,0.05897148530593084,""6540, 6680"",1,1.0,0.06922040985851753,0.16686004583619907,""6540, 6680"",1,1.0,,1.0,1.8496497050147493"
"2018-11-27 03:10:00+00:00,-1.355233,,976.7488403320312,-0.0042026578448712,5.278556,3.933027,5.691206,0.0,5.935634,0.0,3,3,1.0,1.0,1.0,1.0,0.613,1.3767,1.0,17.4140036878501,1.0,-0.005757365343047351,0.13147481309239728,""6540, 6680"",0,,0.07076686207841082,0.16660289359067953,""6540, 6680"",1,1.0,,1.0,1.833748156342183"
"2018-11-27 03:20:00+00:00,-1.099492,,976.7302856445312,-0.0032146421726793,6.389735,4.584549,4.290697,0.0,5.354744,0.0,3,3,1.0,1.0,1.0,1.0,0.80625,1.1595000000000002,1.0,17.5494488605835,1.0,-0.0032913587151504145,0.036051901929183554,""6540, 6680"",1,1.0,0.05568183340677401,0.10781557533345172,""6540, 6680"",1,0.0,,1.0,1.7385693215339235"
"2018-11-27 03:30:00+00:00,-1.078346,,976.7233276367188,-0.006276206113398,4.636113,3.50402,5.072198,0.0,5.742031,0.0,3,3,1.0,1.0,1.0,1.0,0.41795,-2.3298,1.0,17.671831450265056,1.0,-0.0020022785372850373,0.08137243155365351,""6540, 6680"",1,1.0,0.05246756949075838,0.14501046184306182,""6540, 6680"",1,0.0,,1.0,1.6710453539823007"
"2018-11-27 03:40:00+00:00,-1.301192,,976.8021240234376,-0.0065823625773191,5.276481,3.995258,4.160316,0.0,4.415681,0.0,3,3,1.0,1.0,1.0,0.0,0.0,-2.5077,1.0,17.807051221938977,1.0,-0.0026187598996046113,0.03073681365938467,""6540, 6680"",1,1.0,,,""6540, 6680"",0,,,1.0,1.6028300147492627"
"2018-11-27 03:50:00+00:00,-1.322046,,976.7101440429688,-0.0049066664651036,5.215394,4.271443,4.437858,0.0,5.615817,0.0,3,3,1.0,1.0,1.0,0.0,0.0217,0.1302,1.0,17.929336992636383,1.0,-0.0038847983755716463,0.04224810132294736,""6540, 6680"",1,1.0,0.04347244262695313,0.13135183415394264,""6540, 6680"",1,1.0,,1.0,1.4986633480825957"
"2018-11-27 04:00:00+00:00,-1.427792,,976.53125,-0.0028366667684167,5.346253,4.078392,4.663688,0.0,5.930024,0.0,3,3,1.0,1.0,1.0,1.0,0.1516,0.7794000000000001,1.0,18.00648911425772,1.0,-0.002458678687491068,0.05416233494080674,""6540, 6680"",1,1.0,0.05155704033084032,0.16606494651761539,""6540, 6680"",1,1.0,,1.0,1.410859144542773"
"2018-11-27 04:10:00+00:00,-1.511421,,976.43505859375,-0.003220000071451,5.472167,4.3396,5.254123,0.0,6.263211,0.0,3,1,1.0,1.0,1.0,1.0,0.28759999999999997,0.8159999999999997,1.0,18.141859153376476,1.0,-0.0042900825128322695,0.09375961532568373,""6540, 6680"",0,,0.07965151158774772,0.20289274878886218,6540,1,1.0,,1.0,1.3705291297935103"
"2018-11-27 04:20:00+00:00,-1.534675,,976.5186767578124,-0.0051281196065247,5.090909,4.127797,6.879899,0.0,7.136589,0.0,3,1,1.0,1.0,1.0,1.0,0.41835000000000006,0.7845000000000005,1.0,18.21913986246214,1.0,-0.0032411214781970514,0.2750497811248085,""6540, 6680"",1,1.0,0.12337209561975991,0.3241676932098271,6540,1,1.0,,1.0,1.3272031710914454"
"2018-11-27 04:30:00+00:00,-1.471629,,976.293212890625,-0.00665890192613,5.391797,4.309146,5.475231,0.0,6.462968,0.0,3,1,1.0,1.0,1.0,1.0,0.5607,0.8540999999999995,1.0,18.296377635467,1.0,-0.003870936835684427,0.1085208290108986,""6540, 6680"",1,1.0,0.09445829810165778,0.22486831719641326,6540,1,1.0,,1.0,1.306231563421829"
"2018-11-27 04:40:00+00:00,-1.402517,,976.2550659179688,-0.0033677204046398,5.589572,4.402168,5.101395,0.0,5.71367,0.0,3,1,1.0,1.0,1.0,1.0,0.72775,1.0023000000000002,1.0,18.34797324255986,1.0,-0.0017810330739835415,0.08342724300010962,""6540, 6680"",0,,0.06613942216082318,0.14206514426336395,6540,1,1.0,,1.0,1.2993178466076696"
"2018-11-27 04:50:00+00:00,-1.403308,,976.3518676757812,-0.0014542429707944,5.573533,4.233141,5.164642,0.0,5.351277,0.0,3,1,1.0,1.0,1.0,1.0,0.90845,1.0841999999999998,1.0,18.44447752532186,1.0,-0.0025696205511325744,0.08767787140356845,""6540, 6680"",1,1.0,0.004506752200242951,0.10772565132291495,6540,0,,,1.0,1.364306784660767"
"2018-11-27 05:00:00+00:00,-1.376221,,976.2122192382812,-0.002568527823314,5.961844,4.47662,5.750718,0.0,6.038161,0.0,3,1,1.0,1.0,1.0,1.0,0.09195,-4.899,1.0,18.48331065390122,1.0,-0.003811851129299257,0.13787608751064215,""6540, 6680"",1,1.0,0.011518771473954364,0.17782125468610274,6540,0,,,1.0,1.4525719026548674"
"2018-11-27 05:10:00+00:00,-1.416004,,975.880615234375,-0.0045158071443438,5.976128,4.550421,5.296136,0.0,6.320805,0.0,3,1,1.0,1.0,1.0,1.0,0.3456,1.5219000000000003,1.0,18.637614894561498,1.0,-0.004118282969405011,0.09645397444986753,""6540, 6680"",0,,-0.0014081068736750905,0.20901059492271631,6540,0,,,1.0,1.4737739675516224"
"2018-11-27 05:20:00+00:00,-1.414142,,975.8494873046876,-0.0047533335164189,5.853458,4.433572,7.07423,0.0,6.227993,0.0,3,1,1.0,1.0,1.0,1.0,0.6969000000000001,2.1078,1.0,18.747278364617088,1.0,-0.001689575707040182,0.3022603250540615,""6540, 6680"",1,1.0,-0.0017077207565307615,0.19875773832391422,6540,0,,,1.0,1.5429111356932155"
"2018-11-27 05:30:00+00:00,-1.431425,,975.9026489257812,-0.003066666657105,5.56784,3.995127,6.235903,0.0,5.690901,0.0,3,1,1.0,1.0,1.0,1.0,0.90595,1.2542999999999997,1.0,18.856780836117704,1.0,-0.002980460888001977,0.19079401578934718,""6540, 6680"",1,1.0,-0.002546411839927115,0.1395211626684896,6540,1,1.0,,1.0,1.59476401179941"
"2018-11-27 05:40:00+00:00,-1.367554,,975.898193359375,-0.002989999949932,6.206758,4.226553,5.630017,0.0,5.539058,0.0,3,1,1.0,1.0,1.0,1.0,0.3006,-3.6321000000000003,1.0,18.97908828787343,1.0,-0.006097208348716177,0.1246381927341174,""6540, 6680"",0,,0.05387891071598704,0.12268177320612755,6540,1,1.0,,1.0,1.6530696902654867"
"2018-11-27 05:50:00+00:00,-1.277533,,975.793212890625,-0.0029084859415888,7.905108,5.42,5.945353,0.0,5.696606,0.0,3,1,1.0,1.0,1.0,0.0,0.02655,-1.6442999999999999,1.0,19.069302782546533,1.0,-0.00201276941997249,0.15892542309829497,""6540, 6680"",1,1.0,0.04684053002334222,0.1399704715737357,6540,1,1.0,,1.0,1.6627488938053099"
"2018-11-27 06:00:00+00:00,-1.245192,,975.7474365234376,-0.0043627289123833,7.199433,4.919027,5.382125,0.0,5.27633,0.0,3,1,1.0,1.0,1.0,1.0,0.16845,0.8513999999999999,1.0,19.191685367916904,1.0,-0.002559871673583984,0.10210955492126207,""6540, 6680"",1,1.0,-0.0006427283984858815,0.10230357570818994,6540,0,,,1.0,1.6892514749262535"
"2018-11-27 06:10:00+00:00,-1.247004,,975.7898559570312,-0.00665890192613,6.941977,4.812824,5.371675,0.0,6.001194,0.0,3,3,1.0,1.0,1.0,1.0,0.3169,0.8907000000000002,1.0,19.326787073559924,1.0,-0.0042032930327624805,0.10141518167435991,""6540, 6680"",0,,-0.001482015237575624,0.1735659415164008,""6540, 6680"",1,1.0,,1.0,1.7473266961651917"
"2018-11-27 06:20:00+00:00,-1.271308,,975.6260986328124,-0.0035973377525806,6.639549,4.606231,4.258523,0.0,5.250265,0.0,3,3,1.0,1.0,1.0,1.0,0.5014000000000001,1.1070000000000002,1.0,19.37849001190905,1.0,-0.002172991124595084,0.03472942489804637,""6540, 6680"",0,,0.03401225764576982,0.10048632419637171,""6540, 6680"",1,1.0,,1.0,1.7740597345132745"
"2018-11-27 06:30:00+00:00,-1.266883,,975.7672729492188,-0.0019900165498256,7.234925,4.829536,4.355751,0.0,5.340374,0.0,3,3,1.0,1.0,1.0,1.0,0.7138,1.2743999999999995,1.0,19.539405621320466,1.0,-0.0015443480887064119,0.03876055354275475,""6540, 6680"",0,,0.013818254238221701,0.10682633119551074,""6540, 6680"",0,,,1.0,1.8567938790560472"
"2018-11-27 06:40:00+00:00,-1.234837550498935,,975.732666015625,-0.0039800330996513,6.268564,4.053795,4.212841,0.0,5.416999,0.0,3,3,1.0,1.0,1.0,1.0,0.6992499999999999,-0.08730000000000038,1.0,19.648875890544932,1.0,-0.002961733283066168,0.03311800669058867,""6540, 6680"",0,,-0.000732308946004728,0.11284138828109341,""6540, 6680"",1,1.0,,1.0,1.9095685840707965"
"2018-11-27 06:50:00+00:00,-1.2100742159835352,,975.6583251953124,-0.0062099997885525,12.51896,4.46846,6.21944,0.0,5.769708,0.0,3,3,1.0,1.0,1.0,0.0,0.0095,-4.1385,1.0,19.751938299290565,1.0,-0.002712643553571003,0.18985583635767114,""6540, 6680"",0,,0.03834608124523628,0.1490200834274359,""6540, 6680"",1,1.0,,1.0,2.0095870206489677"
"2018-11-27 07:00:00+00:00,-1.1711349748937252,,975.5694580078124,-0.0055200001224875,15.27607,4.47491,6.020914,0.0,5.797476,0.0,3,3,1.0,1.0,1.0,1.0,0.1165,0.6420000000000001,1.0,19.86791261956228,1.0,-0.005151365791879049,0.14668926960513998,""6540, 6680"",0,,0.052924819574123476,0.13115056623919769,""6540, 6680"",1,0.0,,1.0,2.030558628318584"
"2018-11-27 07:10:00+00:00,-1.1725428560261153,,975.5560913085938,-0.0023000000510364,16.18277,4.943954,6.123635,0.0,6.21407,0.0,3,3,1.0,1.0,1.0,1.0,0.2238,0.6437999999999999,1.0,20.015787516857593,1.0,-0.0028491178373011147,0.15590252314339167,""6540, 6680"",0,,0.0787848495855564,0.1739865969707605,""6540, 6680"",1,0.0,,1.0,2.034476401179941"
"2018-11-27 07:20:00+00:00,-1.1508228507688771,,975.8944702148438,-0.0026023294776678,16.33619,4.905792,5.928875,0.0,6.394657,0.0,3,3,1.0,1.0,1.0,1.0,0.3452,0.7284,1.0,20.15770495106541,1.0,-0.0034783344734005813,0.13541308239424757,""6540, 6680"",1,0.0,0.08037026754239711,0.19326458580077308,""6540, 6680"",1,0.0,,1.0,2.0146570796460175"
"2018-11-27 07:30:00+00:00,-1.159563446132465,,975.5143432617188,-0.0019900165498256,16.47867,5.152472,6.277678,0.0,6.780312,0.0,3,3,1.0,1.0,1.0,1.0,0.45835,0.6788999999999998,1.0,20.299300379325324,1.0,-0.0032575102550227468,0.17214349264581472,""6540, 6680"",1,0.0,0.08612894197789635,0.23758145131861028,""6540, 6680"",1,0.0,,1.0,1.9545077433628317"
"2018-11-27 07:40:00+00:00,-1.1653446591732275,,975.4010009765624,-0.0040565724484622,16.65656,5.217351,6.401414,0.0,6.810798,0.0,3,3,1.0,1.0,1.0,1.0,0.53215,0.4428000000000002,1.0,20.389439739629335,1.0,-0.0039052944648556593,0.1851526977142277,""6540, 6680"",0,,0.09478414395960366,0.24188033626157726,""6540, 6680"",1,0.0,,1.0,1.7307337758112094"
"2018-11-27 07:50:00+00:00,-1.1689017841320033,,975.3960571289062,-0.0053577371872961,16.72907,5.183674,6.120866,0.0,7.20746,0.0,3,3,1.0,1.0,1.0,1.0,0.59265,0.363,1.0,20.466752646248835,1.0,-0.0027163347383824792,0.15562861193664404,""6540, 6680"",1,0.0,0.10992361673494666,0.2983474112817043,""6540, 6680"",1,0.0,,1.0,1.5300055309734513"
"2018-11-27 08:00:00+00:00,-1.164603296479232,,975.2692260742188,-0.0058169718831777,16.7099,5.254042,6.42418,0.0,6.120465,0.0,3,3,1.0,1.0,1.0,1.0,0.63775,0.2706000000000002,1.0,20.563342549092287,1.0,-0.004140932501816168,0.18758835711954583,""6540, 6680"",1,0.0,0.017348312750095275,0.16403359546911614,""6540, 6680"",0,,,1.0,1.488984144542773"
"2018-11-27 08:10:00+00:00,-1.1896103805297658,,975.1921997070312,-0.0022961730137467,17.22997,5.656189,6.396792,0.0,6.167159,0.0,3,3,1.0,1.0,1.0,1.0,0.6674,0.17789999999999973,1.0,20.65335335614412,1.0,-0.0025650391927579553,0.18468864293117732,""6540, 6680"",1,0.0,-0.0005976410028411121,0.1689965902906861,""6540, 6680"",1,0.0,,1.0,1.4643252212389382"
"2018-11-27 08:20:00+00:00,-1.228465674684239,,975.1506958007812,-0.0023766667582094,16.8058,5.310652,6.485046,0.0,6.487766,0.0,3,3,1.0,1.0,1.0,1.0,0.6973,0.17940000000000023,1.0,20.76298462607916,1.0,-0.0017387621577193097,0.19399252907559705,""6540, 6680"",0,,0.0917587950171494,0.20317554573911095,""6540, 6680"",1,0.0,,1.0,1.5016592920353982"
"2018-11-27 08:30:00+00:00,-1.2567001644053593,,975.0874633789062,-0.0035266666673123,16.54407,5.107055,6.112838,0.0,6.130266,0.0,3,3,1.0,1.0,1.0,1.0,0.7183999999999999,0.12659999999999938,1.0,20.853145453345768,1.0,-0.003551601782077696,0.15477407383328287,""6540, 6680"",1,0.0,0.08103508181688263,0.1650634764278623,""6540, 6680"",1,0.0,,1.0,1.5684918879056047"
"2018-11-27 08:40:00+00:00,-1.274425104667669,,974.8031005859376,-0.0047533335164189,16.47707,4.057887,6.059616,0.0,5.715456,0.0,3,3,1.0,1.0,1.0,1.0,0.7378,0.1164000000000005,1.0,20.94330627759454,1.0,-0.0033057198873380337,0.14916286759740535,""6540, 6680"",1,0.0,0.06761064482898246,0.1208462646852807,""6540, 6680"",1,0.0,,1.0,1.6095132743362832"
"2018-11-27 08:50:00+00:00,-1.303882387699895,,974.6797485351562,-0.0032146421726793,16.52181,4.667299,5.990124,0.0,5.739165,0.0,3,3,1.0,1.0,1.0,1.0,0.7872,0.2964,1.0,21.03344563789855,1.0,-0.002086444482570742,0.14179419398252285,""6540, 6680"",1,0.0,,,""6540, 6680"",0,,,1.0,1.7118362831858405"
"2018-11-27 09:00:00+00:00,-1.3245909840976575,,974.5482788085938,-0.0020665556658059,16.21023,4.849135,5.258899,0.0,6.166333,0.0,3,3,1.0,1.0,1.0,1.0,0.8500500000000001,0.37710000000000043,1.0,21.110683268029234,1.0,-0.003074372221783894,0.08198325492586038,""6540, 6680"",0,,0.07841586229277821,0.16884398182926852,""6540, 6680"",1,0.0,,1.0,1.75447087020649"
"2018-11-27 09:10:00+00:00,-1.356500933614112,,974.3858642578124,-0.002372712129727,16.06947,4.899867,5.970301,0.0,6.30116,0.0,3,3,1.0,1.0,1.0,1.0,0.94985,0.5987999999999993,1.0,21.1621180157768,1.0,-0.003965789050590701,0.13966489127989376,""6540, 6680"",1,0.0,0.07485344119188263,0.18317874392016137,""6540, 6680"",1,0.0,,1.0,1.793187684365782"
"2018-11-27 09:20:00+00:00,-1.3842479242649652,,974.31640625,-0.0056638936512172,15.44289,4.55237,5.621448,0.0,6.205172,0.0,3,3,1.0,1.0,1.0,1.0,0.1021,-5.0865,1.0,21.22657227247132,1.0,-0.00266845958988841,0.10544364590103991,""6540, 6680"",1,0.0,0.07649924673685213,0.17297704063361247,""6540, 6680"",1,0.0,,1.0,1.8275258112094395"
"2018-11-27 09:30:00+00:00,-1.412162808786491,,974.229248046875,-0.0051281196065247,16.17439,5.063992,5.563647,0.0,6.53519,0.0,3,3,1.0,1.0,1.0,0.0,0.0,-0.6126,1.0,21.258836968811476,1.0,-0.002126840033182284,0.10172752788399994,""6540, 6680"",1,0.0,0.09053163109756097,0.20819635878297155,""6540, 6680"",1,0.0,,1.0,1.8584070796460175"
"2018-11-27 09:40:00+00:00,-1.4586532284211458,,974.2531127929688,-0.0035973377525806,17.08381,5.778152,5.642519,0.0,6.370902,0.0,3,3,1.0,1.0,1.0,0.0,0.0114,0.0684,1.0,21.32968835110238,1.0,-0.005787313042617427,0.10685083227594133,""6540, 6680"",0,,0.08233031482231326,0.1907205672709126,""6540, 6680"",1,0.0,,1.0,1.8607116519174043"
"2018-11-27 09:50:00+00:00,-1.4999611890598472,,974.1008911132812,-0.0021466666366904,16.5075,5.37726,5.783829,0.0,6.447387,0.0,3,3,1.0,1.0,1.0,1.0,0.1418,0.7824000000000001,1.0,21.40690542402973,1.0,-0.0038501090538210986,0.12012795745461455,""6540, 6680"",1,0.0,0.07620260099085366,0.19887997542715724,""6540, 6680"",1,0.0,,1.0,1.8720040560471976"
"2018-11-27 10:00:00+00:00,-1.5310620114887217,,974.0546875,-0.0028366667684167,16.79512,5.527605,5.485943,0.0,6.119295,0.0,3,3,1.0,1.0,1.0,1.0,0.3298,1.128,1.0,21.445952096251872,1.0,-0.0020346601997933735,0.09670175681492964,""6540, 6680"",1,0.0,0.06945870748380335,0.163875749209364,""6540, 6680"",1,0.0,,1.0,1.8798396017699115"
"2018-11-27 10:10:00+00:00,-1.5466377079246454,,973.9391479492188,-0.0054433331824839,16.80268,5.522767,5.500092,0.0,6.466154,0.0,3,3,1.0,1.0,1.0,1.0,0.56095,1.3868999999999998,1.0,21.452840678424018,1.0,-0.0027824925213325315,0.097616516296552,""6540, 6680"",1,0.0,0.0856452011480564,0.20084310131110847,""6540, 6680"",1,0.0,,1.0,1.8938974926253684"
"2018-11-27 10:20:00+00:00,-1.5729596234924974,,973.9906005859376,-0.0042096506804227,16.19295,5.081033,5.272196,0.0,6.118035,0.0,3,3,1.0,1.0,1.0,1.0,0.7705,1.2573,1.0,21.487363994719797,1.0,-0.004041727112560738,0.08287598736702916,""6540, 6680"",1,0.0,0.07678791325266768,0.16375804689814488,""6540, 6680"",1,0.0,,1.0,1.9210914454277286"
"2018-11-27 10:30:00+00:00,-1.6008239375710496,,973.7935791015624,-0.003138103056699,16.17933,5.107456,5.959901,0.0,6.631457,0.0,3,3,1.0,1.0,1.0,0.0,0.0,-4.622999999999999,1.0,21.501152620837267,1.0,-0.0028296533445032633,0.1386606794757589,""6540, 6680"",0,,0.0915053800257241,0.2184813047099224,""6540, 6680"",1,0.0,,1.0,1.9379148230088497"
"2018-11-27 10:40:00+00:00,-1.6154216016398604,,973.7564086914062,-0.0018369384342804,16.70403,5.395255,5.896193,0.0,6.493104,0.0,3,3,1.0,1.0,1.0,1.0,0.14345,0.8607,1.0,21.50808718462409,1.0,-0.002008478350755645,0.13194997054590443,""6540, 6680"",1,0.0,0.08737990216511052,0.203735643112076,""6540, 6680"",1,0.0,,1.0,1.9416021386430677"
"2018-11-27 10:50:00+00:00,-1.631351291176601,,973.734130859375,-0.0033677204046398,16.89185,5.404552,6.40915,0.0,6.521726,0.0,3,3,1.0,1.0,1.0,1.0,0.5919,2.6907,1.0,21.535687436945146,1.0,-0.0036746350730337747,0.18599865253305112,""6540, 6680"",1,0.0,0.08907001030154346,0.20679692812453612,""6540, 6680"",1,0.0,,1.0,1.9310011061946901"
"2018-11-27 11:00:00+00:00,-1.6524816450687647,,973.6029663085938,-0.0029084859415888,16.68331,5.23705,6.568253,0.0,7.001593,0.0,3,3,1.0,1.0,1.0,1.0,0.3445,-1.4844,1.0,21.563345018766537,1.0,-0.004082810006490568,0.20277136875207255,""6540, 6680"",1,0.0,0.10762143018769053,0.26908049786445926,""6540, 6680"",1,0.0,,1.0,1.9372234513274336"
"2018-11-27 11:10:00+00:00,-1.6491864750045933,,973.6587524414062,0.0014542429707944,17.77837,5.854932,7.053656,0.0,7.82466,0.0,3,3,1.0,1.0,1.0,1.0,0.39990000000000003,0.33240000000000036,1.0,21.625342258317524,1.0,-0.0043444787002191315,0.2655368129433617,""6540, 6680"",0,,0.16268344786108993,0.389463695022718,""6540, 6680"",1,0.0,,1.0,1.9310011061946901"
"2018-11-27 11:20:00+00:00,-1.652843729440457,,973.7216796875,0.0483000017702579,18.49751,6.216433,6.825025,0.0,6.739149,0.0,3,3,1.0,1.0,1.0,1.0,0.3524,-0.28500000000000025,1.0,21.7567079600269,1.0,-0.00298301859599788,0.23428170440150833,""6540, 6680"",0,,0.10596093898866235,0.23174218596851678,""6540, 6680"",1,0.0,,1.0,1.916943215339233"
"2018-11-27 11:30:00+00:00,-1.6562410517994357,,973.7823486328124,0.4616866707801819,18.12663,5.977268,6.526615,0.0,6.118186,0.0,3,3,1.0,1.0,1.0,1.0,0.3529,0.0030000000000000027,1.0,21.915409416184946,1.0,-0.00420012404279011,0.1983867606359278,""6540, 6680"",1,0.0,0.014987553852360423,0.16379725693540034,""6540, 6680"",0,,,1.0,1.887214233038348"
"2018-11-27 11:40:00+00:00,-1.6578421120239857,,973.7164916992188,0.587493360042572,17.86473,5.797228,6.424176,0.0,6.665972,0.0,3,3,1.0,1.0,1.0,1.0,0.36105,0.048899999999999944,1.0,22.074237367504605,1.0,-0.0027220963268745238,0.18760898333684548,""6540, 6680"",1,0.0,0.05138411731254764,0.2222004830854375,""6540, 6680"",1,0.0,,1.0,1.9049594395280238"
"2018-11-27 11:50:00+00:00,-1.6655288193559998,,973.6619262695312,1.3292845487594604,17.55746,5.601954,6.596821,0.0,6.769669,0.0,3,3,1.0,1.0,1.0,1.0,0.42869999999999997,0.4058999999999999,1.0,22.308989022147024,1.0,-0.002227676205518769,0.20580025287514123,""6540, 6680"",1,0.0,0.07278278629954268,0.23611715560717128,""6540, 6680"",0,,,1.0,1.9293879056047196"
"2018-11-27 12:00:00+00:00,-1.6827055760164735,,973.7056884765624,3.106375932693481,17.14702,5.316246,6.569539,0.0,6.599253,0.0,3,3,1.0,1.0,1.0,1.0,0.24325000000000002,-1.1126999999999998,1.0,22.633302568485497,1.0,-0.005738382106874047,0.20293971132857538,""6540, 6680"",0,,-0.0019085038580545564,0.21510539049584687,""6540, 6680"",1,0.0,,1.0,1.938375737463127"
"2018-11-27 12:10:00+00:00,-1.69316556644117,,973.5384521484376,5.566464424133301,17.07634,5.261797,6.713497,0.0,7.360399,0.0,3,3,1.0,1.0,1.0,1.0,0.50785,1.5876000000000001,1.0,22.963954518291285,1.0,-0.003803710704896508,0.21909465940940961,""6540, 6680"",1,0.0,0.08824373570884146,0.3201843261589531,""6540, 6680"",1,0.0,,1.0,1.93952802359882"
"2018-11-27 12:20:00+00:00,-1.7240641070981488,,973.7010498046876,8.425272941589355,17.44379,5.468734,6.779431,0.0,6.541798,0.0,3,3,1.0,1.0,1.0,1.0,0.04625,-2.7696,1.0,23.343943253773627,1.0,-0.002111973646210461,0.22815474376985573,""6540, 6680"",1,0.0,0.06992258211461509,0.20902397718323454,""6540, 6680"",0,,,1.0,1.9416021386430677"
"2018-11-27 12:30:00+00:00,-1.7916262189111176,,973.66162109375,13.127720832824709,18.27353,5.888537,8.68668,0.0,8.80539,0.0,3,3,1.0,1.0,1.0,1.0,0.39155,2.0718,1.0,23.635100665130388,1.0,-0.0032903929454524343,0.513893023041985,""6540, 6680"",1,0.0,-0.0016373979754564238,0.559139536464427,""6540, 6680"",1,0.0,,1.0,1.9469026548672566"
"2018-11-27 12:40:00+00:00,-1.9970939287135816,,973.6876220703124,14.624059677124023,18.68111,6.21575,8.482129,0.0,7.432086,0.0,3,3,1.0,1.0,1.0,1.0,0.38534999999999997,-0.03720000000000023,1.0,24.112566642278725,1.0,-0.005635091269888529,0.48100108812030845,""6540, 6680"",0,,0.046999303306021346,0.3306834184449643,""6540, 6680"",0,,,1.0,1.924087389380531"
"2018-11-27 12:50:00+00:00,-2.1875675021743204,99.95417022705078,973.7269287109376,8.104544639587402,19.27277,6.561553,7.492732,0.0,7.394719,0.0,3,3,1.0,1.0,1.0,1.0,0.52515,0.8388000000000002,1.0,24.653531587771322,1.0,-0.002970843198822766,0.32627096319436966,""6540, 6680"",1,0.0,-0.0008594536781311035,0.32569299436997823,""6540, 6680"",0,,,1.0,1.8703908554572273"
"2018-11-27 13:00:00+00:00,-2.290284163124941,99.91000366210938,973.584228515625,5.312355041503906,19.12222,6.302087,7.718139,0.0,7.389397,0.0,3,3,1.0,1.0,1.0,1.0,0.32284999999999997,-1.2138000000000002,1.0,25.19458077616823,1.0,-0.002471601439685356,0.3577489725022394,""6540, 6680"",1,0.0,-0.002002469039544827,0.3250040127249938,""6540, 6680"",1,0.0,,1.0,1.8646294247787611"
"2018-11-27 13:10:00+00:00,-2.356506158199105,99.83000183105467,973.562744140625,8.14904499053955,18.39187,5.816713,9.087969,0.0,8.093549,0.0,3,3,1.0,1.0,1.0,1.0,0.27145,-0.3083999999999997,1.0,25.786080365349427,1.0,-0.003976007321985757,0.5928290713068111,""6540, 6680"",1,0.0,-0.0019764716450761002,0.4363316830480953,""6540, 6680"",0,,,1.0,1.889749262536873"
"2018-11-27 13:20:00+00:00,-2.3632997915082026,99.69083404541016,973.50537109375,17.036373138427734,18.18148,5.671353,9.175893,0.0,7.943576,0.0,3,3,1.0,1.0,1.0,1.0,0.27935,0.047399999999999776,1.0,26.418300960745736,1.0,-0.004218765351830459,0.6098701957846513,""6540, 6680"",1,0.0,-0.0008875406079175995,0.4106707309436073,""6540, 6680"",1,0.0,,1.0,1.9637260324483776"
"2018-11-27 13:30:00+00:00,-2.3376524856496204,99.5875015258789,973.5143432617188,24.284210205078125,18.58401,5.819158,8.893766,0.0,7.354048,0.0,3,3,1.0,1.0,1.0,1.0,0.35205000000000003,0.43620000000000025,1.0,27.07513329911914,1.0,-0.0029112932158679495,0.5548626851178734,""6540, 6680"",0,,0.019044144793254576,0.31994679312638746,""6540, 6680"",0,,,1.0,2.026640855457227"
"2018-11-27 13:40:00+00:00,-2.3091054705909224,99.48916625976562,973.3622436523438,29.64723777770996,17.53033,5.229276,7.136637,0.0,6.719772,0.0,3,3,1.0,1.0,1.0,1.0,0.35415,0.012599999999999945,1.0,27.699797563932293,1.0,-0.002995672691159132,0.2775482392189833,""6540, 6680"",1,0.0,-0.0029521723491389576,0.2296267917041097,""6540, 6680"",1,0.0,,1.0,2.053834808259587"
"2018-11-27 13:50:00+00:00,-2.310251396828708,99.48999786376952,973.4043579101562,29.60093116760254,18.00777,5.401722,8.609617,0.0,7.371989,0.0,3,3,1.0,1.0,1.0,1.0,0.27549999999999997,-0.4719000000000003,1.0,28.311592423675393,1.0,-0.004443855285644531,0.5020890255204357,""6540, 6680"",1,0.0,-0.0015323206273520865,0.3224647631909784,""6540, 6680"",1,0.0,,1.0,2.070658185840708"
"2018-11-27 14:00:00+00:00,-2.317735822388827,99.5016632080078,973.3056030273438,29.495290756225582,18.97116,5.771597,8.517053,0.0,7.842932,0.0,3,3,1.0,1.0,1.0,1.0,0.22005,-0.33269999999999983,1.0,28.916977730634898,1.0,-0.003309239643376048,0.48702044373946646,""6540, 6680"",1,0.0,-0.0030312310195550686,0.3934175435176752,""6540, 6680"",0,,,1.0,2.0692754424778763"
"2018-11-27 14:10:00+00:00,-2.2974065043133685,99.49500274658205,973.1890258789062,31.94286155700684,17.09912,4.840617,8.779272,0.0,7.367656,0.0,3,3,1.0,1.0,1.0,1.0,0.37225,0.9132000000000002,1.0,29.53419469327599,1.0,-0.002663950338596251,0.5322736887826793,""6540, 6680"",1,0.0,-0.002646923297789039,0.32172982953284934,""6540, 6680"",1,0.0,,1.0,2.0681231563421827"
"2018-11-27 14:20:00+00:00,-2.307351687628592,99.49083709716795,973.0603637695312,32.59651565551758,18.27502,5.371984,8.368526,0.0,7.105499,0.0,3,3,1.0,1.0,1.0,1.0,0.28514999999999996,-0.5226000000000004,1.0,30.095413628266353,1.0,-0.0036629607037800115,0.46283675183961287,""6540, 6680"",0,,-0.003910695517935404,0.28438554991722614,""6540, 6680"",0,,,1.0,2.0752673303834808"
"2018-11-27 14:30:00+00:00,-2.3208125281393523,99.43917083740234,972.826904296875,34.4693489074707,18.08297,5.282495,8.855329,0.0,8.105293,0.0,3,3,1.0,1.0,1.0,1.0,0.39775,0.6756000000000002,1.0,30.655677302174798,1.0,-0.004554142835663586,0.5470278401584286,""6540, 6680"",1,0.0,-0.0009305922578020793,0.4380050185830794,""6540, 6680"",0,,,1.0,2.0632835545722714"
"2018-11-27 14:40:00+00:00,-2.293234442768032,99.34833526611328,972.8832397460938,44.67060089111328,17.92673,5.15332,7.316164,0.0,7.750006,0.0,3,3,1.0,1.0,1.0,1.0,0.3598,-0.2276999999999999,1.0,31.20300717292767,1.0,-0.002254062047818812,0.3019023423588903,""6540, 6680"",1,0.0,-0.002332227055619403,0.3773609633858648,""6540, 6680"",1,0.0,,1.0,2.074345501474926"
"2018-11-27 14:50:00+00:00,-2.2944147569070394,99.25250244140624,972.7103271484376,52.83945083618164,18.36942,5.391544,8.219966,0.0,8.1916,0.0,3,3,1.0,1.0,1.0,1.0,0.4711,0.6678000000000001,1.0,31.705406916353567,1.0,-0.0025935017190328456,0.43853042402349984,""6540, 6680"",1,0.0,-0.002784324041227015,0.4524840751220657,""6540, 6680"",1,0.0,,1.0,2.10084808259587"
"2018-11-27 15:00:00+00:00,-2.316969174473345,99.24333190917967,972.5645141601562,51.914825439453125,19.19812,5.724051,8.497229,0.0,8.178425,0.0,3,3,1.0,1.0,1.0,1.0,0.36505,-0.6363000000000002,1.0,32.25276898722699,1.0,0.0006620200668893209,0.48337551533354123,""6540, 6680"",1,0.0,0.06954935957745807,0.4501827595953621,""6540, 6680"",0,,,1.0,2.127350663716814"
"2018-11-27 15:10:00+00:00,-2.288160204520042,99.2441635131836,972.4303588867188,53.43450927734375,18.29524,5.244982,9.403951,0.0,6.843116,0.0,4,3,1.0,1.0,1.0,1.0,0.42455,0.357,1.0,32.77441377355521,1.0,0.0005362985773784359,0.6535900706001968,""6540, 6680, 6690"",0,,-0.002016117282030059,0.24678927301174505,""6540, 6680"",1,0.0,,1.0,2.140486725663717"
"2018-11-27 15:20:00+00:00,-2.3372984925488045,99.22083282470705,972.18359375,52.56622314453125,18.63421,5.40184,8.261333,0.0,8.346972,0.0,4,3,1.0,1.0,1.0,1.0,0.45435,0.17879999999999996,1.0,33.2961444094112,1.0,-0.0023364190357487375,0.4450180465212557,""6540, 6680, 6690"",1,0.0,-0.0025671056421791637,0.4787443883514382,""6540, 6680"",1,0.0,,1.0,2.1324207227138645"
"2018-11-27 15:30:00+00:00,-2.355343038010708,99.18000030517578,971.929443359375,54.42643737792969,18.98878,5.485765,8.381933,0.0,8.064156,0.0,4,3,1.0,1.0,1.0,1.0,0.26975,-1.1076,1.0,33.869234534094055,1.0,-0.003716761426227849,0.46444149931708756,""6540, 6680, 6690"",1,0.0,-0.0031040189324355707,0.4304378432491748,""6540, 6680"",0,,,1.0,2.131268436578171"
"2018-11-27 15:40:00+00:00,-2.343906026627758,99.22166442871094,971.4553833007812,47.40304565429688,19.53729,5.763878,9.280006,0.0,7.576233,0.0,4,3,1.0,1.0,1.0,1.0,0.23209999999999997,-0.2259000000000001,1.0,34.39740523852519,1.0,-0.004387599200737185,0.6290456913992281,""6540, 6680, 6690"",1,0.0,-0.0016863513574367616,0.350875761509108,""6540, 6680"",1,0.0,,1.0,2.1192846607669615"
"2018-11-27 15:50:00+00:00,-2.339135211037612,99.34833526611328,971.39306640625,38.4853515625,18.65798,5.36243,8.108937,0.0,9.146371,0.0,4,3,1.0,1.0,1.0,1.0,0.43220000000000003,1.2006000000000003,1.0,34.97710713762892,1.0,-0.0026401640729206365,0.4200868529922277,""6540, 6680, 6690"",1,0.0,-0.003038772257362924,0.6249048143117936,""6540, 6680"",1,0.0,,1.0,2.1010785398230087"
"2018-11-27 16:00:00+00:00,-2.3259959985441645,99.43167114257812,971.2055053710938,35.363582611083984,16.42418,4.239453,8.200371,0.0,9.653594,0.0,4,3,1.0,1.0,1.0,1.0,0.4826499999999999,0.3026999999999993,1.0,35.61471408200572,1.0,-0.0047480494801591085,0.4347451000863299,""6540, 6680, 6690"",0,,-0.0011410308465725038,0.7230364652215465,""6540, 6680"",1,0.0,,1.0,2.1149059734513274"
"2018-11-27 16:10:00+00:00,-2.294364186464066,99.28583526611328,971.0586547851562,49.09700012207031,18.84295,5.365487,7.78774,0.0,10.32907,0.0,4,3,1.0,1.0,1.0,1.0,0.50825,0.1536000000000004,1.0,36.27693644815427,1.0,-0.0044390957529951884,0.3678725758359949,""6540, 6680, 6690"",1,0.0,0.14110923208841464,0.8434135618765091,""6540, 6680"",1,0.0,,1.0,2.1379516961651914"
"2018-11-27 16:20:00+00:00,-2.2557536532535853,99.42083740234376,971.047119140625,36.1446418762207,18.54539,5.20798,8.517149,0.0,9.955044,0.0,4,3,1.0,1.0,1.0,1.0,0.2629,-1.4720999999999997,1.0,36.973622034265325,1.0,-0.0035688090905910586,0.4858689433526133,""6540, 6680, 6690"",1,0.0,0.11029414479325457,0.7778971464261107,""6540, 6680"",0,,,1.0,2.158001474926254"
"2018-11-27 16:30:00+00:00,-2.223236858421446,99.54249572753906,971.0924072265624,31.429351806640625,18.93923,5.331672,9.367433,0.0,9.146458,0.0,4,3,1.0,1.0,1.0,1.0,0.3679,0.6299999999999999,1.0,37.669266459864524,1.0,-0.002601149954446932,0.6454676525855022,""6540, 6680, 6690"",1,0.0,-0.0012938814628414988,0.6244381988608569,""6540, 6680"",1,0.0,,1.0,2.166989306784661"
"2018-11-27 16:40:00+00:00,-2.1602341777469927,99.55416870117188,970.9026489257812,34.67573928833008,19.17404,5.439178,9.894966,0.0,8.928967,0.0,4,3,1.0,1.0,1.0,1.0,0.4138,0.2754,1.0,38.434976449239684,1.0,-0.003999855692793684,0.7455682458092269,""6540, 6680, 6690"",1,0.0,-0.0010870692788100824,0.5822213743010477,""6540, 6680"",1,0.0,,1.0,2.1923396017699117"
"2018-11-27 16:50:00+00:00,-2.033521841605314,99.62249755859376,970.7076416015624,36.50251388549805,18.82018,5.26526,10.58472,0.0,9.134081,0.0,4,3,1.0,1.0,1.0,1.0,0.5551999999999999,0.8483999999999995,1.0,38.80707904095931,1.0,-0.00657719356257741,0.8625368927173709,""6540, 6680, 6690"",0,,-0.003225316303532298,0.6217856931220591,""6540, 6680"",1,0.0,,1.0,2.1974096607669615"
"2018-11-27 17:00:00+00:00,-1.8692437576049927,99.6691665649414,970.5323486328124,40.884525299072266,19.53331,5.600526,11.37053,0.0,9.270069,0.0,4,3,1.0,1.0,1.0,1.0,0.4665,-0.5321999999999993,1.0,39.15475214775897,1.0,-0.002663144600100634,0.9380559526885744,""6540, 6680, 6690"",1,0.0,0.0026114233528695455,0.6478244146581109,""6540, 6680"",0,,,1.0,2.1752857669616517"
"2018-11-27 17:10:00+00:00,-1.7810236198372351,99.7508316040039,970.4063110351562,37.56550598144531,19.38632,5.43801,11.27098,0.0,7.803914,0.0,4,3,1.0,1.0,1.0,1.0,0.35975,-0.6405000000000001,1.0,39.51213057393378,1.0,-0.0028715284859261864,0.9310243181066128,""6540, 6680, 6690"",1,0.0,-0.0010497287424599251,0.38500306302734233,""6540, 6680"",1,0.0,,1.0,2.1600755899705013"
"2018-11-27 17:20:00+00:00,-1.7363274395192902,99.7866668701172,970.2842407226562,37.52943420410156,20.28225,5.715534,11.23943,0.0,8.154369,0.0,4,3,1.0,1.0,1.0,1.0,0.37855,0.1127999999999999,1.0,39.91681972667961,1.0,-0.004757405723013529,0.9287746052051035,""6540, 6680, 6690"",1,0.0,-0.003035981248064739,0.4445952812651382,""6540, 6680"",1,0.0,,1.0,2.1672197640117994"
"2018-11-27 17:30:00+00:00,-1.6741429886121533,99.8183364868164,970.3218383789062,38.69321823120117,20.50263,5.733385,9.702804,0.0,8.354009,0.0,4,3,1.0,1.0,1.0,1.0,0.35150000000000003,-0.16229999999999978,1.0,40.315576151376156,1.0,-0.0036387499367318502,0.7097487827502968,""6540, 6680, 6690"",1,0.0,-0.0022056421419469324,0.47846184489649557,""6540, 6680"",0,,,1.0,2.1633019911504423"
"2018-11-27 17:40:00+00:00,-1.5789097418127922,99.875,970.2852783203124,38.50486755371094,19.72065,5.286623,10.68115,0.0,8.736219,0.0,4,3,1.0,1.0,1.0,1.0,0.3503,-0.007200000000000206,1.0,40.74920633506296,1.0,0.03606194845060023,0.877972468431894,""6540, 6680, 6690"",1,0.0,-0.0010998028080637862,0.5438064262172297,""6540, 6680"",1,0.0,,1.0,2.1586928466076696"
"2018-11-27 17:50:00+00:00,-1.5381246795544392,,970.2684326171876,29.51555824279785,21.68599,6.023409,9.572307,0.0,10.09816,0.0,4,3,1.0,1.0,1.0,1.0,0.37505,0.14849999999999997,1.0,41.18256800579494,1.0,0.04164524729658918,0.6840756874839176,""6540, 6680, 6690"",0,,-0.002455435729608303,0.8015855636335714,""6540, 6680"",1,0.0,,1.0,2.1785121681415927"
"2018-11-27 18:00:00+00:00,-1.5476319228335098,,970.0718383789062,24.31351089477539,20.48764,5.455513,8.405522,0.0,9.834272,0.0,4,3,1.0,1.0,1.0,1.0,0.33199999999999996,-0.2583000000000002,1.0,41.61573232812118,1.0,-0.0028149516408036393,0.4667139250520434,""6540, 6680, 6690"",1,0.0,-0.002750744238132384,0.7553915466360449,""6540, 6680"",1,0.0,,1.0,2.2116980088495573"
"2018-11-27 18:10:00+00:00,-1.5056756491158845,,970.1806030273438,19.27995109558105,20.21904,5.197757,8.672152,0.0,9.409308,0.0,4,3,1.0,1.0,1.0,1.0,0.37370000000000003,0.2502000000000004,1.0,42.159930328843224,1.0,-0.0019046003062550615,0.5097540968331503,""6540, 6680, 6690"",1,0.0,0.002399038686984923,0.6739209574973273,""6540, 6680"",0,,,1.0,2.2400442477876106"
"2018-11-27 18:20:00+00:00,-1.5007875100980388,,970.0603637695312,19.262279510498047,20.69238,5.394632,9.157535,0.0,9.126749,0.0,4,3,1.0,1.0,1.0,1.0,0.28895,-0.5085000000000003,1.0,42.65326299352075,1.0,-0.0019686994320008812,0.6029991265266132,""6540, 6680, 6690"",1,0.0,-0.002194527649297947,0.6190738515058719,""6540, 6680"",1,0.0,,1.0,2.264242256637168"
"2018-11-27 18:30:00+00:00,-1.537745401232136,,969.8748168945312,19.231182098388672,20.69759,5.327312,10.34061,0.0,8.988979,0.0,4,3,1.0,1.0,1.0,1.0,0.50475,1.2948000000000004,1.0,43.05428010693756,1.0,-0.002773187451246308,0.8196799809938056,""6540, 6680, 6690"",1,0.0,-0.0033322331963515864,0.5922808597139747,""6540, 6680"",1,0.0,,1.0,2.281065634218289"
"2018-11-27 18:40:00+00:00,-1.58450687844113,,969.7857055664062,18.178468704223636,21.17965,5.452157,10.57239,0.0,8.760398,0.0,4,3,1.0,1.0,1.0,1.0,0.2721,-1.3959000000000001,1.0,43.52922104005944,1.0,0.01958573504192073,0.8589982252694301,""6540, 6680, 6690"",1,0.0,-0.0017125783315519007,0.548005367505585,""6540, 6680"",1,0.0,,1.0,2.2983499262536875"
"2018-11-27 18:50:00+00:00,-1.611494301038517,,969.76611328125,16.270233154296875,21.14866,5.464039,11.62667,0.0,9.412368,0.0,4,3,1.0,1.0,1.0,1.0,0.27475,0.015899999999999914,1.0,43.996393642828494,1.0,0.17084745081459604,0.9554097507963837,""6540, 6680, 6690"",1,0.0,-0.0021725940704345704,0.6742156167905118,""6540, 6680"",0,,,1.0,2.3163255899705013"
"2018-11-27 19:00:00+00:00,-1.5991632042237909,,969.791015625,15.302949905395508,21.95383,5.777496,11.09707,0.0,8.467592,0.0,4,3,1.0,1.0,1.0,1.0,0.36029999999999995,0.5132999999999998,1.0,44.62360459920672,1.0,0.02070015697944455,0.9184404833370626,""6540, 6680, 6690"",0,,-0.0035857570462110564,0.49718599383293155,""6540, 6680"",1,0.0,,1.0,2.325774336283186"
"2018-11-27 19:10:00+00:00,-1.5710126614380069,,969.5863647460938,11.487449645996094,22.78256,6.073293,10.49537,0.0,10.69627,0.0,4,3,1.0,1.0,1.0,1.0,0.41509999999999997,0.3288000000000001,0.0,,0.0,-0.004397616967922305,0.8457538516186197,""6540, 6680, 6690"",1,0.0,-0.002023399399548042,0.9055155463715673,""6540, 6680"",1,0.0,,1.0,2.363569321533923"
"2018-11-27 19:20:00+00:00,-1.595825554987521,,969.5722045898438,10.928668975830078,25.57818,7.05051,12.19653,0.0,12.06588,0.0,4,3,1.0,1.0,1.0,1.0,0.49444999999999995,0.47609999999999986,0.0,,0.0,-0.00307946437742652,0.9777337018405824,""6540, 6680, 6690"",1,0.0,-0.0017644503058456794,0.980146362692623,""6540, 6680"",1,0.0,,1.0,2.4151917404129795"
"2018-11-27 19:30:00+00:00,-1.5068387693042813,,969.553466796875,10.20361042022705,21.94486,5.688823,12.97228,0.0,11.45127,0.0,4,3,1.0,1.0,1.0,1.0,0.5086999999999999,0.08549999999999991,0.0,,0.0,-0.0023767499225895578,0.9907005029649008,""6540, 6680, 6690"",1,0.0,-0.0036657575281654918,0.9594522418149826,""6540, 6680"",1,0.0,,1.0,2.4615136430678466"
"2018-11-27 19:40:00+00:00,-1.4296429881048076,,969.3515625,7.112292766571045,22.86938,5.965489,12.50238,0.0,11.62186,0.0,4,3,1.0,1.0,1.0,1.0,0.4039,-0.6287999999999997,0.0,,0.0,-0.004344731307611233,0.9832726833743577,""6540, 6680, 6690"",1,0.0,0.13168820264862804,0.9674977845827399,""6540, 6680"",0,,,1.0,2.499769542772861"
"2018-11-27 19:50:00+00:00,-1.5325366456058367,,969.313720703125,5.222900390625,23.15655,6.085623,13.18478,0.0,10.92261,0.0,4,3,1.0,1.0,1.0,1.0,0.5508,0.8813999999999999,0.0,,0.0,0.1304296726133765,0.9917797612462349,""6540, 6680, 6690"",1,0.0,-0.0011884157832075908,0.9343874295712046,""6540, 6680"",1,0.0,,1.0,2.5472437315634218"
"2018-11-27 20:00:00+00:00,-1.5937693607762071,,969.4168090820312,3.370858669281006,21.77115,5.535167,13.21951,0.0,10.01433,0.0,4,3,1.0,1.0,1.0,1.0,0.4076000000000001,-0.8591999999999993,0.0,,0.0,0.24322092940167683,0.9919580494953014,""6540, 6680, 6690"",1,0.0,-0.00324728663374738,0.7860725896937936,""6540, 6680"",1,0.0,,1.0,2.5672935103244834"
"2018-11-27 20:10:00+00:00,-1.6271124766465388,,969.3757934570312,1.7848469018936155,21.86126,5.52144,12.01556,0.0,9.735078,0.0,4,3,1.0,1.0,1.0,1.0,0.38555,-0.13230000000000042,0.0,,0.0,0.033993284644150155,0.9744283120976824,""6540, 6680, 6690"",1,0.0,-0.00257634674630514,0.7363079735066936,""6540, 6680"",1,0.0,,1.0,2.576050884955752"
"2018-11-27 20:20:00+00:00,-1.621600298362397,,969.2324829101562,0.8219966888427734,21.52692,5.333618,11.86596,0.0,9.831682,0.0,4,3,1.0,1.0,1.0,1.0,0.4692,0.5019,0.0,,0.0,-0.0028372880889148246,0.9717072389032066,""6540, 6680, 6690"",1,0.0,-0.0017809368924396796,0.7541973857890757,""6540, 6680"",1,0.0,,1.0,2.5990966076696163"
"2018-11-27 20:30:00+00:00,-1.6064453480120149,,969.3029174804688,0.2649766802787781,21.64254,5.427958,11.31248,0.0,9.539273,0.0,4,3,1.0,1.0,1.0,1.0,0.50095,0.1905,0.0,,0.0,-0.002323638636891435,0.933291085555329,""6540, 6680, 6690"",1,0.0,-0.004769542508009003,0.6983145123276108,""6540, 6680"",0,,,1.0,2.6318215339233038"
"2018-11-27 20:40:00+00:00,-1.6161548730629804,,969.24755859375,0.1298733353614807,21.10505,5.141713,10.81885,0.0,10.31417,0.0,4,3,1.0,1.0,1.0,1.0,0.31115,-1.1388000000000003,0.0,,0.0,-0.0017547549271002048,0.8988500839988274,""6540, 6680, 6690"",1,0.0,-0.003173816029618426,0.8383851410785972,""6540, 6680"",1,0.0,,1.0,2.665468289085546"
"2018-11-27 20:50:00+00:00,-1.6203441285589284,,969.1103515625,0.0427088178694248,22.15643,5.460693,11.52297,0.0,10.37159,0.0,4,3,1.0,1.0,1.0,1.0,0.51105,1.1994000000000002,0.0,,0.0,-0.0024212793024574837,0.9479361339990797,""6540, 6680, 6690"",1,0.0,-0.0019331040033480017,0.8483805840091986,""6540, 6680"",1,0.0,,1.0,2.700958702064897"
"2018-11-27 21:00:00+00:00,,,968.951416015625,0.0017603993183001,,,11.38954,0.0,9.903425,0.0,4,3,,1.0,1.0,1.0,0.34065,-1.0224,0.0,,0.0,-0.003068075180053711,0.9386012260529921,""6540, 6680, 6690"",1,0.0,-0.0024217666067728183,0.7665175420043695,""6540, 6680"",1,0.0,,1.0,2.722160766961652"
"2018-11-27 21:10:00+00:00,-1.6331809298033924,,968.7631225585938,-0.0041331113316118,22.12106,5.468161,11.12572,0.0,9.818209,0.0,4,3,1.0,1.0,1.0,1.0,0.24689999999999998,-0.5625000000000002,0.0,,0.0,-0.0019308689163952339,0.9201421573736589,""6540, 6680, 6690"",1,0.0,0.04167710839248285,0.7514913171676685,""6540, 6680"",0,,,1.0,2.7456674041297933"
"2018-11-27 21:20:00+00:00,-1.6287216281419643,,968.5593872070312,-0.0075773708522319,22.839,5.621285,11.62431,0.0,11.06477,0.0,4,3,1.0,1.0,1.0,1.0,0.3542,0.6438000000000001,0.0,,0.0,-0.001606630464879478,0.9548401839567714,""6540, 6680, 6690"",1,0.0,-0.0016621161670219607,0.9409883711718896,""6540, 6680"",1,0.0,,1.0,2.772861356932153"
"2018-11-27 21:30:00+00:00,-1.6102978043577574,,968.36083984375,-0.0048219636082649,23.32264,5.919886,10.7224,0.0,11.7878,0.0,4,3,1.0,1.0,1.0,1.0,0.49119999999999997,0.8219999999999997,0.0,,0.0,-0.002867965000431712,0.8833943158735389,""6540, 6680, 6690"",1,0.0,-0.0020612130514005337,0.975174093087076,""6540, 6680"",1,0.0,,1.0,2.804894911504425"
"2018-11-27 21:40:00+00:00,-1.5892433061300542,,968.406005859375,-0.0037504159845411,23.1167,5.773019,11.33193,0.0,11.01446,0.0,4,3,1.0,1.0,1.0,1.0,0.35215,-0.8342999999999997,1.0,48.0,1.0,-0.0038521503820651915,0.9343585535758,""6540, 6680, 6690"",1,0.0,-0.003684475363754644,0.9385432284624069,""6540, 6680"",1,0.0,,1.0,2.8108867994100293"
"2018-11-27 21:50:00+00:00,-1.5772914876376314,,968.3152465820312,-0.003986666444689,23.58116,5.910813,12.00569,0.0,11.28758,0.0,4,3,1.0,1.0,1.0,1.0,0.2636,-0.5313000000000001,1.0,48.0,0.0,-0.001563843401466928,0.9741481168720406,""6540, 6680, 6690"",1,0.0,-0.0019306803912651248,0.9514435215293476,""6540, 6680"",1,0.0,,1.0,2.8173396017699117"
"2018-11-27 22:00:00+00:00,,,968.2230224609376,-0.0033733332529664,,,11.06252,0.0,10.70684,0.0,4,3,,1.0,1.0,1.0,0.4984,1.4088,1.0,48.0,0.0,-0.0023100836684064167,0.9155209918792919,""6540, 6680, 6690"",1,0.0,-0.0023423497269793253,0.9062133451477067,""6540, 6680"",0,,,1.0,2.8592828171091442"
"2018-11-27 22:10:00+00:00,-1.5751260612694942,,968.1610717773438,-0.003986666444689,22.07961,5.41048,11.67969,0.0,10.21764,0.0,4,3,1.0,1.0,1.0,1.0,0.29465,-1.2225,1.0,48.0,0.0,-0.003922283823897199,0.9585374242013139,""6540, 6680, 6690"",1,0.0,-0.0035956175734357136,0.820764781457155,""6540, 6680"",1,0.0,,1.0,2.9062960914454274"
"2018-11-27 22:20:00+00:00,-1.5802164820592346,,968.1338500976562,-0.0033677204046398,22.35779,5.377955,11.01078,0.0,10.89872,0.0,4,3,1.0,1.0,1.0,1.0,0.265,-0.17790000000000006,1.0,48.0,0.0,-0.001898014254686309,0.9118886025986445,""6540, 6680, 6690"",1,0.0,-0.0025766023775426355,0.9330105480580251,""6540, 6680"",1,0.0,,1.0,2.9254240412979353"
"2018-11-27 22:30:00+00:00,,,968.2078247070312,-0.0065058236941695,,,10.84168,0.0,10.63571,0.0,4,3,,1.0,1.0,1.0,0.386,0.726,1.0,48.0,0.0,-0.001582236638883265,0.9000749444389514,""6540, 6680, 6690"",1,0.0,-0.001908655864436452,0.8936627874506061,""6540, 6680"",1,0.0,,1.0,2.9346423303834808"
"2018-11-27 22:40:00+00:00,,,967.8012084960938,-0.0080366060137748,,,11.05798,0.0,10.66871,0.0,4,3,,1.0,1.0,1.0,0.2763,-0.6582000000000001,1.0,48.0,0.0,-0.0035623145684963316,0.9151488179947359,""6540, 6680, 6690"",1,0.0,-0.00326712305952863,0.8994193078005231,""6540, 6680"",1,0.0,,1.0,2.9897216076696163"
"2018-11-27 22:50:00+00:00,-1.593238371124983,,967.8053588867188,-0.005051580723375,21.179,4.889054,11.66261,0.0,10.13026,0.0,4,3,1.0,1.0,1.0,1.0,0.2851,0.05280000000000018,1.0,48.0,0.0,-0.002350981642560261,0.9572635289593082,""6540, 6680, 6690"",1,0.0,0.028644200766958842,0.805322695974036,""6540, 6680"",0,,,1.0,3.054019174041298"
"2018-11-27 23:00:00+00:00,-1.5823829198362314,,967.7071533203124,-0.0045923460274934,21.50799,5.028495,10.33912,0.0,10.60688,0.0,4,3,1.0,1.0,1.0,1.0,0.5394,1.5257999999999998,1.0,48.0,0.0,-0.0017031457947521678,0.8178954955507154,""6540, 6680, 6690"",1,0.0,-0.0017814138458996285,0.888473059864655,""6540, 6680"",1,0.0,,1.0,3.1591076696165192"
"2018-11-27 23:10:00+00:00,-1.5698323472989988,,967.571533203125,-0.005051580723375,22.83281,5.499154,11.71688,0.0,10.98366,0.0,4,3,1.0,1.0,1.0,1.0,0.3283,-1.2666,1.0,48.0,0.0,-0.004162197578244093,0.9609659393128076,""6540, 6680, 6690"",1,0.0,-0.003126126963917802,0.9369402948303518,""6540, 6680"",1,0.0,,1.0,3.28125"
"2018-11-27 23:20:00+00:00,-1.5590446604038324,,967.4273681640624,-0.0043700002133846,22.78823,5.430714,11.47062,0.0,11.33699,0.0,3,3,1.0,1.0,1.0,1.0,0.46925,0.8457000000000001,1.0,48.0,0.0,-0.0029386927441852847,0.9437642944624227,""6540, 6680"",1,0.0,-0.0032025660538091893,0.9536313749122445,""6540, 6680"",1,0.0,,1.0,3.4091537610619467"
"2018-11-27 23:30:00+00:00,-1.557240306998528,,967.36279296875,-0.0048299999907612,22.7941,5.41074,11.11515,0.0,11.49788,0.0,3,3,1.0,1.0,1.0,1.0,0.40195,-0.40380000000000016,1.0,48.0,0.0,-0.001739565686481755,0.9189591285016724,""6540, 6680"",1,0.0,-0.0018711207552653988,0.9612202904817575,""6540, 6680"",1,0.0,,1.0,3.488661504424779"
"2018-11-27 23:40:00+00:00,-1.5450275450203603,,967.1610107421876,-0.0046000001020729,22.58808,5.29299,10.98332,0.0,11.16735,0.0,3,3,1.0,1.0,1.0,1.0,0.51045,0.6509999999999999,1.0,48.0,0.0,-0.002480072393649962,0.9097267267018901,""6540, 6680"",1,0.0,0.009054604507074127,0.9455515878621206,""6540, 6680"",0,,,1.0,3.5670169616519174"
"2018-11-27 23:50:00+00:00,-1.5436287665677055,,966.9349975585938,-0.006276206113398,23.09241,5.468285,11.48567,0.0,9.91524,0.0,3,3,1.0,1.0,1.0,1.0,0.29464999999999997,-1.2948,1.0,48.0,0.0,-0.002668750111649676,0.9446936609883251,""6540, 6680"",1,0.0,-0.0035792508939417396,0.7672604579454464,""6540, 6680"",1,0.0,,1.0,3.5587205014749266"
"2018-11-28 00:00:00+00:00,-1.5515005617210038,,966.9081420898438,-0.0056638936512172,24.43775,5.84105,12.21966,0.0,11.32226,0.0,4,3,1.0,1.0,1.0,1.0,0.51605,1.3284000000000002,1.0,48.0066666305686,1.0,-0.0025475148456852613,0.9779321775225169,""6540, 6680, 6690"",1,0.0,-0.0019211171313029967,0.9528314796399033,""6540, 6680"",1,0.0,,1.0,3.508250368731564"
"2018-11-28 00:10:00+00:00,-1.541471431470444,,966.867919921875,-0.0055873543024063,25.40793,6.112768,12.93011,0.0,11.39783,0.0,4,3,1.0,1.0,1.0,1.0,0.34215,-1.0434,1.0,52.0,1.0,-0.002092691281946694,0.9904183195458164,""6540, 6680, 6690"",1,0.0,-0.0023894882202148437,0.956372591930956,""6540, 6680"",1,0.0,,1.0,3.467689896755162"
"2018-11-28 00:20:00+00:00,-1.52267540922595,,966.8219604492188,-0.0039034942165017,24.25421,5.714958,11.58299,0.0,10.94183,0.0,4,3,1.0,1.0,1.0,1.0,0.49325,0.9066000000000001,1.0,52.0,0.0,-0.0024097621731641815,0.9513515878407837,""6540, 6680, 6690"",1,0.0,-0.003721021559180283,0.9347795307633053,""6540, 6680"",1,0.0,,1.0,3.4402654867256635"
"2018-11-28 00:30:00+00:00,-1.5123428563175474,,966.7647705078124,-0.0045923460274934,22.83105,5.15575,11.97388,0.0,11.42662,0.0,4,3,1.0,1.0,1.0,1.0,0.3722,-0.7263000000000003,1.0,52.0,0.0,-0.0028092233146109233,0.9734403267796201,""6540, 6680, 6690"",1,0.0,-0.00024365372774077626,0.957701463181326,""6540, 6680"",0,,,1.0,3.3914085545722714"
"2018-11-28 00:40:00+00:00,-1.5010990240267572,,966.5885009765624,-0.0034442595206201,23.03195,5.230735,11.5153,0.0,10.87436,0.0,4,3,1.0,1.0,1.0,1.0,0.35385,-0.11009999999999986,1.0,52.0,0.0,-0.002366197399976777,0.9465868807473846,""6540, 6680, 6690"",1,0.0,-0.001737184408234387,0.9315570605332648,""6540, 6680"",1,0.0,,1.0,3.426668510324484"
"2018-11-28 00:50:00+00:00,-1.4936732601804876,,966.4902954101562,-0.002989999949932,23.69821,5.365975,11.29378,0.0,10.22584,0.0,4,3,1.0,1.0,1.0,1.0,0.4272,0.44010000000000016,1.0,52.0,0.0,-0.0017229537266056712,0.9310972627842338,""6540, 6680, 6690"",1,0.0,-0.0036634570796315264,0.8209725159146047,""6540, 6680"",1,0.0,,1.0,3.5027193952802356"
"2018-11-28 01:00:00+00:00,-1.4884816985047995,,966.2391967773438,-0.0039099999703466,23.52042,5.267104,10.58623,0.0,10.49341,0.0,4,3,1.0,1.0,1.0,1.0,0.4812,0.32399999999999995,1.0,52.0,0.0,-0.003065192524979754,0.8586880537392166,""6540, 6680, 6690"",1,0.0,-0.0027424637864275677,0.8675291211613091,""6540, 6680"",1,0.0,,1.0,3.527378318584071"
"2018-11-28 01:10:00+00:00,-1.4685397500225197,,966.1924438476562,-0.003066666657105,23.88415,5.316314,11.56723,0.0,10.38139,0.0,4,3,1.0,1.0,1.0,1.0,0.47145000000000004,-0.058499999999999885,1.0,52.0,0.0,-0.0035458450782589798,0.9500156016843195,""6540, 6680, 6690"",1,0.0,-0.002012871998112376,0.847828495432218,""6540, 6680"",1,0.0,,1.0,3.5379793510324484"
"2018-11-28 01:20:00+00:00,-1.4422522223558898,,966.0987548828124,-0.0035207986366003,23.44176,5.161503,11.16009,0.0,11.25303,0.0,4,3,1.0,1.0,1.0,1.0,0.4998,0.17009999999999992,1.0,52.0,0.0,-0.0017535574843243855,0.9216185390350985,""6540, 6680, 6690"",1,0.0,-0.003260926735110399,0.9493132825080179,""6540, 6680"",1,0.0,,1.0,3.5875276548672566"
"2018-11-28 01:30:00+00:00,-1.4267523815844263,,966.1885375976562,-0.0052811978384852,24.06851,5.280427,10.88524,0.0,11.40142,0.0,4,3,1.0,1.0,1.0,1.0,0.46699999999999997,-0.1968000000000003,1.0,52.0,0.0,-0.002261450930339534,0.9024296588805015,""6540, 6680, 6690"",1,0.0,-0.0010389869969065601,0.9562956504496273,""6540, 6680"",0,,,1.0,3.6589693952802356"
"2018-11-28 01:40:00+00:00,-1.4183071176078053,,965.8955688476562,-0.0039034942165017,23.33832,5.016393,10.87961,0.0,11.68709,0.0,4,4,1.0,1.0,1.0,1.0,0.35085,-0.6968999999999999,1.0,52.0,0.0,-0.004418970898884099,0.9020152057599414,""6540, 6680, 6690"",1,0.0,-0.0019786713762981138,0.9697851538498734,""6540, 6680, 6690"",1,0.0,,1.0,3.6810932890855455"
"2018-11-28 01:50:00+00:00,-1.4100297475018573,,965.77685546875,-0.0053577371872961,24.15613,5.22086,10.71656,0.0,11.21559,0.0,4,4,1.0,1.0,1.0,1.0,0.42569999999999997,0.44909999999999983,1.0,52.0,0.0,-0.0024609461063291966,0.8802135886836014,""6540, 6680, 6690"",1,0.0,-0.0029284791248600658,0.947451964907915,""6540, 6680, 6690"",1,0.0,,1.0,3.7541482300884956"
"2018-11-28 02:00:00+00:00,-1.391791011538934,,965.5850219726562,-0.0087254578247666,23.69933,5.051347,11.44404,0.0,10.6784,0.0,4,4,1.0,1.0,1.0,1.0,0.4630500000000001,0.22410000000000063,1.0,52.0,0.0,-0.0014809925963238971,0.9412060987110712,""6540, 6680, 6690"",1,0.0,-0.0034900162859660823,0.8991200896345457,""6540, 6680, 6690"",1,0.0,,1.0,3.844257005899705"
"2018-11-28 02:10:00+00:00,-1.3675758606253696,,965.4793090820312,-0.0061231283470988,23.64003,4.989043,10.96917,0.0,10.04894,0.0,4,4,1.0,1.0,1.0,1.0,0.4939,0.1850999999999996,1.0,52.0,0.0,-0.0036640862720768628,0.9081158760229586,""6540, 6680, 6690"",1,0.0,-0.0019778991327053163,0.7892503515161283,""6540, 6680, 6690"",1,0.0,,1.0,3.9053281710914454"
"2018-11-28 02:20:00+00:00,-1.3495818856064397,,965.6051025390624,-0.0036800000816583,23.40301,4.85785,10.68387,0.0,11.37509,0.0,4,4,1.0,1.0,1.0,1.0,0.48464999999999997,-0.055500000000000216,1.0,52.0,0.0,-0.0029206406197896818,0.8744348370471723,""6540, 6680, 6690"",1,0.0,0.02283509603360804,0.9549203044641813,""6540, 6680, 6690"",0,,,1.0,3.947732300884956"
"2018-11-28 02:30:00+00:00,-1.3390207542957957,,965.5302124023438,-0.0033733332529664,23.2255,4.774673,10.59614,0.0,10.25231,0.0,4,4,1.0,1.0,1.0,1.0,0.40525,-0.4763999999999998,1.0,52.00166667439199,1.0,-0.0014379775814893768,0.8595373336692942,""6540, 6680, 6690"",1,0.0,-0.0035971797384866853,0.8246264558212041,""6540, 6680, 6690"",1,0.0,,1.0,3.9233038348082596"
"2018-11-28 02:40:00+00:00,-1.3298755953884174,,965.3409423828124,-0.0046000001020729,22.88072,4.655371,11.46695,0.0,10.04506,0.0,4,4,1.0,1.0,1.0,1.0,0.39645,-0.05279999999999985,0.0,,0.0,-0.002671698360908322,0.9426775155948146,""6540, 6680, 6690"",1,0.0,-0.0019744507859392863,0.7883621066325559,""6540, 6680, 6690"",1,0.0,,1.0,3.9279129793510323"
"2018-11-28 02:50:00+00:00,-1.3146286068318231,,965.2338256835938,-0.0036738768685609,22.72145,4.542665,10.91993,0.0,10.88837,0.0,4,4,1.0,1.0,1.0,1.0,0.31315,-0.49980000000000024,0.0,,0.0,-0.0031209515362251097,0.9045553137066463,""6540, 6680, 6690"",1,0.0,-0.0020110255915944167,0.9318434111762369,""6540, 6680, 6690"",1,0.0,,1.0,3.8205199115044244"
"2018-11-28 03:00:00+00:00,-1.3028123171265698,,965.171630859375,-0.0042096506804227,22.88788,4.58302,11.07026,0.0,10.86418,0.0,4,4,1.0,1.0,1.0,1.0,0.6023,1.7348999999999997,0.0,,0.0,-0.0020361379297768197,0.9149820506406039,""6540, 6680, 6690"",1,0.0,-0.0036317208918129527,0.9306747639747163,""6540, 6680, 6690"",1,0.0,,1.0,3.7792680678466075"
"2018-11-28 03:10:00+00:00,,,964.99609375,-0.0052811978384852,,,11.33343,0.0,10.00651,0.0,4,4,,1.0,1.0,1.0,0.2042,-2.3886,0.0,,0.0,-0.0019254975202606945,0.9332778241156471,""6540, 6680, 6690"",1,0.0,-0.004764241009223752,0.7814069724642579,""6540, 6680, 6690"",0,,,1.0,3.8219026548672566"
"2018-11-28 03:20:00+00:00,,,964.7041625976562,-0.0071946755051612,,,12.87192,0.0,10.31456,0.0,4,4,,1.0,1.0,1.0,0.37845,1.0455,0.0,,0.0,-0.002489137416932641,0.9895368235711591,""6540, 6680, 6690"",1,0.0,-0.00055046145508929,0.835009365440001,""6540, 6680, 6690"",1,0.0,,1.0,3.834116887905605"
"2018-11-28 03:30:00+00:00,-1.2916615344508515,,964.7473754882812,-0.0076539102010428,23.03895,4.634227,11.36862,0.0,10.91916,0.0,4,4,1.0,1.0,1.0,1.0,0.3836,0.030899999999999928,1.0,58.0,1.0,-0.0028430636336163775,0.9356389485291987,""6540, 6680, 6690"",1,0.0,-0.0015951520640675614,0.9332000791290666,""6540, 6680, 6690"",1,0.0,,1.0,3.8626935840707963"
"2018-11-28 03:40:00+00:00,,,964.734130859375,-0.0042861895635724,,,11.00437,0.0,10.60861,0.0,4,4,,1.0,1.0,1.0,0.36225,-0.12809999999999988,1.0,58.0,0.0,-0.0021411063031452457,0.9102749488796089,""6540, 6680, 6690"",1,0.0,-0.001890463131230052,0.8861769860482872,""6540, 6680, 6690"",1,0.0,,1.0,3.889426622418879"
"2018-11-28 03:50:00+00:00,-1.2773167225969095,,964.6472778320312,-0.0043700002133846,23.2803,4.752337,11.7815,0.0,10.1471,0.0,4,4,1.0,1.0,1.0,1.0,0.6402,1.6677,1.0,58.0,0.0,-0.0019017742901313596,0.9643383901877987,""6540, 6680, 6690"",1,0.0,-0.0008088081638987472,0.8056487432226218,""6540, 6680, 6690"",1,0.0,,1.0,3.9274520648967552"
"2018-11-28 04:00:00+00:00,,,964.567138671875,-0.003986666444689,,,11.66047,0.0,10.44209,0.0,4,4,,1.0,1.0,1.0,0.14555,-2.9678999999999998,1.0,58.0,0.0,-0.0032901922086390053,0.9558850031057291,""6540, 6680, 6690"",1,0.0,-0.0013250938275965248,0.8570194262595756,""6540, 6680, 6690"",1,0.0,,1.0,3.9634033923303833"
"2018-11-28 04:10:00+00:00,,,964.4033813476562,-0.002989999949932,,,11.7655,0.0,12.95481,0.0,4,4,,1.0,1.0,1.0,0.631,2.9127,1.0,58.0,0.0,-0.003789271843142626,0.9631198513918896,""6540, 6680, 6690"",1,0.0,-0.002567658540679187,0.9891700451929598,""6540, 6680, 6690"",1,0.0,,1.0,3.9700866519174043"
"2018-11-28 04:20:00+00:00,-1.269823194357055,,964.3552856445312,-0.0042861895635724,23.65099,4.807533,11.61016,0.0,10.92257,0.0,4,4,1.0,1.0,1.0,1.0,0.273,-2.1479999999999997,1.0,58.0,0.0,-0.0015224839419853396,0.9523225289450754,""6540, 6680, 6690"",1,0.0,-0.00073674713693014,0.9332797575153883,""6540, 6680, 6690"",1,0.0,,1.0,3.9894450589970503"
"2018-11-28 04:30:00+00:00,,,964.4380493164062,-0.0030615641735494,,,12.60507,0.0,11.91349,0.0,4,4,,1.0,1.0,1.0,0.6729,2.3994,1.0,58.0,0.0,-0.002378165082233708,0.9846381502835079,""6540, 6680, 6690"",1,0.0,-0.0005981539516914182,0.9782073233672611,""6540, 6680, 6690"",1,0.0,,1.0,4.018482669616519"
"2018-11-28 04:40:00+00:00,-1.2702621458020673,,964.1959838867188,-0.0059700501151382,24.19147,4.935725,12.73906,0.0,11.80239,0.0,4,4,1.0,1.0,1.0,1.0,0.18914999999999998,-2.9025000000000003,1.0,58.0,0.0,0.013949335609994283,0.9870675637765014,""6540, 6680, 6690"",1,0.0,-0.002589803090909632,0.9748176684996054,""6540, 6680, 6690"",1,0.0,,1.0,4.032540560471976"
"2018-11-28 04:50:00+00:00,-1.2834610314182238,,964.1615600585938,-0.0092612309381365,24.41396,5.025588,14.33919,0.0,10.87498,0.0,4,4,1.0,1.0,1.0,1.0,0.62725,2.6286,1.0,58.0,0.0,0.2506004072980183,0.9961698790471456,""6540, 6680, 6690"",1,0.0,-0.0011467103260319408,0.9310173512461839,""6540, 6680, 6690"",1,0.0,,1.0,4.059273598820059"
"2018-11-28 05:00:00+00:00,,,964.1572875976562,-0.0059700501151382,,,13.54115,0.0,11.10999,0.0,4,4,,1.0,1.0,1.0,0.91585,1.7316000000000005,1.0,58.0,0.0,0.19122664288776678,0.9934481910635269,""6540, 6680, 6690"",1,0.0,-0.0003238778870280196,0.9421251316465051,""6540, 6680, 6690"",1,0.0,,1.0,4.077249262536872"
"2018-11-28 05:10:00+00:00,-1.295942828153012,,964.3202514648438,-0.006276206113398,24.76171,5.072499,12.64579,0.0,11.45564,0.0,4,4,1.0,1.0,1.0,0.0,0.03635,-5.277,1.0,58.0,0.0,-0.003373967147454983,0.9853926279600637,""6540, 6680, 6690"",1,0.0,-0.002463875282101515,0.9584777086231309,""6540, 6680, 6690"",1,0.0,,1.0,4.112048303834809"
"2018-11-28 05:20:00+00:00,-1.3076923648735397,,964.337158203125,-0.0043700002133846,24.12436,4.848789,13.43107,0.0,11.18372,0.0,4,4,1.0,1.0,1.0,1.0,0.3052,1.6131000000000002,1.0,59.0,0.0,-0.0031464327835455178,0.9928918717957995,""6540, 6680, 6690"",1,0.0,-0.0017589365563741544,0.9456377555391217,""6540, 6680, 6690"",1,0.0,,1.0,4.168971238938053"
"2018-11-28 05:30:00+00:00,-1.3314685643420916,,964.152099609375,-0.0046000001020729,24.80402,5.022013,12.85796,0.0,11.21467,0.0,4,4,1.0,1.0,1.0,1.0,0.5986,1.7604,1.0,59.0,0.0,-0.0018812159794132884,0.989237004903369,""6540, 6680, 6690"",1,0.0,-0.00043344896014143783,0.9470809389273697,""6540, 6680, 6690"",1,0.0,,1.0,4.224050516224189"
"2018-11-28 05:40:00+00:00,-1.3549585351034117,,964.0808715820312,-0.0049066664651036,23.12159,4.470331,11.86361,0.0,11.5208,0.0,4,4,1.0,1.0,1.0,1.0,0.3584,-1.4412000000000003,1.0,59.0,0.0,-0.0023625680876941217,0.9700055166810722,""6540, 6680, 6690"",1,0.0,-0.0019124478828616259,0.9615722162513394,""6540, 6680, 6690"",1,0.0,,1.0,4.276133849557522"
"2018-11-28 05:50:00+00:00,-1.366634238977198,,964.2222900390624,-0.0046688853763043,23.44247,4.563472,11.78161,0.0,10.39432,0.0,4,4,1.0,1.0,1.0,1.0,0.46575,0.6441,1.0,59.00166667437802,0.0,-0.0031102608471381956,0.96430309523328,""6540, 6680, 6690"",1,0.0,-0.002234363323304711,0.8486622697396552,""6540, 6680, 6690"",1,0.0,,1.0,4.292035398230088"
"2018-11-28 06:00:00+00:00,-1.364171458404375,,964.0513305664062,-0.0044392677955329,23.41512,4.653843,12.07831,0.0,10.84466,0.0,4,4,1.0,1.0,1.0,1.0,0.38130000000000003,-0.5066999999999998,1.0,60.0,0.0,-0.002344652734151701,0.9750897179222614,""6540, 6680, 6690"",1,0.0,-0.0002561404065388005,0.9270672596213689,""6540, 6680, 6690"",1,0.0,,1.0,4.305632374631268"
"2018-11-28 06:10:00+00:00,,,964.0172119140624,-0.0055108154192566,,,12.33164,0.0,11.46277,0.0,4,4,,1.0,1.0,1.0,0.47495000000000004,0.5619000000000001,1.0,60.0,0.0,-0.0017782997503513244,0.9796842997405909,""6540, 6680, 6690"",1,0.0,-0.0014873539529195645,0.9587948674666062,""6540, 6680, 6690"",1,0.0,,1.0,4.320381637168142"
"2018-11-28 06:20:00+00:00,-1.3658736595148724,,963.8687744140624,-0.0043627289123833,23.88549,4.872055,11.99913,0.0,12.6262,0.0,4,4,1.0,1.0,1.0,1.0,0.45640000000000003,-0.11130000000000007,1.0,60.0,0.0,-0.003109672360303925,0.9736449935539931,""6540, 6680, 6690"",1,0.0,0.017928552394959985,0.985881803600807,""6540, 6680, 6690"",0,,,1.0,4.34273598820059"
"2018-11-28 06:30:00+00:00,-1.3716336329695855,,963.7832641601562,-0.0041112983599305,23.39955,4.658561,12.13298,0.0,15.08397,0.0,4,4,1.0,1.0,1.0,1.0,0.66315,1.2405,1.0,60.0,0.0,-0.0034895382857904203,0.97606096423853,""6540, 6680, 6690"",1,0.0,0.33271427805830794,0.9977585243956981,""6540, 6680, 6690"",1,0.0,,1.0,4.369929941002949"
"2018-11-28 06:40:00+00:00,-1.3919599168184666,,963.5767211914062,-0.0054342760704457,22.58636,4.44404,11.0694,0.0,14.63696,0.0,4,4,1.0,1.0,1.0,1.0,0.2225,-2.6439,1.0,60.00087117344373,1.0,-0.001870113698447623,0.9145990017862021,""6540, 6680, 6690"",1,0.0,0.2992191965987043,0.9971028558934436,""6540, 6680, 6690"",1,0.0,,1.0,4.392745206489676"
"2018-11-28 06:50:00+00:00,-1.4574820169618732,,963.3988037109376,-0.0036800000816583,20.43982,3.744843,11.85353,0.0,12.37206,0.0,4,4,1.0,1.0,1.0,1.0,0.51195,1.7367,1.0,60.52270164779338,1.0,-0.003372440105531274,0.9692155579756216,""6540, 6680, 6690"",1,0.0,-0.002626466518495141,0.9831436556687732,""6540, 6680, 6690"",1,0.0,,1.0,4.4238569321533925"
"2018-11-28 07:00:00+00:00,-1.537787880404234,,963.3564453125,-0.0036800000816583,20.60863,3.791378,12.21989,0.0,13.38076,0.0,4,4,1.0,1.0,1.0,1.0,0.55235,0.24239999999999995,1.0,60.53995093939431,1.0,-0.004372221783893865,0.9776561777901085,""6540, 6680, 6690"",1,0.0,-0.0005458749794378514,0.9921973784140624,""6540, 6680, 6690"",1,0.0,,1.0,4.4432153392330385"
"2018-11-28 07:10:00+00:00,-1.6194925222992498,,963.2630615234376,-0.0034499999601393,20.88962,3.882188,10.54679,0.0,13.43565,0.0,4,4,1.0,1.0,1.0,1.0,0.36615000000000003,-1.1172,1.0,70.87222872304422,1.0,-0.004214125842582889,0.7564167563167278,""6540, 6680, 6690"",1,0.0,,,""6540, 6680, 6690"",0,,,1.0,4.471100663716814"
"2018-11-28 07:20:00+00:00,-1.664423349472593,,963.1015625,-0.0048985024914145,20.33262,3.724457,11.74236,0.0,14.07906,0.0,4,4,1.0,1.0,1.0,1.0,0.7824,2.4974999999999996,1.0,70.86857694960851,0.0,-0.0017044213923012338,0.9615320840919586,""6540, 6680, 6690"",1,0.0,-0.0027107917971727325,0.9962924899259428,""6540, 6680, 6690"",1,0.0,,1.0,4.51073930678466"
"2018-11-28 07:30:00+00:00,-1.6910203682502225,,963.0833129882812,-0.0037504159845411,19.30907,3.621352,14.06947,0.0,16.54537,0.0,4,4,1.0,1.0,1.0,1.0,0.44405,-2.0301,1.0,68.68333077343136,0.0,-0.003402742758029845,0.995654647830274,""6540, 6680, 6690"",1,0.0,-0.0009247581551714638,1.0000519000384493,""6540, 6680, 6690"",1,0.0,,1.0,4.5476124631268435"
"2018-11-28 07:40:00+00:00,-1.702372421288976,,962.8113403320312,-0.0044392677955329,19.41671,3.669692,16.72205,0.0,16.34706,0.0,4,4,1.0,1.0,1.0,1.0,0.16099999999999998,-1.6983000000000001,1.0,69.97892250477751,1.0,-0.0038204702516881433,1.000262085700894,""6540, 6680, 6690"",1,0.0,-0.0007408685218997118,0.9997103843343127,""6540, 6680, 6690"",1,0.0,,1.0,4.595317109144543"
"2018-11-28 07:50:00+00:00,-1.7061753186006043,,962.6596069335938,-0.0053577371872961,19.82636,3.805463,16.21309,0.0,16.94744,0.0,4,4,1.0,1.0,1.0,1.0,0.32105,0.9603000000000002,1.0,72.4717664785237,1.0,-0.0017114085685916063,1.000245931823225,""6540, 6680, 6690"",1,0.0,-0.002375427106531655,1.00074107809104,""6540, 6680, 6690"",1,0.0,,1.0,4.618362831858407"
"2018-11-28 08:00:00+00:00,-1.7210288691108626,,962.62353515625,-0.0049750413745641,19.78303,3.919088,15.52886,0.0,15.293,0.0,4,4,1.0,1.0,1.0,1.0,0.51655,1.1729999999999996,1.0,74.45360609755107,1.0,-0.002599315410707055,0.998918154993153,""6540, 6680, 6690"",1,0.0,-0.001521193457812798,0.998068597322552,""6540, 6680, 6690"",1,0.0,,1.0,4.641408554572271"
"2018-11-28 08:10:00+00:00,-1.7401030287917123,,962.6749877929688,-0.0051281196065247,19.52918,3.687135,14.60581,0.0,16.48859,0.0,3,4,1.0,1.0,1.0,1.0,0.7122499999999999,1.1742,1.0,74.45360609755107,0.0,-0.004910975665580936,0.9982766128951388,""6540, 6680"",1,0.0,-0.0006920634827962736,0.9999535757591836,""6540, 6680, 6690"",1,0.0,,1.0,4.6771294247787605"
"2018-11-28 08:20:00+00:00,-1.7525352664923863,,962.6401977539062,-0.0060566668398678,19.03653,3.241037,13.49303,0.0,16.14766,0.0,3,4,1.0,1.0,1.0,1.0,0.6167,-0.5732999999999995,1.0,74.45360609755107,0.0,-0.002371280484083222,0.9932002927864866,""6540, 6680"",1,0.0,-0.0020356362040449935,0.9993681683927507,""6540, 6680, 6690"",1,0.0,,1.0,4.69602691740413"
"2018-11-28 08:30:00+00:00,-1.7633067708458017,,962.6021118164062,-0.0049066664651036,20.58515,3.734343,12.66107,0.0,15.17339,0.0,3,4,1.0,1.0,1.0,1.0,0.1006,-3.0966,1.0,74.45506048426714,0.0,-0.0016875824114171473,0.9825008627597803,""6540, 6680"",1,0.0,-0.0018930593351038489,0.9978918764492427,""6540, 6680, 6690"",1,0.0,,1.0,4.7029406342182885"
"2018-11-28 08:40:00+00:00,-1.7701509745978723,,962.4657592773438,-0.0053666667081415,19.35558,3.478638,13.0407,0.0,15.87846,0.0,3,4,1.0,1.0,1.0,1.0,0.2873,1.1202,1.0,75.32623408970578,0.0,-0.0029788417350955125,0.9908953140368061,""6540, 6680"",1,0.0,-0.0005479415451608053,0.9989389187885642,""6540, 6680, 6690"",1,0.0,,1.0,4.741657448377581"
"2018-11-28 08:50:00+00:00,-1.761560067745487,,962.52587890625,-0.0048985024914145,18.89533,3.357645,13.07375,0.0,16.4785,0.0,3,4,1.0,1.0,1.0,1.0,0.55305,1.5945000000000003,1.0,75.32623408970578,0.0,-0.0033955995047964703,0.9910648246490688,""6540, 6680"",1,0.0,-0.0015900121084073695,0.9999356862560259,""6540, 6680, 6690"",1,0.0,,1.0,4.764933628318584"
"2018-11-28 09:00:00+00:00,-1.7419003023350008,,962.4573364257812,-0.0048985024914145,19.57711,3.467349,12.64163,0.0,14.855,0.0,3,4,1.0,1.0,1.0,1.0,0.84465,1.7495999999999998,1.0,75.3255939206423,0.0,-0.002266618449513505,0.9852858264461049,""6540, 6680"",1,0.0,-0.0022544725929818502,0.9974208399408869,""6540, 6680, 6690"",1,0.0,,1.0,4.77760877581121"
"2018-11-28 09:10:00+00:00,-1.7336249550467715,,962.3375244140624,-0.005051580723375,19.5269,3.311265,11.07009,0.0,13.46057,0.0,3,4,1.0,1.0,1.0,1.0,0.2116,-3.7983000000000002,1.0,74.94599079169109,0.0,-0.0023148636701630382,0.9146319943002251,""6540, 6680"",1,0.0,-0.0007903446802278844,0.9927524033624435,""6540, 6680, 6690"",1,0.0,,1.0,4.830613938053097"
"2018-11-28 09:20:00+00:00,-1.7421683256827618,,962.3853149414062,-0.0048985024914145,18.19067,3.154398,12.85532,0.0,15.98377,0.0,3,4,1.0,1.0,1.0,1.0,0.14865,-0.37770000000000004,1.0,77.25977362354442,0.0,-0.003378593630907012,0.9891495646757614,""6540, 6680"",1,0.0,-0.0011973698546246785,0.9990941677304255,""6540, 6680, 6690"",1,0.0,,1.0,4.845824115044247"
"2018-11-28 09:30:00+00:00,,,962.3018188476562,-0.0038269551005214,,,12.70217,0.0,16.14601,0.0,3,4,,1.0,1.0,1.0,0.3674,1.3125,1.0,78.1676379294372,0.0,-0.0040792804811058975,0.9863655942659294,""6540, 6680"",1,0.0,-0.002389447282000286,0.9993617324723929,""6540, 6680, 6690"",1,0.0,,1.0,4.871865781710914"
"2018-11-28 09:40:00+00:00,-1.7602725442673748,,962.1015625,-0.0045923460274934,18.70637,3.226518,,,14.57896,0.0,3,4,1.0,,1.0,1.0,0.7643,2.3813999999999997,1.0,75.93357379816368,0.0,-0.0022481741556307166,,""6540, 6680"",0,,-0.0011831397545046922,0.9970158417148475,""6540, 6680, 6690"",1,0.0,,1.0,4.881775442477876"
"2018-11-28 09:50:00+00:00,-1.7800455874701222,,961.9744873046876,-0.0040633333846926,18.73955,3.11288,11.17393,0.0,14.12319,0.0,3,3,1.0,1.0,1.0,1.0,0.23235,-3.1916999999999995,1.0,73.26161249697854,0.0,-0.0025563577326332652,0.921754936133836,""6540, 6680"",0,,-0.0007978127642375666,0.9963509795198838,""6540, 6680"",1,0.0,,1.0,4.872787610619469"
"2018-11-28 10:00:00+00:00,,,961.9564819335938,-0.0049066664651036,,,10.75772,0.0,14.20902,0.0,3,3,,1.0,1.0,1.0,0.37134999999999996,0.8339999999999997,1.0,75.11692143928698,0.0,-0.0037150052698647104,0.8855581218400593,""6540, 6680"",0,,-0.0021282296064423353,0.9964760146458972,""6540, 6680"",1,0.0,,1.0,4.861725663716814"
"2018-11-28 10:10:00+00:00,-1.7828441557842911,,961.876220703125,-0.0034499999601393,19.04966,3.224971,10.73854,0.0,13.56637,0.0,3,3,1.0,1.0,1.0,1.0,0.6165499999999999,1.4711999999999998,1.0,75.11144201734204,0.0,-0.002438557555035847,0.8823066557665442,""6540, 6680"",0,,-0.001602388009792421,0.9934910879688289,""6540, 6680"",1,0.0,,1.0,4.8598820058997045"
"2018-11-28 10:20:00+00:00,-1.7967844040944432,,961.7921752929688,-0.004745424259454,17.76336,2.813293,11.91748,0.0,13.94491,0.0,3,3,1.0,1.0,1.0,1.0,0.82765,1.2666000000000004,1.0,75.67686845122174,0.0,-0.0016191643040354658,0.9762898813931884,""6540, 6680"",0,,-0.0009860485356028488,0.9960909873264382,""6540, 6680"",1,0.0,,1.0,4.87601401179941"
"2018-11-28 10:30:00+00:00,-1.8191183345293829,,961.9828491210938,-0.0042861895635724,18.96643,3.27244,12.01245,0.0,14.6322,0.0,3,3,1.0,1.0,1.0,1.0,0.44505,-2.2956,1.0,73.53911772200877,0.0,-0.0037623649690209367,0.97382998880779,""6540, 6680"",0,,-0.0017069223450451362,0.997092110380719,""6540, 6680"",1,0.0,,1.0,4.929710545722714"
"2018-11-28 10:40:00+00:00,-1.844930500032059,,961.7622680664062,-0.004745424259454,17.73914,2.961452,12.11998,0.0,14.66707,0.0,3,3,1.0,1.0,1.0,1.0,0.14930000000000002,-1.7744999999999997,1.0,73.53911772200877,0.0,-0.003261556392762719,0.9757859497530543,""6540, 6680"",0,,-0.0020672872589855657,0.9971434541211007,""6540, 6680"",1,0.0,,1.0,4.991242625368732"
"2018-11-28 10:50:00+00:00,-1.855897206295353,,961.6123046875,-0.0036738768685609,18.31643,2.95848,10.94007,0.0,14.98396,0.0,3,3,1.0,1.0,1.0,1.0,0.47359999999999997,1.9457999999999995,1.0,73.53779889159703,0.0,-0.001702349825603206,0.9054857961430636,""6540, 6680"",0,,-0.0007873527596636516,0.997605993726278,""6540, 6680"",1,0.0,,1.0,4.9963126843657815"
"2018-11-28 11:00:00+00:00,-1.8418881821827569,,961.5279541015624,-0.0030615641735494,20.62868,3.737355,11.47048,0.0,13.1441,0.0,3,3,1.0,1.0,1.0,1.0,0.585,0.6684,1.0,72.74503662408334,0.0,-0.002825558825236995,0.9423453107673284,""6540, 6680"",0,,-0.0011775941383547902,0.9904866190228525,""6540, 6680"",1,0.0,,1.0,4.9638182153392325"
"2018-11-28 11:10:00+00:00,-1.81858329924272,,961.529296875,-0.0032146421726793,21.30739,3.71611,11.88511,0.0,13.98452,0.0,3,3,1.0,1.0,1.0,1.0,0.19235,-2.3558999999999997,1.0,71.07790461165334,0.0,-0.003770477946211652,0.97112739150993,""6540, 6680"",0,,-0.0023676144204488616,0.9961463436532259,""6540, 6680"",1,0.0,,1.0,4.757558997050147"
"2018-11-28 11:20:00+00:00,-1.814896713949932,,961.32861328125,0.0016100000357255,20.41125,3.634248,11.49891,0.0,14.97923,0.0,3,3,1.0,1.0,1.0,1.0,0.51955,1.9631999999999996,1.0,70.69266780335361,0.0,-0.0023692510186172112,0.9442408879158571,""6540, 6680"",0,,-0.0009052267888697182,0.9975955337070036,""6540, 6680"",1,0.0,,1.0,4.270833333333334"
"2018-11-28 11:30:00+00:00,-1.835496078190871,,961.2898559570312,0.0460000000894069,21.45135,3.810224,11.0501,0.0,15.80305,0.0,3,3,1.0,1.0,1.0,1.0,0.39095,-0.7715999999999996,1.0,70.39306700704124,0.0,-0.001625815368280178,0.9440591380090084,""6540, 6680"",0,,-0.0006889123451418993,0.9988197509535159,""6540, 6680"",1,0.0,,1.0,4.068261430678466"
"2018-11-28 11:40:00+00:00,-1.861092813606479,,961.4180297851562,0.2044716626405716,20.21704,3.566863,11.34224,0.0,13.9596,0.0,3,3,1.0,1.0,1.0,1.0,0.2392,-0.9105000000000001,1.0,69.87833387354785,0.0,-0.0030644463329780394,0.9333927871208416,""6540, 6680"",0,,-0.0026291670450350134,0.9961107568376979,""6540, 6680"",1,0.0,,1.0,3.9355180678466075"
"2018-11-28 11:50:00+00:00,-1.866571615398258,,961.4190673828124,0.5608036518096924,20.53947,3.720515,12.06368,0.0,14.54075,0.0,3,3,1.0,1.0,1.0,1.0,0.5258,1.7196000000000005,1.0,69.68817393459175,0.0,-0.003763599860958937,0.9747420626140606,""6540, 6680"",1,0.0,-0.0013196302041774842,0.9969571907116644,""6540, 6680"",1,0.0,,1.0,3.8682245575221237"
"2018-11-28 12:00:00+00:00,-1.8816001396412056,,961.3373413085938,0.9604808688163756,20.47624,3.612032,13.14309,0.0,15.41296,0.0,3,3,1.0,1.0,1.0,1.0,0.6746000000000001,0.8928000000000003,1.0,68.12576219156881,0.0,-0.0023097296458918872,0.9913985811871376,""6540, 6680"",1,0.0,-0.00032515717715751833,0.9982410257040744,""6540, 6680"",1,0.0,,1.0,3.8555494100294987"
"2018-11-28 12:10:00+00:00,-1.8941881343062388,,961.3351440429688,1.2877421379089355,19.84186,3.397297,12.77438,0.0,14.86713,0.0,3,3,1.0,1.0,1.0,1.0,0.1242,-3.3024000000000004,1.0,68.11598578447482,0.0,-0.0028884820240299876,0.995961427845076,""6540, 6680"",1,0.0,-0.002547564157625524,0.9974328608494446,""6540, 6680"",1,0.0,,1.0,3.854627581120944"
"2018-11-28 12:20:00+00:00,,,961.3147583007812,2.3687005043029785,,,13.06914,0.0,15.30509,0.0,3,3,,1.0,1.0,1.0,0.47424999999999995,2.1003,1.0,69.0977061192224,0.0,-0.003234047308200743,0.9940867151956051,""6540, 6680"",1,0.0,-0.001482658153626977,0.998080550904225,""6540, 6680"",1,0.0,,1.0,3.861080383480826"
"2018-11-28 12:30:00+00:00,,,961.183349609375,3.0194692611694336,,,13.40925,0.0,14.41545,0.0,3,3,,1.0,1.0,1.0,0.8382,2.1837,1.0,69.00624135975373,0.0,-0.0027724666130252,0.9927505538058439,""6540, 6680"",1,0.0,-0.00027731630860305413,0.9967740430902837,""6540, 6680"",1,0.0,,1.0,3.9191556047197635"
"2018-11-28 12:40:00+00:00,,,961.2041015625,2.839881896972656,,,12.99422,0.0,13.86401,0.0,3,3,,1.0,1.0,1.0,0.17155,-3.9999,1.0,68.92760724867259,0.0,-0.0021872269235006193,0.9906414970062934,""6540, 6680"",1,0.0,-0.0021209446976824505,0.995595932621779,""6540, 6680"",1,0.0,,1.0,3.9613292772861355"
"2018-11-28 12:50:00+00:00,-1.9066314975043668,,961.3365478515624,3.629326820373535,20.3279,3.367914,12.45096,0.0,15.30156,0.0,3,3,1.0,1.0,1.0,1.0,0.5458999999999999,2.2460999999999998,1.0,68.11874646395692,0.0,-0.0028008123723472036,0.981763915496834,""6540, 6680"",1,0.0,-0.002246936007243831,0.9980752694028586,""6540, 6680"",1,0.0,,1.0,3.9846054572271385"
"2018-11-28 13:00:00+00:00,,,961.2960815429688,8.376161575317383,,,11.42021,0.0,14.33597,0.0,3,3,,1.0,1.0,1.0,0.72195,1.0563000000000002,1.0,68.0,0.0,-0.0035879053720613806,0.9388109926067858,""6540, 6680"",1,0.0,-0.0003654368330792683,0.9966589992175257,""6540, 6680"",1,0.0,,1.0,3.9564896755162238"
"2018-11-28 13:10:00+00:00,,,961.223876953125,14.491499900817873,,,11.94335,0.0,12.82251,0.0,3,3,,1.0,1.0,1.0,0.11610000000000001,-3.6351,1.0,68.0,0.0,-0.002324453912130216,0.9725586707918347,""6540, 6680"",1,0.0,-0.0018122609068707723,0.9879482311737536,""6540, 6680"",1,0.0,,1.0,3.9613292772861355"
"2018-11-28 13:20:00+00:00,-1.902062963686116,,961.2382202148438,19.17643928527832,20.65803,3.42146,11.82682,0.0,11.40149,0.0,3,3,1.0,1.0,1.0,1.0,0.41814999999999997,1.8122999999999996,1.0,68.0,0.0,0.013207051346941692,0.9670729877638118,""6540, 6680"",0,,-0.0023401285962360665,0.9556917074408693,""6540, 6680"",1,0.0,,1.0,4.02516592920354"
"2018-11-28 13:30:00+00:00,-1.8899756164065231,,961.4199829101562,21.543577194213867,20.57608,3.285267,11.23208,0.0,11.42307,0.0,3,3,1.0,1.0,1.0,1.0,0.68635,1.6092000000000004,1.0,68.0,0.0,-0.004968599924227086,0.9256766267548352,""6540, 6680"",0,,-0.00046377612323295785,0.9566931251468457,""6540, 6680"",1,0.0,,1.0,4.033923303834809"
"2018-11-28 13:40:00+00:00,,,961.3075561523438,23.08642196655273,,,12.58267,0.0,9.444877,0.0,3,3,,1.0,1.0,1.0,0.8633,1.0616999999999996,1.0,68.0,0.0,-0.004934666796428402,0.9832076306563079,""6540, 6680"",1,0.0,-0.0013921349223067123,0.6753306741593421,""6540, 6680"",1,0.0,,1.0,4.005346607669616"
"2018-11-28 13:50:00+00:00,,,961.2498168945312,21.30693817138672,,,10.27242,0.0,9.915252,0.0,3,3,,1.0,1.0,1.0,0.3295,-3.2028,1.0,68.0,0.0,0.00872368789300686,0.8031534396306256,""6540, 6680"",0,,-0.0026613658811987903,0.7642866793791677,""6540, 6680"",1,0.0,,1.0,4.056508112094395"
"2018-11-28 14:00:00+00:00,-1.891053778250724,,961.2021484375,22.862096786499023,20.18925,3.259529,11.55903,0.0,10.79395,0.0,3,3,1.0,1.0,1.0,1.0,0.21814999999999998,-0.6681000000000001,1.0,68.0,0.0,-0.004324404553669255,0.9484258994316298,""6540, 6680"",1,0.0,-0.000687593483343357,0.9174373221404287,""6540, 6680"",1,0.0,,1.0,4.071948746312684"
"2018-11-28 14:10:00+00:00,,,961.1351318359376,22.28059959411621,,,12.08809,0.0,10.0153,0.0,3,3,,1.0,1.0,1.0,0.42910000000000004,1.2657000000000003,1.0,68.0,0.0,-0.004920031849930926,0.9751687284223395,""6540, 6680"",1,0.0,-0.0008121224147517507,0.7816822172779367,""6540, 6680"",1,0.0,,1.0,4.134172197640118"
"2018-11-28 14:20:00+00:00,-1.8726906389980853,99.92666625976562,960.96923828125,38.28913497924805,19.74253,3.124101,9.996111,0.0,11.19919,0.0,3,3,1.0,1.0,1.0,1.0,0.6256999999999999,1.1795999999999993,1.0,68.0,0.0,-0.0053444634414300685,0.756218874973347,""6540, 6680"",0,,-0.002655460543748809,0.9460666659871158,""6540, 6680"",1,0.0,,1.0,4.110204646017699"
"2018-11-28 14:30:00+00:00,-1.8345524337249803,99.82416534423828,960.8781127929688,46.92694854736328,18.21007,2.668353,8.858926,0.0,10.83282,0.0,3,3,1.0,1.0,1.0,1.0,0.8503000000000001,1.3476000000000008,1.0,68.0,0.0,-0.0029621017269971894,0.549176516144096,""6540, 6680"",1,0.0,,,""6540, 6680"",0,,,1.0,4.086467551622419"
"2018-11-28 14:40:00+00:00,-1.8216225828654444,99.8241729736328,960.816650390625,50.011966705322266,18.11074,2.648533,9.77236,0.0,10.92573,0.0,3,3,1.0,1.0,1.0,1.0,0.34964999999999996,-3.0039000000000002,1.0,68.0,0.0,-0.004961329204280202,0.7167726537973661,""6540, 6680"",1,0.0,-0.0011584072578244094,0.9330939792095534,""6540, 6680"",0,,,1.0,4.158139749262537"
"2018-11-28 14:50:00+00:00,-1.8212079052330596,99.79338836669922,960.5415649414062,51.66745376586914,18.48202,2.745862,9.915908,0.0,10.2214,0.0,3,3,1.0,1.0,1.0,1.0,0.52835,1.0722,1.0,68.0,0.0,-0.006909182013534918,0.7423612859277225,""6540, 6680"",0,,-0.003064570310639172,0.8171506965160256,""6540, 6680"",0,,,1.0,4.171275811209439"
"2018-11-28 15:00:00+00:00,-1.8158251872829303,99.84710693359376,960.448974609375,43.48421096801758,19.00628,2.772287,9.577108,0.0,9.663156,0.0,3,3,1.0,1.0,1.0,1.0,0.48440000000000005,-0.2636999999999996,1.0,68.0,0.0,-0.0025359809689405486,0.6786569649889916,""6540, 6680"",1,0.0,-0.004807931388296732,0.7168784874820773,""6540, 6680"",0,,,1.0,4.247326696165191"
"2018-11-28 15:10:00+00:00,-1.8108682724626408,99.93719482421876,960.462158203125,32.73933410644531,18.74626,2.673851,9.898113,0.0,11.1813,0.0,3,3,1.0,1.0,1.0,1.0,0.4476,-0.22080000000000033,1.0,68.0,0.0,-0.003851134835219965,0.7392207905528179,""6540, 6680"",1,0.0,-0.002609199896091368,0.9450906624563574,""6540, 6680"",0,,,1.0,4.245943952802359"
"2018-11-28 15:20:00+00:00,-1.8113365547645777,,960.3577880859376,28.168968200683597,19.16428,2.77526,10.03445,0.0,11.26616,0.0,3,3,1.0,1.0,1.0,1.0,0.8577999999999999,2.4611999999999994,1.0,68.0,0.0,-0.005416703107880382,0.7622132905597723,""6540, 6680"",0,,-0.0025892506576165922,0.9490744907363459,""6540, 6680"",0,,,1.0,4.2941095132743365"
"2018-11-28 15:30:00+00:00,-1.804807910576663,99.92479705810548,960.2141723632812,42.556190490722656,17.80874,2.490481,9.729229,0.0,11.64192,0.0,3,3,1.0,1.0,1.0,1.0,0.27155,-3.5174999999999996,1.0,68.0,0.0,-0.0032717793162276103,0.7079884529762758,""6540, 6680"",1,0.0,-0.0034416040560094324,0.9667874096932322,""6540, 6680"",1,0.0,,1.0,4.341814159292035"
"2018-11-28 15:40:00+00:00,-1.779147456402908,99.76446533203124,960.1032104492188,59.14805221557617,17.32725,2.427365,10.34708,0.0,11.72787,0.0,3,3,1.0,1.0,1.0,1.0,0.20990000000000003,-0.3698999999999999,1.0,68.0,0.0,-0.002462650624717154,0.8149222825322141,""6540, 6680"",1,0.0,0.03789019700957508,0.9708142078318608,""6540, 6680"",0,,,1.0,4.354719764011799"
"2018-11-28 15:50:00+00:00,-1.7617218931630032,99.8175048828125,960.0421142578124,50.85126495361328,17.42114,2.489172,11.08496,0.0,11.44197,0.0,3,3,1.0,1.0,1.0,1.0,0.4897,1.6787999999999998,1.0,68.0,0.0,-0.005811088841135908,0.9150072958608758,""6540, 6680"",0,,-0.0023100404041569407,0.9572802179833053,""6540, 6680"",1,0.0,,1.0,4.356102507374631"
"2018-11-28 16:00:00+00:00,-1.76020477987379,99.88249969482422,959.820556640625,46.017066955566406,16.8227,2.413491,10.96311,0.0,11.6119,0.0,3,3,1.0,1.0,1.0,1.0,0.6889000000000001,1.1952000000000003,1.0,68.0,0.0,-0.0045666545774878525,0.9065034989445524,""6540, 6680"",1,0.0,-0.0031793833941948122,0.9652766497080276,""6540, 6680"",0,,,1.0,4.36140302359882"
"2018-11-28 16:10:00+00:00,-1.7512376289256792,99.86416625976562,959.7474975585938,47.888484954833984,17.34904,2.477165,,,,,3,3,1.0,,,1.0,0.8284499999999999,0.837299999999999,1.0,68.0,0.0,,,""6540, 6680"",0,,,,""6540, 6680"",0,,,1.0,4.392975663716814"
"2018-11-28 16:20:00+00:00,-1.738164158008098,99.86033630371094,959.8048095703124,49.945125579833984,17.40996,2.400014,,,,,3,3,1.0,,,0.0,0.04725,-4.687199999999999,1.0,68.0,0.0,,,""6540, 6680"",0,,,,""6540, 6680"",0,,,1.0,4.426391961651918"
"2018-11-28 16:30:00+00:00,-1.7373034490686845,99.89256286621094,959.9225463867188,46.19457626342773,17.61456,2.473851,,,,,3,3,1.0,,,1.0,0.13555,0.5298,1.0,68.0,0.0,,,""6540, 6680"",0,,,,""6540, 6680"",0,,,1.0,4.40035029498525"
"2018-11-28 16:40:00+00:00,-1.7427610112744143,99.95289611816406,959.8969116210938,40.83269500732422,17.61919,2.423029,,,,,3,3,1.0,,,1.0,0.22305000000000003,0.5250000000000001,1.0,68.0,0.0,,,""6540, 6680"",0,,,,""6540, 6680"",0,,,1.0,4.403346238938053"
"2018-11-28 16:50:00+00:00,-1.741273228842126,99.89834594726562,959.6699829101562,46.97151565551758,17.23464,2.370795,,,,,3,3,1.0,,,1.0,0.2838,0.3644999999999998,1.0,68.0,0.0,,,""6540, 6680"",0,,,,""6540, 6680"",0,,,1.0,4.453355457227138"
"2018-11-28 17:00:00+00:00,-1.74427407892819,99.8892593383789,959.6358032226562,51.69855117797852,17.762,2.467625,,,,,3,3,1.0,,,1.0,0.31189999999999996,0.16859999999999975,1.0,68.0,0.0,,,""6540, 6680"",0,,,,""6540, 6680"",0,,,1.0,4.490228613569322"
"2018-11-28 17:10:00+00:00,-1.743589355130325,99.856201171875,959.4007568359376,50.73183059692383,18.06099,2.621193,,,,,3,3,1.0,,,1.0,0.36395,0.31230000000000024,1.0,68.0,0.0,,,""6540, 6680"",0,,,,""6540, 6680"",0,,,1.0,4.509126106194691"
"2018-11-28 17:20:00+00:00,-1.7560165357867017,99.91083526611328,959.4344482421876,45.15439987182617,18.60546,2.77347,,,,,3,3,1.0,,,1.0,0.42524999999999996,0.3677999999999998,1.0,68.0,0.0,,,""6540, 6680"",0,,,,""6540, 6680"",0,,,1.0,4.5151179941002955"
"2018-11-28 17:30:00+00:00,-1.7559568626639923,99.9433364868164,959.4398803710938,39.68523406982422,17.69304,2.509964,,,,,3,3,1.0,,,1.0,0.5103,0.5103000000000001,1.0,68.0,0.0,,,""6540, 6680"",0,,,,""6540, 6680"",0,,,1.0,4.547842920353982"
"2018-11-28 17:40:00+00:00,-1.77459207089983,99.95999908447266,959.3973999023438,37.824100494384766,18.27127,2.662804,,,,,3,3,1.0,,,1.0,0.57395,0.3818999999999999,1.0,68.0,0.0,,,""6540, 6680"",0,,,,""6540, 6680"",0,,,1.0,4.574345501474926"
"2018-11-28 17:50:00+00:00,,99.94132232666016,959.2904663085938,40.28826904296875,,,,,,,3,3,,,,1.0,0.615,0.24630000000000019,1.0,68.0,0.0,,,""6540, 6680"",0,,,,""6540, 6680"",0,,,1.0,4.602230825958702"
"2018-11-28 18:00:00+00:00,-1.778771212307183,99.91570281982422,959.2509765625,40.85672378540039,17.96416,2.533556,9.259074,0.0,9.569403,0.0,3,3,1.0,1.0,1.0,1.0,0.6707000000000001,0.3342000000000005,1.0,68.0,0.0,-0.002590063839423947,0.6160703232675324,""6540, 6680"",1,0.0,-0.002531248185692764,0.6979036297346974,""6540, 6680"",1,0.0,,1.0,4.636108038348082"
"2018-11-28 18:10:00+00:00,-1.775452779839244,99.9611587524414,959.2662353515624,36.17154693603516,19.08703,2.781277,10.59708,0.0,9.703216,0.0,3,3,1.0,1.0,1.0,1.0,0.7262,0.3329999999999993,1.0,68.0,0.0,-0.0038480991270483994,0.856583916986162,""6540, 6680"",1,0.0,-0.005137200704435023,0.7236636089430312,""6540, 6680"",0,,,1.0,4.621358775811209"
"2018-11-28 18:20:00+00:00,-1.7804430711518964,99.96363830566406,959.0457763671876,37.16665649414063,19.5965,2.947874,11.07232,0.0,10.60212,0.0,3,3,1.0,1.0,1.0,1.0,0.7933,0.4026000000000003,1.0,68.0,0.0,-0.004633554132973276,0.9139085832664765,""6540, 6680"",1,0.0,-0.0015946032361286442,0.8824168691648498,""6540, 6680"",1,0.0,,1.0,4.674363938053097"
"2018-11-28 18:30:00+00:00,,,,,,,,,,,3,3,,,,1.0,0.8525,0.3552000000000002,1.0,68.0,0.0,,,""6540, 6680"",0,,,,""6540, 6680"",0,,,1.0,4.712850294985251"
"2018-11-28 18:40:00+00:00,-1.7980213571295818,,959.1702270507812,25.3667049407959,18.51907,2.627193,10.81765,0.0,9.956714,0.0,3,3,1.0,1.0,1.0,1.0,0.9046,0.31259999999999954,1.0,68.0,0.0,-0.002553729080572361,0.8939067235131081,""6540, 6680"",1,0.0,-0.005125914317805592,0.770079833359844,""6540, 6680"",0,,,1.0,4.749723451327434"
"2018-11-28 18:50:00+00:00,-1.8067043021881797,,959.175048828125,19.610366821289062,20.20778,3.018481,10.30421,0.0,9.140157,0.0,3,3,1.0,1.0,1.0,1.0,0.9406000000000001,0.21600000000000086,1.0,68.0,0.0,-0.004760454689584127,0.8070852638765583,""6540, 6680"",1,0.0,-0.0019898551847876574,0.6150586062757494,""6540, 6680"",1,0.0,,1.0,4.757558997050148"
"2018-11-28 19:00:00+00:00,,,959.0916748046876,19.592300415039062,,,11.6239,0.0,8.880583,0.0,3,3,,1.0,1.0,1.0,0.97015,0.17729999999999912,1.0,68.0,0.0,-0.004380544802037681,0.9522691044280893,""6540, 6680"",1,0.0,-0.0015907017777605757,0.5649971232487642,""6540, 6680"",1,0.0,,1.0,4.756637168141593"
"2018-11-28 19:10:00+00:00,,,959.0792846679688,19.828933715820312,,,9.955648,0.0,8.458563,0.0,3,3,,1.0,1.0,1.0,0.8004,-1.0184999999999997,1.0,68.0,0.0,-0.003829408040860804,0.7481738961878757,""6540, 6680"",0,,-0.0034144008450391816,0.49047340719672033,""6540, 6680"",1,0.0,,1.0,4.748801622418879"
"2018-11-28 19:20:00+00:00,-1.8127737667538928,,959.2179565429688,21.169151306152344,18.93763,2.702054,10.51018,0.0,8.804046,0.0,3,3,1.0,1.0,1.0,0.0,0.0027,-4.7862,1.0,68.0,0.0,-0.003249567776191525,0.8419720084454978,""6540, 6680"",1,0.0,-0.004192504417605517,0.5502739975646667,""6540, 6680"",0,,,1.0,4.732669616519174"
"2018-11-28 19:30:00+00:00,-1.817212840238131,,959.2354125976562,15.791597366333008,19.44122,2.779055,10.89066,0.0,9.192511,0.0,3,3,1.0,1.0,1.0,0.0,0.048799999999999996,0.27659999999999996,1.0,68.0,0.0,-0.005049018394656298,0.9013475625622299,""6540, 6680"",1,0.0,-0.0016306848060793995,0.625268907143062,""6540, 6680"",1,0.0,,1.0,4.718842182890855"
"2018-11-28 19:40:00+00:00,-1.8242755083038489,,959.4578857421876,10.194875717163086,18.21977,2.492609,12.01482,0.0,10.1135,0.0,3,3,1.0,1.0,1.0,1.0,0.1767,0.7674000000000001,1.0,67.99987938729372,0.0,-0.004957765253578744,0.9002315934804062,""6540, 6680"",1,0.0,-0.0027168462334609613,0.7975549472580153,""6540, 6680"",1,0.0,,1.0,4.72483407079646"
"2018-11-28 19:50:00+00:00,-1.8344229733909676,,959.2871704101562,6.2715559005737305,18.64418,2.554825,11.54298,0.0,9.905944,0.0,3,3,1.0,1.0,1.0,1.0,0.24620000000000003,0.4170000000000002,1.0,67.9276154808429,0.0,-0.0026599042008562785,0.9467154114511676,""6540, 6680"",1,0.0,-0.004968635745164825,0.7613984673412137,""6540, 6680"",0,,,1.0,4.771616887905604"
"2018-11-28 20:00:00+00:00,-1.8487920590575369,,959.2850341796876,3.933128118515015,18.38399,2.528596,11.25598,0.0,8.055245,0.0,3,3,1.0,1.0,1.0,1.0,0.35035,0.6248999999999998,1.0,67.91727155307291,0.0,-0.004916368810141959,0.9267836129203563,""6540, 6680"",0,,-0.001535872947878954,0.422224069208416,""6540, 6680"",1,0.0,,1.0,4.754793510324484"
"2018-11-28 20:10:00+00:00,-1.855036497355939,,959.2557373046876,4.007723808288574,19.0333,2.607797,12.21222,0.0,11.00267,0.0,3,3,1.0,1.0,1.0,1.0,0.42705000000000004,0.4602000000000003,1.0,67.90347811802033,0.0,-0.004883373539622237,0.9772677108073177,""6540, 6680"",1,0.0,-0.0025077719804717275,0.9364724642110331,""6540, 6680"",1,0.0,,1.0,4.756637168141593"
"2018-11-28 20:20:00+00:00,-1.8605365387337676,,959.0252685546876,2.8141884803771973,20.09271,2.826526,12.51,0.0,8.26139,0.0,3,3,1.0,1.0,1.0,1.0,0.49955,0.4349999999999997,1.0,67.88416409309234,0.0,-0.0027213820015511863,0.9826479594259299,""6540, 6680"",1,0.0,-0.003298679910055021,0.45708299467069013,""6540, 6680"",1,0.0,,1.0,4.771386430678466"
"2018-11-28 20:30:00+00:00,-1.859727411646187,,959.2532348632812,0.6852283477783203,19.95963,2.717822,10.27285,0.0,8.829753,0.0,3,3,1.0,1.0,1.0,1.0,0.55415,0.3276000000000002,1.0,67.85518501364216,0.0,-0.002891942466177592,0.8019685879109866,""6540, 6680"",1,0.0,-0.0031816522086538924,0.5553571863225042,""6540, 6680"",0,,,1.0,4.776686946902656"
"2018-11-28 20:40:00+00:00,-1.867481883371786,,959.1015625,0.283023327589035,18.99363,2.540937,12.12338,0.0,9.652673,0.0,3,3,1.0,1.0,1.0,1.0,0.6099,0.3344999999999998,1.0,67.80685974749046,0.0,-0.007242366511647293,0.9745708621951096,""6540, 6680"",0,,-0.001858899186297161,0.7141608825417615,""6540, 6680"",1,0.0,,1.0,4.766777286135693"
"2018-11-28 20:50:00+00:00,-1.897030193201365,,959.02490234375,0.0699567347764968,19.77676,2.670359,11.89937,0.0,8.964175,0.0,3,3,1.0,1.0,1.0,1.0,0.6721,0.3732000000000002,1.0,67.71004839340085,0.0,-0.004010390770144579,0.9714694430448563,""6540, 6680"",1,0.0,-0.0034844686926864994,0.581238274703416,""6540, 6680"",1,0.0,,1.0,4.724142699115044"
"2018-11-28 21:00:00+00:00,,,959.0661010742188,0.0072712148539721,,,9.476804,0.0,8.600224,0.0,3,3,,1.0,1.0,1.0,0.7352000000000001,0.37860000000000027,1.0,67.43062528491664,0.0,-0.002362502028302449,0.6584565744924046,""6540, 6680"",1,0.0,-0.0017002788404139077,0.5146161742868287,""6540, 6680"",1,0.0,,1.0,4.7557153392330385"
"2018-11-28 21:10:00+00:00,,,959.0933837890624,-0.0030615641735494,,,9.162347,0.0,8.776648,0.0,3,3,,1.0,1.0,1.0,0.7751,0.2393999999999996,1.0,73.16881433050412,1.0,-0.004211522079095608,0.5974761319662633,""6540, 6680"",1,0.0,-0.0031054836366234758,0.5451251730882728,""6540, 6680"",0,,,1.0,4.780604719764012"
"2018-11-28 21:20:00+00:00,-1.90757109633482,,958.9389038085938,-0.0039800330996513,18.92337,2.467282,9.910823,0.0,9.504996,0.0,3,3,1.0,1.0,1.0,1.0,0.8356,0.363,1.0,73.17259784466971,1.0,-0.004548915769995714,0.7407396323093708,""6540, 6680"",1,0.0,-0.00331375703579042,0.685628487497262,""6540, 6680"",1,0.0,,1.0,4.815173303834809"
"2018-11-28 21:30:00+00:00,-1.9254588734235047,,958.9574584960938,-0.0036738768685609,18.3803,2.406263,8.990839,0.0,9.402232,0.0,3,3,1.0,1.0,1.0,1.0,0.9238,0.5291999999999997,1.0,75.43893512190304,1.0,-0.004883791295493522,0.5641787300684299,""6540, 6680"",0,,-0.0022189649721471275,0.6658070099204736,""6540, 6680"",1,0.0,,1.0,4.826235250737463"
"2018-11-28 21:40:00+00:00,-1.9626301718269517,,958.825927734375,-0.0042861895635724,18.87165,2.560118,10.25058,0.0,10.15169,0.0,3,3,1.0,1.0,1.0,1.0,0.25905,-3.9884999999999997,1.0,75.43893512190304,1.0,-0.002812374859321408,0.7981823250626947,""6540, 6680"",1,0.0,-0.0015197980694654511,0.8041920341435668,""6540, 6680"",1,0.0,,1.0,4.8598820058997045"
"2018-11-28 21:50:00+00:00,-1.9964537069055337,,958.4800415039062,-0.0040633333846926,17.36337,2.277209,9.458382,0.0,11.45627,0.0,3,3,1.0,1.0,1.0,1.0,0.11750000000000001,-0.8493,1.0,75.44094762943793,1.0,-0.004512754300745522,0.6548115171336025,""6540, 6680"",1,0.0,-0.0024667365376542256,0.9578445799646395,""6540, 6680"",1,0.0,,1.0,4.920722713864306"
"2018-11-28 22:00:00+00:00,-2.030268139304381,,958.7437133789062,-0.007283333223313,16.54005,2.109099,8.65515,0.0,9.310393,0.0,3,3,1.0,1.0,1.0,1.0,0.2213,0.6227999999999999,1.0,76.64644618115767,1.0,-0.0038955362831673973,0.5019475169015317,""6540, 6680"",1,0.0,-0.0009549488672396031,0.6482503078917637,""6540, 6680"",0,,,1.0,4.956443584070796"
"2018-11-28 22:10:00+00:00,-2.070817543298476,,958.8291015625,-0.0065166666172444,17.10508,2.256665,9.251312,0.0,9.37921,0.0,3,3,1.0,1.0,1.0,1.0,0.35409999999999997,0.7967999999999998,1.0,76.64644618115767,1.0,-0.0022411993073254096,0.6614046482043495,""6540, 6680"",1,0.0,-0.0014636167665807213,0.6616009588060155,""6540, 6680"",1,0.0,,1.0,4.974880162241888"
"2018-11-28 22:20:00+00:00,-2.097690676694742,,958.8452758789062,-0.0040565724484622,16.78168,2.156147,9.525334,0.0,9.78591,0.0,3,3,1.0,1.0,1.0,1.0,0.49345,0.8361000000000002,1.0,79.72157434539288,1.0,-0.005290450584597703,0.6681962268122404,""6540, 6680"",0,,-0.002008466720581055,0.7401519403523481,""6540, 6680"",1,0.0,,1.0,5.0"
"2018-11-28 22:30:00+00:00,-2.1614428113340662,,958.9995727539062,-0.0040565724484622,17.40207,2.440022,9.776737,0.0,9.236242,0.0,3,3,1.0,1.0,1.0,1.0,0.61335,0.7193999999999997,1.0,79.71886416857923,0.0,-0.004592184206334556,0.7787494585725317,""6540, 6680"",1,1.0,-0.003324353055256169,0.6991868226934411,""6540, 6680"",1,1.0,,1.0,5.03733407079646"
"2018-11-28 22:40:00+00:00,-2.190932459449796,,959.478271484375,-0.0036738768685609,12.95592,2.153561,9.764874,0.0,9.313292,0.0,3,3,1.0,1.0,1.0,1.0,0.7002499999999999,0.5213999999999999,1.0,78.09545945226319,0.0,-0.0031130711625262006,0.7770066240849521,""6540, 6680"",1,1.0,-0.00363694074677258,0.714965112143302,""6540, 6680"",0,,,1.0,5.053466076696165"
"2018-11-28 22:50:00+00:00,-2.220304784137826,,959.4382934570312,-0.0043627289123833,16.31506,2.045048,9.308662,0.0,9.004473,0.0,3,3,1.0,1.0,1.0,1.0,0.7643,0.3843000000000003,1.0,78.09640935581965,1.0,-0.00270305005515494,0.6313169438155775,""6540, 6680"",1,0.0,-0.0015739323453205388,0.5943262658815589,""6540, 6680"",1,0.0,,1.0,5.088726032448378"
"2018-11-28 23:00:00+00:00,-2.2569916176975835,,959.2578125,-0.0053577371872961,16.22155,1.955695,9.489933,0.0,9.609863,0.0,3,3,1.0,1.0,1.0,1.0,0.8321,0.40679999999999983,1.0,78.6654046722313,1.0,-0.00453395285257479,0.6617578084617032,""6540, 6680"",1,0.0,-0.003320734210130645,0.7066139826962445,""6540, 6680"",1,0.0,,1.0,5.0686762536873164"
"2018-11-28 23:10:00+00:00,-2.2941467335592782,99.94710540771484,959.2261962890624,-0.0042096506804227,15.74108,1.772502,10.21348,0.0,10.17314,0.0,3,3,1.0,1.0,1.0,1.0,0.8996000000000001,0.4050000000000007,1.0,78.6654046722313,1.0,-0.0062766954375476375,0.7927445452189379,""6540, 6680"",0,,-0.0021508235466189502,0.8087848712420845,""6540, 6680"",1,0.0,,1.0,5.057153392330383"
"2018-11-28 23:20:00+00:00,-2.324934019241715,99.91667175292967,959.283447265625,-0.0036800000816583,15.87553,1.887248,9.344499,0.0,10.80136,0.0,3,3,1.0,1.0,1.0,1.0,0.96265,0.37829999999999964,1.0,79.44787183862839,1.0,-0.0028363834939351897,0.6337940803980722,""6540, 6680"",1,0.0,0.00795792463349133,0.9183819725379113,""6540, 6680"",1,0.0,,1.0,5.051161504424778"
"2018-11-28 23:30:00+00:00,-2.3791455341096066,99.88833618164062,959.305908203125,-0.0048299999907612,16.3526,2.130128,9.804661,0.0,9.668659,0.0,3,3,1.0,1.0,1.0,1.0,0.2021,-4.5633,1.0,79.44804894106983,1.0,-0.0032143543987739375,0.723214230652285,""6540, 6680"",1,0.0,0.0034832917190179592,0.7183216364611187,""6540, 6680"",0,,,1.0,5.031342182890855"
"2018-11-28 23:40:00+00:00,-2.4187169057365883,99.83917236328124,959.3532104492188,-0.0042933332733809,16.84307,2.406676,10.14013,0.0,10.10363,0.0,3,3,1.0,1.0,1.0,0.0,0.0573,-0.8688,1.0,79.55413281184283,1.0,-0.004531921758884337,0.785537964198004,""6540, 6680"",1,0.0,-0.002519377731695408,0.8020127084540895,""6540, 6680"",1,0.0,,1.0,5.0677544247787605"
"2018-11-28 23:50:00+00:00,-2.4875513698947773,99.7843017578125,959.320068359375,-0.0035973377525806,15.7055,2.496818,10.20987,0.0,10.66882,0.0,3,3,1.0,1.0,1.0,1.0,0.1349,0.4656,1.0,79.55395570940141,0.0,-0.0039591607814881856,0.8556095068493162,""6540, 6680"",1,1.0,-0.0014547770197798566,0.9394593346115933,""6540, 6680"",1,1.0,,1.0,5.109467182890855"
"2018-11-29 00:00:00+00:00,-2.546998948428173,99.74049377441406,959.2504272460938,-0.0042861895635724,16.66265,2.219318,10.4017,0.0,11.05793,0.0,3,3,1.0,1.0,1.0,1.0,0.21775000000000003,0.4971000000000002,1.0,79.44787183862832,0.0,-0.004227921555681927,0.8296004269156424,""6540, 6680"",0,,-0.002700207175278082,0.9408070600809324,""6540, 6680"",1,0.0,,1.0,5.163394174041298"
"2018-11-29 00:10:00+00:00,-2.572784817300504,99.71735382080078,958.869873046875,-0.0029850250575691,18.68476,2.610539,10.17241,0.0,11.52902,0.0,3,3,1.0,1.0,1.0,1.0,0.3185,0.6044999999999998,1.0,79.44787183862832,0.0,-0.0041936385922315645,0.7861920838524451,""6540, 6680"",1,0.0,-0.0006704621780209424,0.9616857355959775,""6540, 6680"",0,,,1.0,5.185287610619469"
"2018-11-29 00:20:00+00:00,-2.6170117039076515,99.6834716796875,958.8446655273438,-0.0028319468256086,17.89819,2.374928,9.138014,0.0,9.203876,0.0,3,3,1.0,1.0,1.0,1.0,0.3967,0.46919999999999995,1.0,79.45326535882182,1.0,-0.004953595138177639,0.5940986342034853,""6540, 6680"",1,0.0,-0.0014686467007892887,0.6289020009110396,""6540, 6680"",1,0.0,,1.0,5.190357669616519"
"2018-11-29 00:30:00+00:00,-2.690050594694681,99.60165405273438,958.76025390625,-0.0035973377525806,18.59175,2.225535,8.673841,0.0,7.630185,0.0,3,3,1.0,1.0,1.0,1.0,0.4768,0.4806,1.0,82.68400147743091,1.0,-0.002777433627989234,0.5060381550448527,""6540, 6680"",1,0.0,-0.0023587836288824315,0.3542270654883085,""6540, 6680"",1,0.0,,1.0,5.205798303834809"
"2018-11-29 00:40:00+00:00,-2.796816936718642,99.5223159790039,958.5938110351562,-0.0044392677955329,17.87923,2.070582,9.561531,0.0,9.063001,0.0,3,3,1.0,1.0,1.0,1.0,0.55255,0.4544999999999999,1.0,82.68400147743091,0.0,-0.0029156466228205985,0.6766547142815021,""6540, 6680"",1,0.0,-0.0033380792199111564,0.6020011384986685,""6540, 6680"",1,0.0,,1.0,5.226308997050148"
"2018-11-29 00:50:00+00:00,-2.859261319702664,99.47916412353516,958.6250610351562,-0.0036800000816583,17.97269,2.011559,9.641611,0.0,8.86637,0.0,3,3,1.0,1.0,1.0,1.0,0.64835,0.5748,1.0,82.68400147743091,0.0,-0.005794387445217226,0.6923231000869718,""6540, 6680"",1,0.0,-0.001338246275738972,0.5641332974466987,""6540, 6680"",1,0.0,,1.0,5.2173211651917395"
"2018-11-29 01:00:00+00:00,-2.8694512639618805,99.4808349609375,958.8522338867188,-0.0036800000816583,18.35058,2.18005,7.932361,0.0,9.275384,0.0,3,3,1.0,1.0,1.0,1.0,0.7647999999999999,0.6986999999999997,1.0,82.68925213222381,1.0,-0.004323083365835795,0.38673328153797926,""6540, 6680"",0,,-0.0037815733653743092,0.6432378923069281,""6540, 6680"",0,,,1.0,5.228152654867257"
"2018-11-29 01:10:00+00:00,-2.898815497379035,99.42749786376952,958.8222045898438,-0.0037566667888313,19.38883,2.36322,8.393476,0.0,8.576656,0.0,3,3,1.0,1.0,1.0,1.0,0.8778,0.6780000000000006,1.0,85.83963037894985,1.0,-0.002470683586306688,0.4611917397450015,""6540, 6680"",1,0.0,-0.0035147692517536445,0.5122737658726089,""6540, 6680"",1,0.0,,1.0,5.271017699115044"
"2018-11-29 01:20:00+00:00,-2.959260325047874,99.38347625732422,958.764404296875,-0.0029084859415888,19.19266,2.413449,8.97376,0.0,9.18693,0.0,3,3,1.0,1.0,1.0,1.0,0.54045,-2.0241000000000002,1.0,85.84370910184361,1.0,-0.00392585335708246,0.562993137568985,""6540, 6680"",1,0.0,-0.001764080233690215,0.6264329060376879,""6540, 6680"",1,0.0,,1.0,5.28691924778761"
"2018-11-29 01:30:00+00:00,-2.996398246958958,99.35537719726562,958.8073120117188,-0.0046688853763043,20.79922,2.660356,8.77432,0.0,10.20813,0.0,3,3,1.0,1.0,1.0,0.0,0.006500000000000001,-3.2037000000000004,1.0,88.28712112671087,1.0,-0.004673463774890434,0.5242346006591698,""6540, 6680"",1,0.0,-0.0015971845533789659,0.8161946387102769,""6540, 6680"",1,0.0,,1.0,5.324944690265487"
"2018-11-29 01:40:00+00:00,-3.019786065425471,99.32231903076172,958.870361328125,-0.0039800330996513,20.68871,2.638449,9.201349,0.0,11.34277,0.0,3,3,1.0,1.0,1.0,0.0,0.05635,0.2991,1.0,88.45208693764044,1.0,-0.002758390380115044,0.607162354493191,""6540, 6680"",1,0.0,-0.0033442541448081412,0.9531544783089748,""6540, 6680"",1,0.0,,1.0,5.365505162241888"
"2018-11-29 01:50:00+00:00,-3.061145607916006,99.2892608642578,958.5472412109376,-0.0048985024914145,18.7548,2.220725,9.060856,0.0,9.471098,0.0,3,3,1.0,1.0,1.0,1.0,0.12965,0.43979999999999997,1.0,90.99167756510315,1.0,-0.003261762246852968,0.5799386000901607,""6540, 6680"",0,,-0.004490831886849752,0.6813545063268585,""6540, 6680"",0,,,1.0,5.40422197640118"
"2018-11-29 02:00:00+00:00,-3.1283830574850837,99.23471069335938,958.3624877929688,-0.0045923460274934,18.65874,2.204859,11.35861,0.0,9.212526,0.0,3,3,1.0,1.0,1.0,1.0,0.19165000000000001,0.37200000000000016,1.0,90.99167756510315,0.0,-0.003326463234133837,0.9348844607987777,""6540, 6680"",1,0.0,-0.00157581247934481,0.6314083797017922,""6540, 6680"",1,0.0,,1.0,5.408600663716814"
"2018-11-29 02:10:00+00:00,-3.181511353464476,99.1933822631836,958.2021484375,-0.0034442595206201,19.56967,2.223787,11.03949,0.0,9.540188,0.0,3,3,1.0,1.0,1.0,1.0,0.26349999999999996,0.43109999999999965,1.0,90.99167756510315,0.0,-0.002594708000741354,0.9126642297773685,""6540, 6680"",1,0.0,-0.0029832186350008338,0.6946794175896585,""6540, 6680"",1,0.0,,1.0,5.460453539823009"
"2018-11-29 02:20:00+00:00,-3.182472191880977,99.19332885742188,958.2404174804688,-0.0047533335164189,20.54185,2.448564,11.60894,0.0,10.33368,0.0,3,3,1.0,1.0,1.0,1.0,0.3513,0.5268000000000003,1.0,88.02925043306489,0.0,-0.0019219269403597198,0.9522681686995328,""6540, 6680"",1,0.0,-0.0027524022358219797,0.8380479868061365,""6540, 6680"",1,0.0,,1.0,5.486495206489676"
"2018-11-29 02:30:00+00:00,-3.18806123723844,99.18499755859376,958.0952758789062,-0.003066666657105,20.77093,2.473458,11.90476,0.0,11.64074,0.0,3,3,1.0,1.0,1.0,1.0,0.45030000000000003,0.5940000000000002,1.0,88.02694273458553,0.0,-0.0023482762313470607,0.97194431763206,""6540, 6680"",1,0.0,-0.001423057346809201,0.9672163802044393,""6540, 6680"",1,0.0,,1.0,5.5365044247787605"
"2018-11-29 02:40:00+00:00,-3.191003425610654,99.18499755859376,957.98486328125,-0.003066666657105,20.75567,2.376704,10.18945,0.0,13.11264,0.0,3,3,1.0,1.0,1.0,1.0,0.5474,0.5825999999999998,1.0,86.64463775178615,0.0,-0.003036803966615258,0.7897759377004753,""6540, 6680"",1,0.0,0.020643504072980184,0.990289098934725,""6540, 6680"",1,0.0,,1.0,5.544800884955753"
"2018-11-29 02:50:00+00:00,-3.174431491448147,99.19255828857422,957.9883422851562,-0.0019134775502607,20.90362,2.428613,9.896128,0.0,10.40411,0.0,3,3,1.0,1.0,1.0,1.0,0.64055,0.5588999999999997,1.0,86.6413372062866,0.0,-0.0023492792176037303,0.7401251437333389,""6540, 6680"",1,0.0,0.030863945193407013,0.8501863831593085,""6540, 6680"",0,,,1.0,5.567616150442477"
"2018-11-29 03:00:00+00:00,-3.167209020782632,99.20413208007812,957.7669677734376,-0.0042096506804227,21.54157,2.498932,10.17876,0.0,10.1353,0.0,3,3,1.0,1.0,1.0,1.0,0.75325,0.6762000000000001,1.0,84.6643196146083,0.0,-0.0015262822407047924,0.7878457533408683,""6540, 6680"",1,0.0,-0.0015118609405145413,0.8031917868169344,""6540, 6680"",1,0.0,,1.0,5.588587758112094"
"2018-11-29 03:10:00+00:00,-3.150241625756069,99.22479248046876,957.6452026367188,-0.0030615641735494,22.0302,2.50922,11.3382,0.0,10.37484,0.0,3,3,1.0,1.0,1.0,1.0,0.9147500000000001,0.9690000000000005,1.0,84.6643196146083,0.0,-0.0029449565236161395,0.9332661036803568,""6540, 6680"",1,0.0,-0.001920992804736626,0.8448557241663691,""6540, 6680"",1,0.0,,1.0,5.586744100294985"
"2018-11-29 03:20:00+00:00,-3.1420077462310787,99.22644805908205,957.5789794921876,-0.0040565724484622,22.31446,2.638484,9.83427,0.0,11.23208,0.0,3,3,1.0,1.0,1.0,1.0,0.15414999999999998,-4.5636,1.0,84.6643196146083,0.0,-0.0038210764163877906,0.7293922542558747,""6540, 6680"",1,0.0,-0.003310926949105612,0.9477973686959636,""6540, 6680"",1,0.0,,1.0,5.666712758112094"
"2018-11-29 03:30:00+00:00,-3.1236435955695807,99.22479248046876,957.5797119140624,-0.0032911812886595,21.01642,2.299459,12.79063,0.0,9.516504,0.0,3,3,1.0,1.0,1.0,0.0,0.067,-0.5228999999999999,1.0,84.6643196146083,0.0,-0.0014697809917170828,0.9879576195724482,""6540, 6680"",1,0.0,-0.001884817379276927,0.6895230643852569,""6540, 6680"",1,0.0,,1.0,5.670630530973452"
"2018-11-29 03:40:00+00:00,-3.1055555595267195,99.25867462158205,957.4521484375,-0.003138103056699,20.6977,2.220282,13.04544,0.0,10.29603,0.0,3,3,1.0,1.0,1.0,1.0,0.1665,0.597,1.0,84.6667829485665,1.0,-0.00217132824223216,0.9909107634629503,""6540, 6680"",1,0.0,-0.0033030872810177686,0.830977266300527,""6540, 6680"",0,,,1.0,5.683536135693215"
"2018-11-29 03:50:00+00:00,-3.0860525624894515,99.26166534423828,957.4100952148438,-0.0049066664651036,22.58274,2.545035,13.83,0.0,9.429343,0.0,3,4,1.0,1.0,1.0,1.0,0.2888,0.7338,1.0,86.14231315113611,1.0,-0.003738671046931569,0.9948971035344031,""6540, 6680"",1,0.0,-0.003324314443076529,0.672567882371472,""6540, 6680, 6690"",1,0.0,,1.0,5.651502581120944"
"2018-11-29 04:00:00+00:00,-3.073030673423704,99.27083587646484,957.3927612304688,-0.0046000001020729,22.03356,2.507814,12.38608,0.0,9.695816,0.0,3,4,1.0,1.0,1.0,1.0,0.40625,0.7047,1.0,86.13970491518036,0.0,-0.0024674350459401202,0.9805949402761132,""6540, 6680"",1,0.0,-0.0020092715286627047,0.7239495832867322,""6540, 6680, 6690"",1,0.0,,1.0,5.643436578171092"
"2018-11-29 04:10:00+00:00,,99.28833770751952,957.3119506835938,-0.0029133332427591,,,11.11639,0.0,11.0976,0.0,3,4,,1.0,1.0,1.0,0.5191,0.6771,1.0,84.577378818342,0.0,-0.0016447698779222442,0.9176478238502496,""6540, 6680"",1,0.0,,,""6540, 6680, 6690"",0,,,1.0,5.6353705752212395"
"2018-11-29 04:20:00+00:00,-3.0542245370906147,99.29090881347656,957.3292846679688,-0.0030615641735494,22.53077,2.570124,9.737879,0.0,12.17199,0.0,3,4,1.0,1.0,1.0,1.0,0.63495,0.6951,1.0,84.577378818342,0.0,-0.0037707838198033773,0.7105101074636492,""6540, 6680"",1,0.0,-0.0033568600910465892,0.9809410338134811,""6540, 6680, 6690"",1,0.0,,1.0,5.632374631268436"
"2018-11-29 04:30:00+00:00,-3.0418954630936077,99.29752349853516,957.1493530273438,-0.005051580723375,22.06087,2.496787,11.16996,0.0,13.21662,0.0,3,4,1.0,1.0,1.0,1.0,0.7274999999999999,0.5552999999999995,1.0,84.577378818342,0.0,-0.0029184674053657346,0.9213149507725878,""6540, 6680"",1,0.0,-0.001886419901033727,0.9909868161468217,""6540, 6680, 6690"",0,,,1.0,5.718796091445428"
"2018-11-29 04:40:00+00:00,-3.05635557555753,99.27851104736328,957.2138061523438,-0.0025257903616875,24.26297,2.849846,12.5504,0.0,12.97368,0.0,3,4,1.0,1.0,1.0,1.0,0.79585,0.41010000000000013,1.0,84.57840923254673,0.0,-0.0016838758747752122,0.9835360801202365,""6540, 6680"",1,0.0,-0.0012807657660507574,0.9892570518150039,""6540, 6680, 6690"",1,0.0,,1.0,5.769957595870206"
"2018-11-29 04:50:00+00:00,-3.0641383667311946,99.26859283447266,956.9013061523438,-0.0039034942165017,23.48325,2.734218,12.68536,0.0,13.52211,0.0,4,4,1.0,1.0,1.0,1.0,0.8587999999999999,0.3776999999999997,1.0,85.19130966452562,0.0,-0.0022409164614793733,0.9859753032667729,""6540, 6680, 6690"",0,,-0.0026858255339831843,0.993149130660614,""6540, 6680, 6690"",1,0.0,,1.0,5.816509955752212"
"2018-11-29 05:00:00+00:00,-3.073039776103439,99.25950622558594,956.74755859375,-0.0044392677955329,22.92734,2.487183,11.31734,0.0,11.7956,0.0,4,4,1.0,1.0,1.0,1.0,0.82025,-0.23129999999999917,1.0,82.60676907030422,0.0,-0.006402436233148342,0.9315040557573177,""6540, 6680, 6690"",0,,-0.0029272600499595084,0.9742120877434911,""6540, 6680, 6690"",1,0.0,,1.0,5.845317109144543"
"2018-11-29 05:10:00+00:00,-3.125750360223868,99.2249984741211,956.6431884765624,-0.003143333364278,22.24127,2.291603,12.87286,0.0,11.86435,0.0,4,4,1.0,1.0,1.0,0.0,0.0,-4.9215,1.0,82.63574933572635,0.0,0.01704003310785061,0.9893899897841679,""6540, 6680, 6690"",0,,-0.0014853143692016605,0.9774923397215117,""6540, 6680, 6690"",1,0.0,,1.0,5.84232116519174"
"2018-11-29 05:20:00+00:00,-3.1786804200668035,99.19249725341795,956.6671752929688,-0.003296666778624,23.61404,2.518568,12.99151,0.0,10.24875,0.0,4,4,1.0,1.0,1.0,0.0,0.0012000000000000001,0.007200000000000001,1.0,82.66358649638353,0.0,-0.0026829917256425066,0.9906217016493545,""6540, 6680, 6690"",1,0.0,-0.0023351469272520483,0.822338281109279,""6540, 6680, 6690"",1,0.0,,1.0,5.858453171091446"
"2018-11-29 05:30:00+00:00,-3.2662522447556377,99.12166595458984,956.6071166992188,-0.0037566667888313,23.3091,2.483688,12.06065,0.0,11.3446,0.0,4,4,1.0,1.0,1.0,0.0,0.01335,0.0729,1.0,82.00563785450683,0.0,-0.006439335520674543,0.9746894069755113,""6540, 6680, 6690"",0,,0.013113468449290204,0.9530211364115484,""6540, 6680, 6690"",0,,,1.0,5.872280604719764"
"2018-11-29 05:40:00+00:00,-3.37669809221037,99.02666473388672,956.4111938476562,-0.0034499999601393,22.90336,2.365564,12.15378,0.0,11.18384,0.0,4,4,1.0,1.0,1.0,0.0,0.028500000000000004,0.09090000000000002,1.0,80.71334342872687,0.0,0.018113978316144246,0.9764002141155388,""6540, 6680, 6690"",1,0.0,-0.0002720970060767197,0.9454809655576535,""6540, 6680, 6690"",1,0.0,,1.0,5.862601401179941"
"2018-11-29 05:50:00+00:00,-3.459464713407836,98.95785522460938,956.5029907226562,-0.0044392677955329,21.79048,2.143125,13.98313,0.0,11.49293,0.0,4,4,1.0,1.0,1.0,0.0,0.038,0.05699999999999997,1.0,80.71072445928982,0.0,0.03257578035680259,0.9954861880543531,""6540, 6680, 6690"",0,,-0.0006595288834920744,0.9601249827332907,""6540, 6680, 6690"",1,0.0,,1.0,5.872050147492625"
"2018-11-29 06:00:00+00:00,-3.572152854304026,98.85750579833984,956.5223388671876,-0.003066666657105,23.84327,2.507168,13.55674,0.0,11.89391,0.0,4,4,1.0,1.0,1.0,0.0,0.041600000000000005,0.021600000000000036,1.0,79.14196903695029,0.0,-0.0030600208189429305,0.9935273363172952,""6540, 6680, 6690"",1,0.0,-0.0027743941981618,0.9779994075491572,""6540, 6680, 6690"",1,0.0,,1.0,5.885647123893805"
"2018-11-29 06:10:00+00:00,-3.6498796251547247,98.7941665649414,956.67431640625,-0.0027600000612437,23.85822,2.532393,13.72031,0.0,10.03491,0.0,4,4,1.0,1.0,1.0,0.0,0.041400000000000006,-0.0011999999999999927,1.0,79.14196903695029,0.0,-0.004406667569788491,0.9943687505422643,""6540, 6680, 6690"",0,,-0.0011339381845985972,0.786082269651574,""6540, 6680, 6690"",1,0.0,,1.0,5.929664454277286"
"2018-11-29 06:20:00+00:00,-3.6773555582312394,98.7691650390625,956.6190795898438,-0.0046000001020729,22.65033,2.24542,14.29432,0.0,13.24023,0.0,4,4,1.0,1.0,1.0,0.0,0.045200000000000004,0.022799999999999987,1.0,76.56356796676798,0.0,-0.003980990619194217,0.9960889386841503,""6540, 6680, 6690"",1,0.0,-0.00033060887964760387,0.9912134641850557,""6540, 6680, 6690"",1,0.0,,1.0,5.965846238938053"
"2018-11-29 06:30:00+00:00,-3.6887591931218258,98.7558364868164,956.7199096679688,-0.0054433331824839,21.75516,2.030913,14.202,0.0,12.8702,0.0,4,4,1.0,1.0,1.0,0.0,0.0496,0.026399999999999965,1.0,78.99641833422103,1.0,0.13488555163871951,0.9959133207754683,""6540, 6680, 6690"",1,0.0,-0.002489145790658346,0.9885374788861951,""6540, 6680, 6690"",1,0.0,,1.0,5.967920353982301"
"2018-11-29 06:40:00+00:00,-3.6972975067135194,98.7491683959961,956.9667358398438,-0.003296666778624,21.22227,2.006866,12.7407,0.0,9.863031,0.0,4,4,1.0,1.0,1.0,0.0,0.052649999999999995,0.018299999999999983,1.0,78.60991820882631,1.0,0.0280119770329173,0.9871549048694579,""6540, 6680, 6690"",0,,-0.001747209386127751,0.7562639342675122,""6540, 6680, 6690"",1,0.0,,1.0,6.00364122418879"
"2018-11-29 06:50:00+00:00,-3.671372063418581,98.76083374023438,956.8231811523438,-0.003220000071451,21.18246,1.924503,12.55315,0.0,14.09439,0.0,4,4,1.0,1.0,1.0,0.0,0.05700000000000001,0.02610000000000008,1.0,80.0918777368973,1.0,-0.004631803559093941,0.9837465153634346,""6540, 6680, 6690"",1,0.0,-0.0002998821037571605,0.9963182579724865,""6540, 6680, 6690"",1,0.0,,1.0,6.015394542772862"
"2018-11-29 07:00:00+00:00,-3.675324649241412,98.75416564941406,956.7889404296876,-0.0051366668194532,22.98159,2.17638,12.42919,0.0,14.67643,0.0,4,4,1.0,1.0,1.0,0.0,0.05700000000000001,0.0,1.0,80.08315678334156,0.0,0.015265568989079173,0.9814881848099565,""6540, 6680, 6690"",0,,-0.0023408515278886006,0.9971659493673701,""6540, 6680, 6690"",1,0.0,,1.0,5.980365044247788"
"2018-11-29 07:10:00+00:00,-3.7016799413016255,98.73666381835938,956.8063354492188,-0.0052133332937955,23.00562,2.196975,13.30556,0.0,14.77932,0.0,4,4,1.0,1.0,1.0,0.0,0.05700000000000001,0.0,1.0,74.85932981346039,0.0,-0.0024695059148276723,0.9922649879441218,""6540, 6680, 6690"",1,0.0,-0.0018153948900176257,0.9973175113510829,""6540, 6680, 6690"",1,0.0,,1.0,5.958702064896755"
"2018-11-29 07:20:00+00:00,-3.714154658174398,98.70999908447266,956.8538818359376,-0.0050599998794496,22.67319,2.134282,13.6833,0.0,15.31721,0.0,4,4,1.0,1.0,1.0,0.0,0.0534,-0.021600000000000036,1.0,74.86005432344811,0.0,-0.004728065583764053,0.9941861676473425,""6540, 6680, 6690"",1,0.0,-0.0006541451593724693,0.9981117688936115,""6540, 6680, 6690"",1,0.0,,1.0,5.958241150442477"
"2018-11-29 07:30:00+00:00,-3.7124352631132895,98.69916534423828,956.7786865234376,-0.0046766665764153,23.61749,2.203748,12.89367,0.0,14.58721,0.0,4,4,1.0,1.0,1.0,0.0,0.046950000000000006,-0.038699999999999984,1.0,75.29403379479209,0.0,0.01294402424882098,0.9899241250546154,""6540, 6680, 6690"",0,,-0.0018724113557396862,0.9970365291716754,""6540, 6680, 6690"",1,0.0,,1.0,5.958471607669617"
"2018-11-29 07:40:00+00:00,-3.694937889844362,98.7066650390625,956.744140625,-0.0028366667684167,23.84714,2.113068,12.54052,0.0,13.298,0.0,4,4,1.0,1.0,1.0,0.0,0.04,-0.04170000000000003,1.0,75.28643985677277,0.0,-0.002178202140622023,0.9835136689649472,""6540, 6680, 6690"",1,0.0,-0.0022601285794886148,0.9916258199347151,""6540, 6680, 6690"",1,0.0,,1.0,5.94418325958702"
"2018-11-29 07:50:00+00:00,-3.6861892032098975,98.71166229248048,956.9243774414062,-0.0028366667684167,23.88995,2.214839,12.15796,0.0,13.55406,0.0,4,4,1.0,1.0,1.0,0.0,0.032600000000000004,-0.04439999999999998,1.0,70.73769206453774,0.0,-0.0034715215171255715,0.9765696314771682,""6540, 6680, 6690"",1,0.0,-0.0003664992786035305,0.993445176174658,""6540, 6680, 6690"",1,0.0,,1.0,5.81351401179941"
"2018-11-29 08:00:00+00:00,-3.648842931073762,98.74250030517578,956.5415649414062,-0.003296666778624,24.01276,2.145843,12.65114,0.0,13.56976,0.0,4,4,1.0,1.0,1.0,0.0,0.028949999999999997,-0.021900000000000044,1.0,70.73609543688254,0.0,-0.004667972471655869,0.9855038495591617,""6540, 6680, 6690"",0,,-0.0013362173917816906,0.9935502172012154,""6540, 6680, 6690"",1,0.0,,1.0,5.778945427728614"
"2018-11-29 08:10:00+00:00,-3.665480606812136,98.74500274658205,956.367431640625,-0.0056733335368335,24.57725,2.220198,13.38095,0.0,14.86214,0.0,4,4,1.0,1.0,1.0,0.0,0.0228,-0.036899999999999974,1.0,69.77812327611682,0.0,-0.0032571108748273153,0.9926367164041786,""6540, 6680, 6690"",1,0.0,-0.002484338806896675,0.9974344449782743,""6540, 6680, 6690"",1,0.0,,1.0,5.687223451327434"
"2018-11-29 08:20:00+00:00,-3.6695828811461686,98.7436981201172,956.2347412109376,-0.0038917090278118,24.47004,2.314097,13.38859,0.0,15.18281,0.0,4,4,1.0,1.0,1.0,0.0,0.013999999999999999,-0.052800000000000014,1.0,63.796033001344334,0.0,-0.0024455244948224323,0.9926734673091352,""6540, 6680, 6690"",1,0.0,-0.0009620882243644901,0.9979077219969587,""6540, 6680, 6690"",1,0.0,,1.0,5.587435471976401"
"2018-11-29 08:30:00+00:00,-3.648934969279975,98.74666595458984,956.388916015625,-0.0058266664855182,25.4406,2.493309,12.77077,0.0,14.01144,0.0,4,4,1.0,1.0,1.0,0.0,0.0012000000000000001,-0.0768,1.0,62.30585702787363,0.0,-0.005506773227598609,0.9876586766405628,""6540, 6680, 6690"",0,,0.014486815289753239,0.9961940588024418,""6540, 6680, 6690"",1,0.0,,1.0,5.46875"
"2018-11-29 08:40:00+00:00,-3.66520246937578,98.74749755859376,956.2919311523438,-0.0046766665764153,25.66102,2.522126,13.62123,0.0,14.51973,0.0,4,4,1.0,1.0,1.0,0.0,0.0,-0.007200000000000001,1.0,65.08654030722573,0.0,-0.00483737992077339,0.993858611619527,""6540, 6680, 6690"",1,0.0,0.2236272597894436,0.9969350907667236,""6540, 6680, 6690"",1,0.0,,1.0,5.409522492625369"
"2018-11-29 08:50:00+00:00,-3.631775406570112,98.7508316040039,956.4751586914062,-0.0064400001429021,25.83834,2.524685,14.10105,0.0,13.07037,0.0,4,4,1.0,1.0,1.0,0.0,0.0,0.0,1.0,65.08272992136446,0.0,-0.0023792538991788538,0.9957171744328148,""6540, 6680, 6690"",1,0.0,0.12430643221227135,0.9899962135487619,""6540, 6680, 6690"",1,0.0,,1.0,5.411366150442477"
"2018-11-29 09:00:00+00:00,-3.599443699559256,98.77666473388672,956.5589599609376,-0.0043700002133846,26.05458,2.51937,13.29912,0.0,12.30744,0.0,4,4,1.0,1.0,1.0,0.0,0.0,0.0,1.0,62.80031936837016,0.0,0.057746157762480946,0.9922212189043677,""6540, 6680, 6690"",0,,-0.0006877112970119568,0.9824614278286133,""6540, 6680, 6690"",1,0.0,,1.0,5.42288901179941"
"2018-11-29 09:10:00+00:00,-3.613023886315435,98.77438354492188,956.33203125,-0.0034442595206201,26.08099,2.500594,14.03624,0.0,11.70604,0.0,4,4,1.0,1.0,1.0,0.0,0.0,0.0,1.0,62.796804153244615,0.0,-0.004540469472001239,0.9955941836361845,""6540, 6680, 6690"",1,0.0,-0.00200873909926996,0.9703285978234997,""6540, 6680, 6690"",1,0.0,,1.0,5.456766224188791"
"2018-11-29 09:20:00+00:00,-3.667432625910924,98.73949432373048,956.5662231445312,-0.0039165276102721,26.74822,2.523119,14.37474,0.0,12.38389,0.0,4,4,1.0,1.0,1.0,0.0,0.0,0.0,1.0,60.691200051538544,0.0,-0.003805842283295422,0.9962420618901251,""6540, 6680, 6690"",1,0.0,-0.001603391344954328,0.9832953863773317,""6540, 6680, 6690"",1,0.0,,1.0,5.442477876106194"
"2018-11-29 09:30:00+00:00,-3.730286629483033,98.68333435058594,956.4768676757812,-0.0049066664651036,25.73247,2.395305,14.73427,0.0,15.85087,0.0,4,4,1.0,1.0,1.0,0.0,0.0,0.0,1.0,60.69694246403371,1.0,-0.0024671533631115423,0.998211608415152,""6540, 6680, 6690"",1,1.0,-0.0005625495678041039,0.999856393072398,""6540, 6680, 6690"",1,1.0,,1.0,5.451004793510324"
"2018-11-29 09:40:00+00:00,-3.775917351587134,98.64666748046876,956.3960571289062,-0.0038333332631736,25.98369,2.388058,15.39972,0.0,16.16759,0.0,4,4,1.0,1.0,1.0,0.0,0.0,0.0,1.0,64.13663160727847,1.0,0.18725431116615854,1.0001345834685171,""6540, 6680, 6690"",1,1.0,-0.0019468266789506121,1.0004212378200015,""6540, 6680, 6690"",1,1.0,,1.0,5.4196626106194685"
"2018-11-29 09:50:00+00:00,-3.801573760125451,98.60416412353516,956.424072265625,-0.0052133332937955,25.95979,2.253766,14.79237,0.0,15.09334,0.0,4,4,1.0,1.0,1.0,0.0,0.0,0.0,1.0,64.12949391388807,0.0,0.20282961961699694,0.9971142926810307,""6540, 6680, 6690"",1,0.0,-0.0019130860305413967,0.9978372354364422,""6540, 6680, 6690"",1,0.0,,1.0,5.411596607669616"
"2018-11-29 10:00:00+00:00,-3.8041528527171136,98.61083221435548,956.5565795898438,-0.002989999949932,24.49351,2.019289,13.06009,0.0,15.61015,0.0,4,4,1.0,1.0,1.0,0.0,0.0,0.0,1.0,59.85399238378856,0.0,-0.0028703508144471705,0.9910151609983493,""6540, 6680, 6690"",1,0.0,-0.0005199962709008194,0.998547549984566,""6540, 6680, 6690"",1,0.0,,1.0,5.474050516224189"
"2018-11-29 10:10:00+00:00,-3.8388108001047634,98.5824966430664,956.5966186523438,-0.0037566667888313,24.88774,2.016943,12.4415,0.0,15.57995,0.0,4,4,1.0,1.0,1.0,0.0,0.0,0.0,1.0,59.85546040924027,1.0,-0.0017141428226377907,0.9817435235300223,""6540, 6680, 6690"",1,0.0,-0.0016695383118420113,0.998504414684215,""6540, 6680, 6690"",1,0.0,,1.0,5.474280973451327"
"2018-11-29 10:20:00+00:00,-3.8820212208081375,98.53697204589844,956.3809204101562,-0.0047478848136961,26.08704,2.07633,14.62379,0.0,17.49584,0.0,4,4,1.0,1.0,1.0,0.0,0.0,0.0,1.0,60.73628046441736,1.0,-0.00318422596629073,0.9967225459082861,""6540, 6680, 6690"",1,0.0,-0.002577476966671827,1.0013490521203288,""6540, 6680, 6690"",1,0.0,,1.0,5.504009955752212"
"2018-11-29 10:30:00+00:00,-3.9029887378739274,98.52941131591795,956.65966796875,-0.002841402310878,26.01947,2.147822,14.93252,0.0,16.70952,0.0,4,4,1.0,1.0,1.0,0.0,0.0,0.0,1.0,60.73628046441736,1.0,-0.004007111060910108,0.9973139706491211,""6540, 6680, 6690"",1,0.0,-0.0004057166634536371,1.0003463723758428,""6540, 6680, 6690"",1,0.0,,1.0,5.5441095132743365"
"2018-11-29 10:40:00+00:00,-3.89490151263356,98.53499603271484,956.80126953125,-0.0029133332427591,24.94735,2.032545,13.92986,0.0,15.99846,0.0,4,4,1.0,1.0,1.0,0.0,0.0,0.0,1.0,60.747462068560985,1.0,-0.001691375476558034,0.9954006241205834,""6540, 6680, 6690"",1,0.0,-0.0013805734820482207,0.9991299501148961,""6540, 6680, 6690"",1,0.0,,1.0,5.57913901179941"
"2018-11-29 10:50:00+00:00,-3.911269142206453,98.5016632080078,957.0238647460938,-0.0051366668194532,24.73443,2.007869,14.30658,0.0,16.45963,0.0,4,4,1.0,1.0,1.0,0.0,0.0,0.0,1.0,67.44521190963633,1.0,-0.002555599445249976,0.9961201523965285,""6540, 6680, 6690"",1,0.0,-0.0026265383929741093,0.9999180778708358,""6540, 6680, 6690"",1,0.0,,1.0,5.562546091445428"
"2018-11-29 11:00:00+00:00,-3.9096347054895406,98.50749969482422,956.9390258789062,-0.0036800000816583,25.4989,2.119623,13.36848,0.0,15.84275,0.0,4,4,1.0,1.0,1.0,0.0,0.0,0.0,1.0,67.44521190963633,0.0,-0.0038957553956566787,0.9926021557398196,""6540, 6680, 6690"",1,0.0,-0.0005394520410677282,0.9988993941700702,""6540, 6680, 6690"",1,0.0,,1.0,5.549410029498525"
"2018-11-29 11:10:00+00:00,-3.9325431161566624,98.48333740234376,957.0989990234376,-0.0014566666213795,25.30541,2.125744,14.01646,0.0,17.00262,0.0,4,4,1.0,1.0,1.0,0.0,0.0,0.0,1.0,57.18552260906473,0.0,-0.0023335582454030107,0.9955684848992042,""6540, 6680, 6690"",1,0.0,-0.000911825517328774,1.0008538926099995,""6540, 6680, 6690"",1,0.0,,1.0,5.555632374631268"
"2018-11-29 11:20:00+00:00,-3.931691509896984,98.4800033569336,957.1373901367188,0.0085100000724196,24.6644,1.945498,13.15981,0.0,15.64536,0.0,4,4,1.0,1.0,1.0,0.0,0.0,0.0,1.0,53.34040206616958,0.0,-0.0015864686268131907,0.9915435565897843,""6540, 6680, 6690"",1,0.0,-0.002763310409173733,0.998607144581391,""6540, 6680, 6690"",1,0.0,,1.0,5.54526179941003"
"2018-11-29 11:30:00+00:00,-3.975070835879892,98.43865966796876,956.9417724609376,0.057883333414793,25.21974,1.937866,13.2354,0.0,16.27448,0.0,4,4,1.0,1.0,1.0,0.0,0.0,0.0,1.0,45.46002521595983,0.0,-0.00333560478396532,0.9919273715728428,""6540, 6680, 6690"",1,0.0,-0.0008849271913854087,0.99960180949148,""6540, 6680, 6690"",1,0.0,,1.0,5.51806784660767"
"2018-11-29 11:40:00+00:00,-4.0098744261433055,98.40167999267578,956.9982299804688,0.273542582988739,26.06036,1.995464,14.30329,0.0,17.21838,0.0,4,4,1.0,1.0,1.0,0.0,0.0,0.0,1.0,44.20644903268017,0.0,-0.0033891461535197932,0.9961160497048216,""6540, 6680, 6690"",1,0.0,-0.0007493991968108387,1.0010980053100056,""6540, 6680, 6690"",1,0.0,,1.0,5.503088126843657"
"2018-11-29 11:50:00+00:00,-4.0020269048026345,98.3933334350586,957.09375,0.8426416516304016,26.35298,2.010899,14.04298,0.0,16.42099,0.0,4,4,1.0,1.0,1.0,0.0,0.0,0.0,1.0,38.07344855239358,0.0,-0.0017591297335740994,0.9956196163803362,""6540, 6680, 6690"",1,0.0,-0.002732128282872642,0.9998545386734423,""6540, 6680, 6690"",1,0.0,,1.0,5.456996681415929"
"2018-11-29 12:00:00+00:00,-4.0068139029345335,98.38916778564452,957.144775390625,2.615166664123535,24.2367,1.893007,14.35713,0.0,16.75515,0.0,4,3,1.0,1.0,1.0,0.0,0.0,0.0,1.0,38.06295779815433,0.0,-0.0023325745652361613,0.9972239135561727,""6540, 6680, 6690"",1,1.0,-0.0015951877687035538,1.0012364017700794,""6540, 6680"",1,1.0,,1.0,5.428880899705015"
"2018-11-29 12:10:00+00:00,-3.990639452453799,98.36083221435548,957.1192016601562,6.720408439636231,25.13285,1.92721,15.07334,0.0,16.0348,0.0,4,4,1.0,1.0,1.0,0.0,0.0,0.0,1.0,38.05509953329238,0.0,-0.0032675238353450124,0.9992151184748007,""6540, 6680, 6690"",1,1.0,-0.0004275786876678467,1.0001999095270127,""6540, 6680, 6690"",1,1.0,,1.0,5.38209808259587"
"2018-11-29 12:20:00+00:00,-4.038276809735098,98.25749969482422,957.0731201171876,17.400115966796875,25.42862,2.047049,16.51423,0.0,12.44045,0.0,4,4,1.0,1.0,1.0,0.0,0.0,0.0,1.0,38.048895734430346,0.0,-0.0026277884041390766,1.0002572098381253,""6540, 6680, 6690"",1,0.0,-0.002843537679532679,0.9843154516075306,""6540, 6680, 6690"",1,0.0,,1.0,5.378641224188791"
"2018-11-29 12:30:00+00:00,-4.0813800210993705,98.125,957.0619506835938,31.61203384399414,26.40109,2.072946,15.92243,0.0,12.49215,0.0,4,4,1.0,1.0,1.0,0.0,0.0,0.0,1.0,38.0,0.0,-0.001981279559251739,1.0000426126220199,""6540, 6680, 6690"",1,0.0,-0.0016494605599380121,0.9845123604339876,""6540, 6680, 6690"",1,0.0,,1.0,5.39223820058997"
"2018-11-29 12:40:00+00:00,-4.075854694500054,97.99327850341795,956.9481201171876,45.79293823242188,26.44969,2.033161,16.73648,0.0,11.94504,0.0,4,4,1.0,1.0,1.0,0.0,0.0,0.0,1.0,38.0,0.0,-0.0025573288522115567,1.0002628953236776,""6540, 6680, 6690"",1,0.0,-0.0004463854650171791,0.9786281873045486,""6540, 6680, 6690"",1,0.0,,1.0,5.329784292035398"
"2018-11-29 12:50:00+00:00,-4.015579783519607,97.94166564941406,957.2515869140624,55.26311492919922,24.6079,1.748795,15.60159,0.0,12.36973,0.0,4,4,1.0,1.0,1.0,0.0,0.0,0.0,1.0,38.0,0.0,-0.003076914345345846,0.999152267113972,""6540, 6680, 6690"",1,0.0,-0.0023382668378876476,0.9832057328590645,""6540, 6680, 6690"",1,0.0,,1.0,5.311347713864307"
"2018-11-29 13:00:00+00:00,-3.986257017865692,97.95750427246094,957.430908203125,51.22195053100586,25.4672,1.793465,15.99994,0.0,13.74694,0.0,3,4,1.0,1.0,1.0,0.0,0.0,0.0,1.0,38.0,0.0,-0.002678253825117902,1.0002395358535825,""6540, 6680"",1,0.0,-0.0021420962636063737,0.9948608534651195,""6540, 6680, 6690"",1,0.0,,1.0,5.28530604719764"
"2018-11-29 13:10:00+00:00,-3.973639692343734,97.91500091552734,957.5408935546876,55.65843200683594,25.89282,1.855886,16.73156,0.0,14.009,0.0,3,4,1.0,1.0,1.0,0.0,0.0,0.0,1.0,38.0,0.0,-0.0016176895978974133,1.0002627508503648,""6540, 6680"",1,0.0,-0.0002572702780002501,0.9962025881627963,""6540, 6680, 6690"",1,0.0,,1.0,5.165237831858407"
"2018-11-29 13:20:00+00:00,-3.9672931017505246,97.77833557128906,957.5171508789062,64.416748046875,25.2838,1.73316,15.80805,0.0,13.14892,0.0,3,4,1.0,1.0,1.0,0.0,0.0,0.0,1.0,38.0,0.0,-0.003268795478634718,0.9997281426961229,""6540, 6680"",1,0.0,-0.002047703207992926,0.9906079363204168,""6540, 6680, 6690"",1,0.0,,1.0,5.073746312684365"
"2018-11-29 13:30:00+00:00,-3.9444777406984746,97.75749969482422,957.5762329101562,80.43193054199219,24.99722,1.736749,15.79731,0.0,12.56536,0.0,4,4,1.0,1.0,1.0,0.0,0.0,0.0,1.0,38.0,0.0,-0.0033733735433438927,0.9996979805158263,""6540, 6680, 6690"",1,0.0,-0.0025365938791414586,0.985313800763187,""6540, 6680, 6690"",1,0.0,,1.0,5.01198377581121"
"2018-11-29 13:40:00+00:00,-3.890527169316328,97.62332916259766,957.820068359375,115.57483673095705,25.07752,1.68017,14.96489,0.0,13.01166,0.0,4,4,1.0,1.0,1.0,0.0,0.0,0.0,1.0,38.0,0.0,-0.0015995575742023748,0.997382969317724,""6540, 6680, 6690"",1,0.0,-0.0004581351396514148,0.9896345704019437,""6540, 6680, 6690"",1,0.0,,1.0,4.955291297935103"
"2018-11-29 13:50:00+00:00,-3.832118307681613,97.4633331298828,958.0733642578124,138.934326171875,25.65759,1.690528,15.63254,0.0,12.20328,0.0,4,4,1.0,1.0,1.0,0.0,0.0,0.0,1.0,38.0,0.0,-0.0023151383748868616,0.9992419335451086,""6540, 6680, 6690"",1,0.0,-0.0016595329889437047,0.981422563323546,""6540, 6680, 6690"",1,0.0,,1.0,4.913578539823009"
"2018-11-29 14:00:00+00:00,-3.782834376777088,97.27143096923828,958.1524047851562,154.1392364501953,25.18983,1.692917,15.40224,0.0,12.47838,0.0,4,4,1.0,1.0,1.0,0.0,0.0,0.0,1.0,38.0,0.0,-0.0034841214156732326,0.9985981222222292,""6540, 6680, 6690"",1,0.0,-0.002345333331968726,0.9843813517727524,""6540, 6680, 6690"",1,0.0,,1.0,4.879240412979351"
"2018-11-29 14:10:00+00:00,-3.751795250288642,97.17082977294922,958.01611328125,158.8871612548828,25.8001,1.686745,15.83688,0.0,13.13564,0.0,4,4,1.0,1.0,1.0,0.0,0.0,0.0,1.0,38.0,0.0,-0.0023235372217690073,0.999809849220165,""6540, 6680, 6690"",1,0.0,-0.0008660922399381312,0.990516325236705,""6540, 6680, 6690"",1,0.0,,1.0,4.895372418879056"
"2018-11-29 14:20:00+00:00,-3.745094666594616,96.8183364868164,958.0084228515624,186.53517150878903,24.56157,1.558498,15.3838,0.0,14.32686,0.0,4,4,1.0,1.0,1.0,0.0,0.0,0.0,1.0,38.0,0.0,-0.0016218764607499284,1.0000929505776988,""6540, 6680, 6690"",1,1.0,-0.0012318896084296993,0.9974201488746259,""6540, 6680, 6690"",1,1.0,,1.0,4.883158185840708"
"2018-11-29 14:30:00+00:00,-3.7680455564338353,97.25917053222656,957.9627685546876,151.48733520507812,22.51007,1.54718,15.76989,0.0,14.04992,0.0,4,4,1.0,1.0,1.0,0.0,0.0,0.0,1.0,37.999666665124394,0.0,-0.002853899234678687,1.0002503437710233,""6540, 6680, 6690"",1,1.0,-0.002258333578342345,0.9970038148685045,""6540, 6680, 6690"",1,1.0,,1.0,4.878549041297935"
"2018-11-29 14:40:00+00:00,-3.795977634905973,96.90499877929688,957.9782104492188,152.406005859375,25.76571,1.632856,16.87955,0.0,13.65119,0.0,4,4,1.0,1.0,1.0,0.0,0.0,0.0,1.0,37.799666668471566,0.0,-0.002768954532902415,1.0002758646207845,""6540, 6680, 6690"",1,0.0,-0.001465181373968357,0.9944338299863367,""6540, 6680, 6690"",1,0.0,,1.0,4.885462758112094"
"2018-11-29 14:50:00+00:00,-3.741774211308957,96.47250366210938,958.021728515625,196.52783203125,26.63963,1.656702,16.08428,0.0,15.64917,0.0,4,4,1.0,1.0,1.0,0.0,0.0,0.0,1.0,37.599667219755126,0.0,-0.0030540408157720797,1.0002421341427195,""6540, 6680, 6690"",1,0.0,-0.0011156936971152703,0.9986114854355559,""6540, 6680, 6690"",1,0.0,,1.0,4.935011061946903"
"2018-11-29 15:00:00+00:00,-3.686306526637597,95.98916625976562,957.7828979492188,255.79299926757807,26.88653,1.575808,15.77643,0.0,14.73241,0.0,4,4,1.0,1.0,1.0,0.0,0.0,0.0,1.0,37.4,0.0,-0.002352193041545589,0.9996392794305051,""6540, 6680, 6690"",1,0.0,-0.0020281138071199744,0.9972572955934139,""6540, 6680, 6690"",1,0.0,,1.0,4.9449207227138645"
"2018-11-29 15:10:00+00:00,-3.6446536755778154,95.399169921875,957.7445068359376,280.0001525878906,26.4504,1.460671,13.82022,0.0,14.6864,0.0,4,4,1.0,1.0,1.0,0.0,0.0,0.0,1.0,37.199666665124404,0.0,-0.002572329451398152,0.994910112245952,""6540, 6680, 6690"",1,0.0,-0.0017120512520394674,0.997189880242414,""6540, 6680, 6690"",1,0.0,,1.0,4.908738938053097"
"2018-11-29 15:20:00+00:00,-3.6434561674881953,96.78571319580078,957.6803588867188,185.89051818847656,26.60389,1.420629,13.0482,0.0,14.79578,0.0,4,4,1.0,1.0,1.0,0.0,0.0,0.0,1.0,36.99966666847157,0.0,-0.00302193944047137,0.9909811445393564,""6540, 6680, 6690"",1,0.0,-0.001117406007720203,0.997349953410705,""6540, 6680, 6690"",1,0.0,,1.0,4.890302359882005"
"2018-11-29 15:30:00+00:00,-3.634683207041104,97.05333709716795,957.7194213867188,165.77200317382812,26.94077,1.408928,13.66226,0.0,15.51643,0.0,4,4,1.0,1.0,1.0,0.0,0.0,0.0,1.0,36.79966666512439,0.0,-0.0019657374591362186,0.9941056383078135,""6540, 6680, 6690"",1,0.0,-0.0016224868123124285,0.9984167539202742,""6540, 6680, 6690"",1,0.0,,1.0,4.858038348082596"
"2018-11-29 15:40:00+00:00,-3.610687531850046,97.1616668701172,957.7476806640624,180.62429809570312,27.31421,1.46918,13.70294,0.0,15.46642,0.0,4,4,1.0,1.0,1.0,0.0,0.0,0.0,1.0,36.599666665124396,0.0,-0.0021309136181342893,0.9943106677617277,""6540, 6680, 6690"",1,0.0,-0.0022457601965927497,0.9983416883001024,""6540, 6680, 6690"",1,0.0,,1.0,4.887536873156342"
"2018-11-29 15:50:00+00:00,-3.5705093149073783,97.19916534423828,957.6714477539062,172.8228302001953,25.94117,1.427895,14.1924,0.0,15.1429,0.0,4,4,1.0,1.0,1.0,0.0,0.0,0.0,1.0,36.399666668471575,0.0,-0.0032482642662234424,0.9968808962354688,""6540, 6680, 6690"",1,1.0,-0.0012757399024032965,0.9986713195053301,""6540, 6680, 6690"",1,1.0,,1.0,4.826235250737463"
"2018-11-29 16:00:00+00:00,-3.5664131090265023,96.9941635131836,957.6298217773438,179.2239990234375,26.98682,1.373456,14.6459,0.0,15.98554,0.0,4,4,1.0,1.0,1.0,0.0,0.0,0.0,1.0,36.19966721975513,0.0,-0.0029299126601800684,0.996837855812575,""6540, 6680, 6690"",1,0.0,-0.0009253064597525249,0.9991717972232002,""6540, 6680, 6690"",1,0.0,,1.0,4.714002581120944"
"2018-11-29 16:10:00+00:00,-3.4936584241289865,96.6241683959961,957.4298095703124,226.40049743652344,26.61408,1.31863,15.53216,0.0,18.05848,0.0,4,4,1.0,1.0,1.0,0.0,0.0,0.0,1.0,36.0,0.0,-0.0014810110883014958,0.9989441539460606,""6540, 6680, 6690"",1,0.0,-0.0022462251709728705,1.0018578862227179,""6540, 6680, 6690"",1,0.0,,1.0,4.604996312684365"
"2018-11-29 16:20:00+00:00,-3.336975009254468,96.69416809082033,957.3982543945312,218.3023223876953,27.19435,1.224087,15.73833,0.0,18.67189,0.0,4,4,1.0,1.0,1.0,0.0,0.0,0.0,1.0,35.7996666651244,0.0,-0.003466868051668493,0.9995181986377267,""6540, 6680, 6690"",1,0.0,-0.0019428200838042468,1.0013917739592557,""6540, 6680, 6690"",1,0.0,,1.0,4.537011430678466"
"2018-11-29 16:30:00+00:00,-3.294279395660565,96.53389739990234,957.3836669921876,208.1912078857422,26.62383,1.101295,16.04816,0.0,18.29356,0.0,4,4,1.0,1.0,1.0,0.0,0.0,0.0,1.0,35.59966666847157,0.0,-0.0026699556955477087,1.0002408206364581,""6540, 6680, 6690"",1,0.0,-0.0006826093138718024,1.001681071106452,""6540, 6680, 6690"",1,0.0,,1.0,4.413255899705015"
"2018-11-29 16:40:00+00:00,-3.272859778834591,97.15583038330078,957.3759155273438,120.4232940673828,26.27292,1.040497,14.28879,0.0,17.39555,0.0,4,4,1.0,1.0,1.0,0.0,0.0,0.0,1.0,35.39966666512439,0.0,-0.001539806621830638,0.9960782455838723,""6540, 6680, 6690"",1,0.0,-0.002253849680830793,1.0012544006216346,""6540, 6680, 6690"",1,0.0,,1.0,4.317385693215339"
"2018-11-29 16:50:00+00:00,-3.2460746380090995,97.42250061035156,957.4044799804688,109.54442596435548,26.74052,0.9869783,14.5282,0.0,17.0682,0.0,4,4,1.0,1.0,1.0,0.0,0.0,0.0,1.0,35.19966666847157,0.0,-0.002126191999854111,0.9965332322392317,""6540, 6680, 6690"",1,0.0,0.0174121633390101,1.0009535170192123,""6540, 6680, 6690"",1,0.0,,1.0,4.308397861356932"
"2018-11-29 17:00:00+00:00,-3.2066458750313034,97.2008285522461,957.60009765625,122.2154769897461,25.9991,0.9308779,13.09878,0.0,16.56059,0.0,4,4,1.0,1.0,1.0,0.0,0.0,0.0,1.0,35.0,0.0,-0.0029405219380448503,0.9911996590273949,""6540, 6680, 6690"",1,0.0,0.46271642173208843,1.0000799149433435,""6540, 6680, 6690"",1,0.0,,1.0,4.304710545722714"
"2018-11-29 17:10:00+00:00,-3.1420927045752745,96.69916534423828,957.43798828125,162.3563995361328,26.84458,1.022834,14.0814,0.0,16.45723,0.0,4,4,1.0,1.0,1.0,0.0,0.0,0.0,1.0,35.0,0.0,-0.004591167729075362,0.9956760636087143,""6540, 6680, 6690"",1,0.0,0.356434951410061,0.9998990433150035,""6540, 6680, 6690"",1,0.0,,1.0,4.313698377581121"
"2018-11-29 17:20:00+00:00,-3.017807749696337,96.44745635986328,957.2506103515624,157.46600341796875,25.61443,0.9186217,13.25525,0.0,14.95666,0.0,4,4,1.0,1.0,1.0,0.0,0.0,0.0,1.0,35.0,0.0,-0.0016693756056994926,0.991982737862593,""6540, 6680, 6690"",1,0.0,-0.002090849294895079,0.9975675869576693,""6540, 6680, 6690"",1,0.0,,1.0,4.287195796460177"
"2018-11-29 17:30:00+00:00,-2.947931534412888,96.7771224975586,957.3094482421876,136.08331298828125,24.51185,0.8166083,14.85176,0.0,15.92546,0.0,4,4,1.0,1.0,1.0,0.0,0.0,0.0,1.0,35.0,0.0,-0.0019547160078839556,0.9971425590068491,""6540, 6680, 6690"",1,0.0,-0.0005378813859893054,0.9990062284265361,""6540, 6680, 6690"",1,0.0,,1.0,4.27982116519174"
"2018-11-29 17:40:00+00:00,-2.9203413121352537,96.96583557128906,957.232421875,94.4423370361328,25.21301,0.8751753,16.76888,0.0,15.32869,0.0,4,4,1.0,1.0,1.0,0.0,0.0,0.0,1.0,35.0,0.0,-0.003796840760766006,1.000263447514118,""6540, 6680, 6690"",1,0.0,-0.002079685257702339,0.9981174442518259,""6540, 6680, 6690"",1,0.0,,1.0,4.246865781710914"
"2018-11-29 17:50:00+00:00,-2.862387584487303,97.05166625976562,957.55908203125,80.4476547241211,24.1778,0.7705383,15.38064,0.0,14.38746,0.0,4,4,1.0,1.0,1.0,0.0,0.0,0.0,1.0,34.999777776749596,0.0,-0.00298179533423447,0.9984995350722007,""6540, 6680, 6690"",1,0.0,-0.0023374573777361616,0.9967363962762068,""6540, 6680, 6690"",1,0.0,,1.0,4.238108407079646"
"2018-11-29 18:00:00+00:00,-2.8165545806113075,97.04582977294922,957.5323486328124,75.4646224975586,24.07492,0.7205607,14.67923,0.0,15.13578,0.0,4,4,1.0,1.0,1.0,0.0,0.0,0.0,1.0,34.86644481540154,0.0,-0.0014928076906902035,0.9968105765923797,""6540, 6680, 6690"",1,0.0,-0.00048372248323952274,0.9978304676269106,""6540, 6680, 6690"",1,0.0,,1.0,4.233499262536872"
"2018-11-29 18:10:00+00:00,-2.745688196054432,97.04083251953124,957.6234130859376,70.06221008300781,24.26654,0.764237,14.81165,0.0,15.94223,0.0,4,4,1.0,1.0,1.0,0.0,0.0,0.0,1.0,34.733333333333334,0.0,0.157071220584032,0.9970609779920717,""6540, 6680, 6690"",1,0.0,-0.001756548532625524,0.9990269147228743,""6540, 6680, 6690"",1,0.0,,1.0,4.23741703539823"
"2018-11-29 18:20:00+00:00,-2.6933811640689336,97.09416198730467,957.5839233398438,58.59600830078125,25.53003,0.8500416,15.45308,0.0,16.70286,0.0,4,4,1.0,1.0,1.0,0.0,0.0,0.0,1.0,34.59977777898105,0.0,0.5508727134146342,0.9986920502774721,""6540, 6680, 6690"",1,0.0,-0.002666902076907274,1.000310312367944,""6540, 6680, 6690"",1,0.0,,1.0,4.225202802359882"
"2018-11-29 18:30:00+00:00,-2.677097481431377,97.19166564941406,957.57568359375,43.98577499389648,24.71473,0.7692805,14.61488,0.0,15.45006,0.0,4,4,1.0,1.0,1.0,0.0,0.0,0.0,1.0,34.46644444341627,0.0,0.19511593702362806,0.9966851737074386,""6540, 6680, 6690"",1,0.0,-0.0005738764855919815,0.9982952900017212,""6540, 6680, 6690"",1,0.0,,1.0,4.222898230088495"
"2018-11-29 18:40:00+00:00,-2.6296967938231943,97.12749481201172,957.91259765625,36.76800537109375,24.16125,0.7250183,14.15067,0.0,16.07472,0.0,4,4,1.0,1.0,1.0,0.0,0.0,0.0,1.0,34.33311111008293,0.0,-0.0026950184891863568,0.9958002959444467,""6540, 6680, 6690"",1,0.0,-0.0014285786558942096,0.9992337444689365,""6540, 6680, 6690"",1,0.0,,1.0,4.255623156342184"
"2018-11-29 18:50:00+00:00,-2.6079171154432474,97.11333465576172,957.99169921875,27.55190086364746,24.75192,0.6228147,14.01332,0.0,15.0544,0.0,4,4,1.0,1.0,1.0,0.0,0.0,0.0,1.0,34.19977777898105,0.0,-0.003295568373145127,0.9955382492775768,""6540, 6680, 6690"",1,0.0,-0.0027886255776009908,0.9977079471800436,""6540, 6680, 6690"",1,0.0,,1.0,4.263458702064897"
"2018-11-29 19:00:00+00:00,-2.5697930698941747,97.13135528564452,958.1515502929688,31.0673770904541,24.1052,0.6927983,14.08852,0.0,14.52114,0.0,4,4,1.0,1.0,1.0,0.0,0.0,0.0,1.0,34.06644444341627,0.0,-0.0025169295799441454,0.9956819697041417,""6540, 6680, 6690"",1,0.0,-0.000904721515934642,0.9969285149410949,""6540, 6680, 6690"",1,0.0,,1.0,4.249170353982301"
"2018-11-29 19:10:00+00:00,-2.47111395311058,97.00167846679688,958.3849487304688,27.140949249267575,24.55932,0.7045934,13.7689,0.0,15.57325,0.0,4,4,1.0,1.0,1.0,0.0,0.0,0.0,1.0,33.93311111231438,0.0,-0.0016694573658268626,0.9945800309588405,""6540, 6680, 6690"",1,0.0,-0.0012211301850109566,0.9984786101999923,""6540, 6680, 6690"",1,0.0,,1.0,4.195012905604719"
"2018-11-29 19:20:00+00:00,-2.3688625402353183,96.3383331298828,958.4907836914062,24.080249786376957,25.32623,0.7318217,13.67652,0.0,15.33912,0.0,4,4,1.0,1.0,1.0,0.0,0.0,0.0,1.0,33.79977777674959,0.0,-0.0024266601190334413,0.9941072125157515,""6540, 6680, 6690"",1,0.0,-0.002568531501583937,0.9981297796785723,""6540, 6680, 6690"",1,0.0,,1.0,4.156065634218289"
"2018-11-29 19:30:00+00:00,-2.30652637799926,95.79666900634766,958.72607421875,11.068593978881836,24.35977,0.5884591,13.44041,0.0,14.67538,0.0,4,4,1.0,1.0,1.0,0.0,0.0,0.0,1.0,33.66644444564771,0.0,-0.003025755300754454,0.9929102103588611,""6540, 6680, 6690"",1,0.0,-0.001356215360688,0.9971531227988845,""6540, 6680, 6690"",1,0.0,,1.0,4.104212758112094"
"2018-11-29 19:40:00+00:00,-2.277127756680883,95.34249877929688,958.79150390625,5.45063066482544,24.59757,0.6644933,13.57431,0.0,15.36325,0.0,4,4,1.0,1.0,1.0,0.0,0.0,0.0,1.0,33.53311111008293,0.0,-0.0032327733388761194,0.9935992337819621,""6540, 6680, 6690"",1,0.0,-0.0010002046678124405,0.9981695581830873,""6540, 6680, 6690"",1,0.0,,1.0,4.074944690265487"
"2018-11-29 19:50:00+00:00,-2.2817721461635947,95.32333374023438,959.1155395507812,2.91470718383789,24.78213,0.6010399,13.69175,0.0,15.1888,0.0,4,4,1.0,1.0,1.0,0.0,0.0,0.0,1.0,33.39977777898105,0.0,-0.0019278737975329887,0.99419649568446,""6540, 6680, 6690"",1,0.0,-0.0025053624409001047,0.9979102752717376,""6540, 6680, 6690"",1,0.0,,1.0,4.036227876106194"
"2018-11-29 20:00:00+00:00,-2.286263812908526,95.4366683959961,959.3834228515624,2.086189746856689,25.15724,0.6045923,13.58802,0.0,15.05074,0.0,4,4,1.0,1.0,1.0,0.0,0.0,0.0,1.0,33.26644481317379,0.0,-0.003048859805595584,0.9936690356744243,""6540, 6680, 6690"",1,0.0,-0.0015889463192079126,0.9977051918469123,""6540, 6680, 6690"",1,0.0,,1.0,3.9945151179941"
"2018-11-29 20:10:00+00:00,-2.223110432314011,94.81666564941406,959.2638549804688,1.5724891424179075,24.97612,0.5234867,13.26952,0.0,14.30068,0.0,4,4,1.0,1.0,1.0,0.0,0.0,0.0,1.0,33.13333333333333,0.0,-0.0037496259735851755,0.9920495798518919,""6540, 6680, 6690"",1,0.0,-0.0010215692985348585,0.9966098335348622,""6540, 6680, 6690"",1,0.0,,1.0,3.9661688790560468"
"2018-11-29 20:20:00+00:00,-2.2039098465257267,93.85250091552734,959.3726196289062,0.7616766691207886,25.9077,0.6885275,13.22674,0.0,15.31892,0.0,4,3,1.0,1.0,1.0,0.0,0.0,0.0,1.0,33.0,0.0,-0.0015663216753703793,0.9918359515277128,""6540, 6680, 6690"",1,0.0,-0.0022094286941900486,0.9981053181761812,""6540, 6680"",1,0.0,,1.0,3.9871404867256635"
"2018-11-29 20:30:00+00:00,-2.176619001270497,92.81999969482422,959.515625,0.2962133288383484,24.35037,0.6022187,13.61452,0.0,15.28203,0.0,4,3,1.0,1.0,1.0,0.0,0.0,0.0,1.0,33.0,0.0,-0.0023053043644602708,0.9938134485459582,""6540, 6680, 6690"",1,0.0,-0.0018125779454301043,0.9980520351523587,""6540, 6680"",1,0.0,,1.0,3.9666297935103243"
"2018-11-29 20:40:00+00:00,-2.113561704517633,92.0711898803711,959.7152099609376,0.1188851371407508,25.18561,0.4415695,13.06655,0.0,14.89541,0.0,4,3,1.0,1.0,1.0,0.0,0.0,0.0,1.0,33.0,0.0,-0.0039096236810451605,0.9910282034488217,""6540, 6680, 6690"",1,0.0,-0.0009713388652336307,0.9974801180182232,""6540, 6680"",1,0.0,,1.0,3.9456581858407076"
"2018-11-29 20:50:00+00:00,-2.080745532663088,91.2691650390625,959.8008422851562,0.0317637287080287,24.25027,0.4749732,12.74655,0.0,15.07887,0.0,4,3,1.0,1.0,1.0,0.0,0.0,0.0,1.0,33.0,0.0,-0.0029828001813190738,0.9872112547635084,""6540, 6680, 6690"",1,0.0,-0.0019500177662547043,0.9977527410175866,""6540, 6680"",1,0.0,,1.0,3.914085545722714"
"2018-11-29 21:00:00+00:00,-2.0824993156254186,91.03916931152344,960.0972290039062,-0.0010715473908931,23.99617,0.5712213,12.81297,0.0,14.14234,0.0,4,3,1.0,1.0,1.0,0.0,0.0,0.0,1.0,33.0,0.0,-0.0014860885899241377,0.988424928423292,""6540, 6680, 6690"",1,0.0,-0.0023298375199480754,0.9963849081352433,""6540, 6680"",1,0.0,,1.0,3.9087850294985254"
"2018-11-29 21:10:00+00:00,-2.0831981991473163,91.086669921875,960.3386840820312,-0.0043627289123833,23.02239,0.404823,13.32561,0.0,14.22793,0.0,4,3,1.0,1.0,1.0,0.0,0.0,0.0,1.0,32.999777776749596,0.0,-0.0038254149367169636,0.9923585328432636,""6540, 6680, 6690"",1,0.0,-0.0008309609134022782,0.9965110450182999,""6540, 6680"",1,0.0,,1.0,3.9177728613569323"
"2018-11-29 21:20:00+00:00,-2.0647066109695245,90.60250091552734,960.4657592773438,-0.0057404325343668,23.91055,0.4274504,13.33169,0.0,13.72074,0.0,4,3,1.0,1.0,1.0,0.0,0.0,0.0,1.0,32.866444445647716,0.0,-0.0028566309300864616,0.9923920041774734,""6540, 6680, 6690"",1,0.0,-0.0013398337945705508,0.9946269282513754,""6540, 6680"",1,0.0,,1.0,3.9143160029498523"
"2018-11-29 21:30:00+00:00,-2.0413349750447627,90.48249816894533,960.6146240234376,-0.0052046589553356,24.23677,0.3755836,13.19362,0.0,13.68281,0.0,4,3,1.0,1.0,1.0,0.0,0.0,0.0,1.0,32.73311111008294,0.0,-0.0016816100841615259,0.9916919015317565,""6540, 6680, 6690"",1,0.0,-0.0024825142651069454,0.9943610248997444,""6540, 6680"",1,0.0,,1.0,3.9023322271386434"
"2018-11-29 21:40:00+00:00,-1.9980628584009592,90.21416473388672,960.77392578125,-0.0051281196065247,24.04164,0.4881455,13.12386,0.0,14.51856,0.0,3,3,1.0,1.0,1.0,0.0,0.0,0.0,1.0,32.5997777767496,0.0,-0.0026182200269001285,0.9913385955149865,""6540, 6680"",1,0.0,,,""6540, 6680"",0,,,1.0,3.8785951327433628"
"2018-11-29 21:50:00+00:00,-2.025666228993767,90.31500244140624,960.9090576171876,-0.0055966665968298,24.05623,0.3140667,12.02727,0.0,14.82971,0.0,3,3,1.0,1.0,1.0,0.0,0.0,0.0,1.0,32.46644444564772,0.0,-0.002962289670618569,0.9742130545606853,""6540, 6680"",1,0.0,-0.0008244927336529988,0.9973912273352973,""6540, 6680"",1,0.0,,1.0,3.8490966076696167"
"2018-11-29 22:00:00+00:00,-2.002547445283874,90.2058334350586,960.9443359375,-0.0067466665059328,23.09361,0.3962559,12.51273,0.0,14.33131,0.0,3,1,1.0,1.0,1.0,0.0,0.0,0.0,1.0,32.33311147983675,0.0,-0.0035871101007228946,0.983047408078563,""6540, 6680"",1,0.0,-0.0022490908459919254,0.9966668164778328,6540,1,0.0,,1.0,3.8200589970501477"
"2018-11-29 22:10:00+00:00,-1.9747417929191715,89.35424041748047,961.2061157226562,-0.0049066664651036,25.01428,0.4912057,12.50314,0.0,13.72079,0.0,3,1,1.0,1.0,1.0,0.0,0.0,0.0,1.0,32.2,0.0,-0.0022847250031261907,0.9828781391710737,""6540, 6680"",1,0.0,-0.0018158733554002715,0.9946493894494363,6540,1,0.0,,1.0,3.775811209439528"
"2018-11-29 22:20:00+00:00,-1.9933547501601008,89.4840316772461,961.4015502929688,-0.005051580723375,22.54156,0.3601964,12.91585,0.0,14.40464,0.0,3,1,1.0,1.0,1.0,0.0,0.0,0.0,1.0,32.06644444341627,0.0,-0.002509236684659632,0.9902946069776231,""6540, 6680"",1,0.0,-0.0008082650928962522,0.9967754418834278,6540,1,0.0,,1.0,3.741703539823009"
"2018-11-29 22:30:00+00:00,-2.025329429843562,90.21749877929688,961.5882568359376,-0.0049750413745641,23.14574,0.3610582,12.18318,0.0,14.98189,0.0,3,1,1.0,1.0,1.0,0.0,0.0,0.0,1.0,31.933111112314382,0.0,-0.0028429049980349657,0.9770963889842953,""6540, 6680"",1,0.0,-0.002002790497570503,0.9976193669414327,6540,1,0.0,,1.0,3.6119561209439524"
"2018-11-29 22:40:00+00:00,-2.004915153423906,89.96083068847656,961.658447265625,-0.0076539102010428,23.30166,0.3838286,11.93304,0.0,14.70206,0.0,3,1,1.0,1.0,1.0,0.0,0.0,0.0,1.0,31.799777776749597,0.0,-0.0025749294932295636,0.9725613194321855,""6540, 6680"",1,0.0,-0.0024386480377941596,0.9972109043958277,6540,1,0.0,,1.0,3.5879885693215336"
"2018-11-29 22:50:00+00:00,-2.006154129276764,89.78666687011719,961.8616943359376,-0.0046688853763043,23.01753,0.4006733,11.8613,0.0,13.94991,0.0,3,1,1.0,1.0,1.0,0.0,0.0,0.0,1.0,31.666444445647713,0.0,-0.0015831848470176139,0.9702454320067643,""6540, 6680"",1,0.0,-0.0006565738305812929,0.9961149905720367,6540,1,0.0,,1.0,3.5734697640117994"
"2018-11-29 23:00:00+00:00,-2.053513349121708,89.88916778564453,962.2024536132812,-0.004745424259454,23.0967,0.3347533,11.52433,0.0,15.03307,0.0,3,1,1.0,1.0,1.0,0.0,0.0,0.0,1.0,31.533111479840468,0.0,-0.0027252720623481565,0.946835848719303,""6540, 6680"",1,0.0,-0.0018013031889752644,0.9976985631667403,6540,1,0.0,,1.0,3.5110158554572273"
"2018-11-29 23:10:00+00:00,-2.025607567279917,88.94083404541016,962.0703125,-0.0046688853763043,22.92406,0.3174899,11.8373,0.0,14.95902,0.0,3,1,1.0,1.0,1.0,0.0,0.0,0.0,1.0,31.4,0.0,-0.003901570017744855,0.9686716582863509,""6540, 6680"",1,0.0,-0.0025864891889618665,0.9975896017421757,6540,1,0.0,,1.0,3.470455383480826"
"2018-11-29 23:20:00+00:00,-1.9739104148366824,87.75084686279297,962.3351440429688,-0.0042808800935745,23.31739,0.3738177,11.65582,0.0,13.24953,0.0,3,1,1.0,1.0,1.0,0.0,0.0,0.0,1.0,31.266444445647714,0.0,-0.001581418456100836,0.9560693916551003,""6540, 6680"",1,0.0,-0.000688641245772199,0.9913320777067581,6540,1,0.0,,1.0,3.4142238200589974"
"2018-11-29 23:30:00+00:00,-2.0038026036784835,87.57167053222656,962.4511108398438,-0.0055200001224875,22.67253,0.3888813,11.79308,0.0,12.98572,0.0,3,1,1.0,1.0,1.0,0.0,0.0,0.0,1.0,31.133111110082933,0.0,-0.001873135217806188,0.9656938195893111,""6540, 6680"",1,0.0,-0.0011777373058039968,0.9894633405807164,6540,1,0.0,,1.0,3.417450221238938"
"2018-11-29 23:40:00+00:00,-2.0821200373031155,88.3808364868164,962.553955078125,-0.0049833334051072,22.81511,0.386397,11.75345,0.0,12.7999,0.0,3,1,1.0,1.0,1.0,0.0,0.0,0.0,1.0,31.0,0.0,-0.003107394706912157,0.9629690688433056,""6540, 6680"",1,0.0,-0.0029537768480254385,0.9878712424762087,6540,1,0.0,,1.0,3.3801161504424777"
"2018-11-29 23:50:00+00:00,-2.0673696504965235,88.32917022705078,962.635009765625,-0.0043627289123833,23.07229,0.3724064,12.0654,0.0,13.00031,0.0,3,1,1.0,1.0,1.0,0.0,0.0,0.0,1.0,31.0,0.0,-0.002398249928544207,0.9750514140186493,""6540, 6680"",1,0.0,-0.0008078502445686154,0.9895773338623957,6540,1,0.0,,1.0,3.346008480825959"
"2018-11-30 00:00:00+00:00,-2.108897086857731,88.07499694824219,962.83984375,-0.0040565724484622,23.62664,0.3218807,12.38226,0.0,12.41273,0.0,3,1,1.0,1.0,1.0,0.0,0.0,0.0,1.0,31.0,0.0,-0.002514063207114615,0.9808180498806467,""6540, 6680"",1,0.0,-0.0008399283595201445,0.9837151711792068,6540,1,0.0,,1.0,3.297382005899705"
"2018-11-30 00:10:00+00:00,-2.0592530943992315,86.97916412353516,963.0151977539062,-0.0057404325343668,23.46015,0.3222563,12.61143,0.0,13.30278,0.0,3,1,1.0,1.0,1.0,0.0,0.0,0.0,1.0,31.0,0.0,-0.003699800212208818,0.9849880961304297,""6540, 6680"",1,0.0,-0.0030205128832561214,0.991737304388539,6540,1,0.0,,1.0,3.276871312684366"
"2018-11-30 00:20:00+00:00,-2.111981883879132,87.05583190917969,962.8924560546876,-0.0060465889982879,23.00444,0.3945256,11.75796,0.0,13.80228,0.0,3,1,1.0,1.0,1.0,0.0,0.0,0.0,1.0,31.0,0.0,-0.002796831363584937,0.9634373680365991,""6540, 6680"",1,0.0,-0.002102030544746213,0.9952937039373022,6540,1,0.0,,1.0,3.23193215339233"
"2018-11-30 00:30:00+00:00,-2.118009880681606,86.77881622314453,963.0852661132812,-0.0054483925923705,22.09428,0.385854,11.72175,0.0,12.84631,0.0,3,1,1.0,1.0,1.0,0.0,0.0,0.0,1.0,30.9995555534992,0.0,-0.001676760533960854,0.9609656339733078,""6540, 6680"",1,0.0,-0.0004627063216232672,0.988406042779405,6540,1,0.0,,1.0,3.151272123893805"
"2018-11-30 00:40:00+00:00,-2.1216964659743947,86.43305206298828,963.2225952148438,-0.0049035535193979,23.46383,0.4535417,11.71794,0.0,12.24282,0.0,3,1,1.0,1.0,1.0,0.0,0.0,0.0,1.0,30.73288888683253,0.0,-0.0025300335302585507,0.9606797687214632,""6540, 6680"",1,0.0,-0.002852001655392531,0.9818974731942994,6540,1,0.0,,1.0,3.023598820058997"
"2018-11-30 00:50:00+00:00,-2.132453810603777,86.20166778564453,963.1289672851562,-0.0061333333142101,22.30455,0.4770966,11.25438,0.0,12.87029,0.0,3,1,1.0,1.0,1.0,0.0,0.0,0.0,1.0,30.46622222462876,0.0,-0.0029425013937601227,0.9283689412427769,""6540, 6680"",1,0.0,-0.0017243193417060666,0.9886578022897892,6540,1,0.0,,1.0,2.9139011799410026"
"2018-11-30 01:00:00+00:00,-2.209068031709052,87.16333770751953,963.1637573242188,-0.0060566668398678,23.4318,0.6265883,11.78653,0.0,12.76404,0.0,3,1,1.0,1.0,1.0,0.0,0.0,0.0,1.0,30.199556293006832,0.0,-0.0023216496444329986,0.9654413867164238,""6540, 6680"",1,0.0,-0.0003594299351296774,0.9875130122103317,6540,1,0.0,,1.0,2.8431508112094397"
"2018-11-30 01:10:00+00:00,-2.1842723321101487,87.18333435058594,963.3058471679688,-0.0042166667990386,23.63806,0.5670611,12.23121,0.0,13.30869,0.0,3,1,1.0,1.0,1.0,0.0,0.0,0.0,1.0,29.933333333333334,0.0,-0.002329231122644936,0.9780988290811463,""6540, 6680"",1,0.0,-0.00265242692900867,0.9917863156583826,""6540, 6680"",1,0.0,,1.0,2.824944690265487"
"2018-11-30 01:20:00+00:00,-2.1120486368638574,86.33499908447266,963.4696655273438,-0.0069650583900511,21.84036,0.4452705,12.91564,0.0,14.09596,0.0,3,1,1.0,1.0,1.0,0.0,0.0,0.0,1.0,29.666222220165864,0.0,-0.002282744616996951,0.9903396571909201,""6540, 6680"",1,0.0,0.6321234875190549,0.9963397487274113,""6540, 6680"",0,,,1.0,2.731148598820059"
"2018-11-30 01:30:00+00:00,-2.082709688668189,85.5058364868164,963.4000244140624,-0.0074242930859327,21.92337,0.4733599,12.55957,0.0,14.08857,0.0,3,1,1.0,1.0,1.0,0.0,0.0,0.0,1.0,29.399555557962092,0.0,-0.0028461012026158774,0.9840776230687615,""6540, 6680"",1,0.0,0.8188960675495427,0.9963291114382479,""6540, 6680"",1,0.0,,1.0,2.6875921828908553"
"2018-11-30 01:40:00+00:00,-2.07267954700877,85.84333038330078,963.6182250976562,-0.0064292843453586,21.55592,0.3349965,11.40917,0.0,13.71708,0.0,3,1,1.0,1.0,1.0,0.0,0.0,0.0,1.0,29.132888886832532,0.0,-0.003415808561371594,0.9392496980791826,""6540, 6680"",1,0.0,0.8062452362804878,0.9947009479010966,""6540, 6680"",1,0.0,,1.0,2.698193215339233"
"2018-11-30 01:50:00+00:00,-2.0843451367939614,86.05166625976562,963.6566162109376,-0.0056638936512172,21.62425,0.3768042,11.87044,0.0,13.8501,0.0,2,1,1.0,1.0,1.0,0.0,0.0,0.0,1.0,28.866222224628764,0.0,-0.002044002719041778,0.971391353739484,6540,1,0.0,0.8128236351943597,0.9956480406444708,""6540, 6680"",1,0.0,,1.0,2.6871312684365782"
"2018-11-30 02:00:00+00:00,-2.124095527789071,86.58898162841797,963.9108276367188,-0.0042030457407236,20.847,0.4440309,12.19351,0.0,13.76611,0.0,3,1,1.0,1.0,1.0,0.0,0.0,0.0,1.0,28.59955629301426,0.0,-0.003016660504224824,0.9774424197665484,""6540, 6680"",1,0.0,0.8355084675114329,0.995053072802814,6540,1,0.0,,1.0,2.671229719764012"
"2018-11-30 02:10:00+00:00,-2.118517607929063,86.9000015258789,963.91357421875,-0.0045648855157196,21.21557,0.3120286,12.12803,0.0,13.81084,0.0,3,1,1.0,1.0,1.0,0.0,0.0,0.0,1.0,28.333333333333332,0.0,-0.002964783180050734,0.9762562762526537,""6540, 6680"",1,0.0,,,6540,0,,,1.0,2.626521017699115"
"2018-11-30 02:20:00+00:00,-2.141447258182234,87.33833312988281,963.985107421875,-0.0049833334051072,21.08252,0.3392273,10.88407,0.0,13.85777,0.0,3,1,1.0,1.0,1.0,0.0,0.0,0.0,1.0,27.932666670276472,0.0,-0.0017006234424870189,0.9027010873779293,""6540, 6680"",1,0.0,0.8535635599275915,0.9957064329609543,6540,1,0.0,,1.0,2.616841814159292"
"2018-11-30 02:30:00+00:00,-2.122289151566048,86.2699966430664,963.9896850585938,-0.0055200001224875,22.1113,0.4206599,11.82996,0.0,14.12913,0.0,3,1,1.0,1.0,1.0,0.0,0.0,0.0,1.0,27.532666663582127,0.0,0.12578016327648628,0.9685809152808189,""6540, 6680"",0,,0.8548249928544207,0.9963893073087721,6540,1,0.0,,1.0,2.613615412979351"
"2018-11-30 02:40:00+00:00,-2.148594884592148,86.32083129882812,963.9345703125,-0.0051366668194532,22.2123,0.4057833,12.58251,0.0,13.82045,0.0,3,1,1.0,1.0,1.0,0.0,0.0,0.0,1.0,27.132666670276475,0.0,0.6607315882240854,0.9845148977996822,""6540, 6680"",1,0.0,0.8553237542873475,0.9954422815318422,""6540, 6680"",1,0.0,,1.0,2.591030604719764"
"2018-11-30 02:50:00+00:00,-2.1657969264741084,86.913330078125,964.1011962890624,-0.0067354408092796,21.21048,0.4760767,12.39664,0.0,13.72653,0.0,3,1,1.0,1.0,1.0,0.0,0.0,0.0,1.0,26.73266666358213,0.0,0.6550032750571646,0.9811413791622997,""6540, 6680"",1,0.0,0.9903220869855183,0.9947753280707564,""6540, 6680"",1,0.0,,1.0,2.576050884955752"
"2018-11-30 03:00:00+00:00,-2.196156386208987,87.225830078125,964.1762084960938,-0.004745424259454,21.65981,0.3377993,12.39381,0.0,13.84448,0.0,3,1,1.0,1.0,1.0,0.0,0.0,0.0,1.0,26.333111482068205,0.0,0.6642628739519817,0.9810891429988854,""6540, 6680"",1,0.0,1.0000850323932926,0.9956142384868945,""6540, 6680"",1,0.0,,1.0,2.568215339233038"
"2018-11-30 03:10:00+00:00,-2.1315273600884974,86.74583435058594,964.216064453125,-0.00665890192613,22.76216,0.5935976,12.74598,0.0,14.29282,0.0,3,1,1.0,1.0,1.0,0.0,0.0,0.0,1.0,26.2,0.0,0.7114204220655488,0.9874582101329191,""6540, 6680"",1,0.0,0.9991584889481707,0.996626661468915,""6540, 6680"",1,0.0,,1.0,2.5548488200589974"
"2018-11-30 03:20:00+00:00,-2.0431494425386614,85.96186065673828,964.2579345703124,-0.0090287644416093,22.85037,0.5081448,13.10427,0.0,14.38371,0.0,2,1,1.0,1.0,1.0,0.0,0.0,0.0,1.0,26.06644481540154,0.0,0.7321595726943597,0.991299457005574,6540,1,0.0,1.0033754525533536,0.9967592874330737,""6540, 6680"",1,0.0,,1.0,2.5414823008849554"
"2018-11-30 03:30:00+00:00,-2.0770286051045157,85.94750213623047,964.3948364257812,-0.0084193013608455,21.52255,0.3577185,12.77185,0.0,14.22196,0.0,3,1,1.0,1.0,1.0,0.0,0.0,0.0,1.0,25.933333333333334,0.0,0.747615937023628,0.987933112408742,""6540, 6680"",1,0.0,1.0026522008384147,0.9965237106989068,6540,1,0.0,,1.0,2.5274244100294982"
"2018-11-30 03:40:00+00:00,-2.065760499001098,85.93416595458984,964.5670776367188,-0.0065058236941695,21.5021,0.3956649,11.84344,0.0,13.80021,0.0,3,1,1.0,1.0,1.0,0.0,0.0,0.0,1.0,25.7997777767496,0.0,0.6818198004001524,0.969528631698245,""6540, 6680"",1,0.0,0.9976056354801829,0.9952952560644586,6540,1,0.0,,1.0,2.5260416666666665"
"2018-11-30 03:50:00+00:00,-1.9872579775551815,85.82583618164062,964.46875,-0.0051366668194532,21.88036,0.4072776,11.71388,0.0,13.56329,0.0,3,1,1.0,1.0,1.0,0.0,0.0,0.0,1.0,25.666456653822966,0.0,0.6732681497713414,0.9604431400500195,""6540, 6680"",1,0.0,0.9957589200647866,0.9936025600457745,6540,1,0.0,,1.0,2.5023045722713864"
"2018-11-30 04:00:00+00:00,-2.0762619571890326,86.4000015258789,964.614990234375,-0.0050599998794496,22.42564,0.2844017,12.3406,0.0,13.35866,0.0,3,1,1.0,1.0,1.0,0.0,0.0,0.0,1.0,25.540484546183286,0.0,0.7238795136242379,0.9800981504626454,""6540, 6680"",1,0.0,0.9966920731707317,0.9921470809523836,6540,1,0.0,,1.0,2.4790283923303837"
"2018-11-30 04:10:00+00:00,-2.0233986503308223,86.63333129882812,964.6701049804688,-0.0049066664651036,22.82062,0.434206,13.04278,0.0,13.6672,0.0,3,1,1.0,1.0,1.0,0.0,0.0,0.0,1.0,25.436219125783925,0.0,0.781527724847561,0.9909830505892707,""6540, 6680"",1,0.0,1.0005521150914634,0.9943361486605035,6540,1,0.0,,1.0,2.4769542772861355"
"2018-11-30 04:20:00+00:00,-1.9605062132220528,85.80423736572266,964.6592407226562,-0.0042861895635724,22.50576,0.4153292,12.9918,0.0,14.06707,0.0,3,1,1.0,1.0,1.0,0.0,0.0,0.0,1.0,25.31591029714203,0.0,0.8044654511242378,0.9907219398028728,""6540, 6680"",1,0.0,0.9981887147484756,0.9962958289163513,6540,1,0.0,,1.0,2.4511430678466075"
2018-11-30 04:30:00+00:00,-1.9794306843917,85.86270904541016,964.6829223632812,-0.0050592217594385,22.41773,0.4362107,12.55779,0.0,14.14771,0.0,2,1,1.0,1.0,1.0,0.0,0.0,0.0,1.0,25.175546458699547,0.0,0.764649092511433,0.9840227518385748,6540,1,0.0,1.001199980945122,0.9964133695792212,6540,1,0.0,,1.0,2.4458425516224187
"2018-11-30 04:40:00+00:00,-2.044546198173597,86.43445587158203,964.8479614257812,-0.00665890192613,21.12113,0.4831667,11.82913,0.0,14.38355,0.0,3,1,1.0,1.0,1.0,0.0,0.0,0.0,1.0,25.009990225873988,0.0,0.6932822622903964,0.9684909552665266,""6540, 6680"",1,0.0,0.9978147032202744,0.9967597603137198,6540,1,0.0,,1.0,2.4421552359882006"
"2018-11-30 04:50:00+00:00,-2.06116667996136,87.4941635131836,964.9422607421876,-0.0040565724484622,20.92866,0.3083081,12.09808,0.0,13.54871,0.0,3,1,1.0,1.0,1.0,0.0,0.0,0.0,1.0,25.010989451912586,0.0,0.7310151486280487,0.9757123760188777,""6540, 6680"",1,0.0,0.9977547994474085,0.9935077726153666,6540,1,0.0,,1.0,2.4285582595870205"
"2018-11-30 05:00:00+00:00,-2.016100324000847,87.7874984741211,964.9899291992188,-0.0053577371872961,22.75147,0.5376064,12.45799,0.0,13.68983,0.0,3,1,1.0,1.0,1.0,0.0,0.0,0.0,1.0,25.012210780515325,0.0,0.7595909155868903,0.9822147080450847,""6540, 6680"",1,0.0,1.0007344464557928,0.994496461707621,6540,1,0.0,,1.0,2.4331674041297937"
"2018-11-30 05:10:00+00:00,-1.843958536118103,85.28416442871094,964.9752807617188,-0.0110981697216629,22.50262,0.5677875,12.74174,0.0,12.97135,0.0,3,1,1.0,1.0,1.0,0.0,0.0,0.0,1.0,25.01373427152089,0.0,0.8015405868902439,0.9873604769160823,""6540, 6680"",1,0.0,0.966826112328506,0.9893818490175861,6540,1,0.0,,1.0,2.4015947640117994"
"2018-11-30 05:20:00+00:00,-1.9287226898130323,86.73416900634766,964.92236328125,-0.0087400004267692,22.84213,0.7621878,13.27897,0.0,13.71024,0.0,3,1,1.0,1.0,1.0,0.0,0.0,0.0,1.0,25.015700670372176,0.0,0.8180136480564024,0.9921839765575394,""6540, 6680"",1,0.0,0.9998073075457317,0.9946392064089176,""6540, 6680"",1,0.0,,1.0,2.4082780235988204"
"2018-11-30 05:30:00+00:00,-1.9374288972753984,86.62333679199219,965.1414184570312,-0.004139999859035,21.58915,0.6589748,11.73055,0.0,13.56195,0.0,2,1,1.0,1.0,1.0,0.0,0.0,0.0,1.0,25.018318466176773,0.0,0.699100967035061,0.9615728412947195,6540,1,0.0,0.9977881454839939,0.9935892922319366,""6540, 6680"",1,0.0,,1.0,2.3769358407079646"
"2018-11-30 05:40:00+00:00,-2.0286640448532527,86.81948852539062,965.271484375,-0.005604060832411,21.19084,0.6219285,11.76054,0.0,12.85746,0.0,3,1,1.0,1.0,1.0,0.0,0.0,0.0,1.0,25.02198399056486,0.0,0.7115351681592987,0.9637230977918129,""6540, 6680"",1,0.0,0.9805712890625,0.9885355736610519,""6540, 6680"",1,0.0,,1.0,2.337758112094395"
"2018-11-30 05:50:00+00:00,-1.940756432423073,86.1737289428711,965.4744873046876,-0.0049813874065876,20.69022,0.5053892,11.5315,0.0,13.019,0.0,3,1,1.0,1.0,1.0,0.0,0.0,0.0,1.0,25.027483803414075,0.0,0.68464111328125,0.9730470586874538,""6540, 6680"",1,1.0,0.9923972227515244,0.9931115250209303,""6540, 6680"",1,0.0,,1.0,2.331996681415929"
"2018-11-30 06:00:00+00:00,-1.9361980126934164,86.572265625,965.6382446289062,-0.0045233331620693,19.04632,0.59449,10.61102,0.0,12.5206,0.0,3,1,1.0,1.0,1.0,0.0,0.0,0.0,1.0,25.036655244493822,0.0,0.603504013433689,0.8681196384955614,""6540, 6680"",1,0.0,0.9797484160632622,0.9852678532629616,""6540, 6680"",1,0.0,,1.0,2.331305309734513"
"2018-11-30 06:10:00+00:00,-1.989988781475766,86.09500122070312,965.6574096679688,-0.0030615641735494,20.04954,0.6539106,10.70085,0.0,12.19691,0.0,3,1,1.0,1.0,1.0,0.0,0.0,0.0,1.0,25.055028648317336,0.0,0.6256502477134146,0.8785009809451808,""6540, 6680"",1,0.0,0.9769115615472561,0.981414901581615,6540,1,0.0,,1.0,2.34375"
"2018-11-30 06:20:00+00:00,-1.9815940879421183,86.41500091552734,965.8278198242188,-0.0051281196065247,20.5612,0.5648745,11.76661,0.0,12.53877,0.0,3,1,1.0,1.0,1.0,0.0,0.0,0.0,1.0,25.11003517276836,0.0,0.7243159298780488,0.9665485577154664,""6540, 6680"",1,0.0,0.8438284822789635,0.9854962120814431,6540,1,0.0,,1.0,2.335914454277286"
2018-11-30 06:30:00+00:00,-1.890870713247159,85.79166412353516,965.9437255859376,-0.0084193013608455,21.26961,0.691851,11.31119,0.0,12.74651,0.0,2,1,1.0,1.0,1.0,0.0,0.0,0.0,0.0,,0.0,0.6995295826981708,0.9325680660835065,6540,1,0.0,0.854684463128811,0.9873657426374015,6540,1,0.0,,1.0,2.3336098820058995
"2018-11-30 06:40:00+00:00,-1.881077241260857,84.83833312988281,965.6982421875,-0.0067354408092796,21.89945,0.6274489,12.09931,0.0,12.84031,0.0,3,1,1.0,1.0,1.0,0.0,0.0,0.0,0.0,,0.0,0.7956460199123475,0.9763197881880419,""6540, 6680"",1,0.0,0.86177001953125,0.9887104773403752,6540,1,0.0,,1.0,2.3294616519174043"
"2018-11-30 06:50:00+00:00,-1.7478908770096746,83.88333129882812,965.686767578125,-0.0056733335368335,22.15614,0.7827,12.41199,0.0,12.80867,0.0,3,1,1.0,1.0,1.0,0.0,0.0,0.0,0.0,,0.0,0.9787335056211889,0.9814503913329842,""6540, 6680"",1,0.0,0.8945396460556403,0.9880392097394982,6540,1,0.0,,1.0,2.320934734513274"
"2018-11-30 07:00:00+00:00,-1.857005710405338,84.25499725341797,965.8280639648438,-0.0046766665764153,21.81369,0.7168049,11.23299,0.0,12.23864,0.0,3,1,1.0,1.0,1.0,0.0,0.0,0.0,0.0,,0.0,0.7855568788109756,0.9271662538255602,""6540, 6680"",1,0.0,0.9902558712842988,0.981897763301126,6540,1,0.0,,1.0,2.317708333333333"
"2018-11-30 07:10:00+00:00,-1.826275063619032,84.37916564941406,965.9024658203124,-0.003066666657105,21.58709,0.5540224,11.81919,0.0,12.31207,0.0,3,1,1.0,1.0,1.0,0.0,0.0,0.0,0.0,,0.0,0.7474979754192074,0.9679596401409534,""6540, 6680"",1,0.0,0.9915371927400914,0.9826804556839556,6540,1,0.0,,1.0,2.3018067846607666"
"2018-11-30 07:20:00+00:00,-1.7044640148103716,83.338134765625,965.810302734375,-0.0059153977781534,22.37383,0.5459327,11.80441,0.0,12.75226,0.0,3,1,1.0,1.0,1.0,0.0,0.0,0.0,0.0,,0.0,0.7530781964557927,0.9669288762166569,""6540, 6680"",1,0.0,0.9982431997903963,0.9874264827621212,6540,1,0.0,,1.0,2.281757005899705"
2018-11-30 07:30:00+00:00,-1.95273960459014,84.68982696533203,966.08984375,-0.0041252113878726,20.53827,0.3531661,11.37845,0.0,12.2255,0.0,2,1,1.0,1.0,1.0,0.0,0.0,0.0,1.0,25.786080365349335,0.0,0.680410096703506,0.9373810959820654,6540,1,0.0,0.9847575862233232,0.98176910311437,6540,1,0.0,,1.0,2.2778392330383483
"2018-11-30 07:40:00+00:00,-1.967998730053048,85.11666870117188,966.09765625,-0.0055873543024063,21.20547,0.4834397,11.34911,0.0,12.20024,0.0,3,1,1.0,1.0,1.0,0.0,0.0,0.0,1.0,25.786080365349335,0.0,0.7302401510099086,0.935354926300103,""6540, 6680"",1,0.0,0.9384295207698171,0.9814997976086541,6540,1,0.0,,1.0,2.2633204277286136"
"2018-11-30 07:50:00+00:00,-1.832984749992793,84.62083435058594,966.1271362304688,-0.0068885190412402,21.80072,0.5005429,12.26694,0.0,12.50073,0.0,3,1,1.0,1.0,1.0,0.0,0.0,0.0,1.0,25.78542530192521,0.0,0.7878759170160061,0.9788481792307137,""6540, 6680"",1,0.0,0.840968642816311,0.9847389411479487,""6540, 6680"",1,0.0,,1.0,2.2428097345132745"
"2018-11-30 08:00:00+00:00,-1.849891460487787,84.086669921875,966.3259887695312,-0.0092612309381365,21.5077,0.3910137,11.83123,0.0,12.28569,0.0,3,1,1.0,1.0,1.0,0.0,0.0,0.0,1.0,25.39282182600734,0.0,0.7413743330792683,0.9689786370672051,""6540, 6680"",1,0.0,0.8194995712652439,0.9824249520900574,""6540, 6680"",1,0.0,,1.0,2.1916482300884956"
"2018-11-30 08:10:00+00:00,-1.959697086134472,84.06500244140625,966.529052734375,-0.0053577371872961,20.9824,0.3474762,11.58927,0.0,12.64267,0.0,3,1,1.0,1.0,1.0,0.0,0.0,0.0,1.0,25.26191761011611,0.0,0.8355993354611281,0.9521367571839997,""6540, 6680"",1,0.0,0.852412704839939,0.9862784698835779,""6540, 6680"",1,0.0,,1.0,2.168602507374631"
"2018-11-30 08:20:00+00:00,-2.0273684301042643,85.038330078125,966.5553588867188,-0.0042166667990386,21.22775,0.3632087,12.13753,0.0,13.09721,0.0,3,1,1.0,1.0,1.0,0.0,0.0,0.0,1.0,25.19645458499492,0.0,0.9636874166349085,0.9765371933957085,""6540, 6680"",1,0.0,0.9641999333079269,0.9903409231692699,""6540, 6680"",1,0.0,,1.0,2.169985250737463"
"2018-11-30 08:30:00+00:00,-2.021401117833358,84.85250091552734,966.560791015625,-0.0036800000816583,21.45278,0.3787929,12.52923,0.0,13.03899,0.0,2,1,1.0,1.0,1.0,0.0,0.0,0.0,1.0,25.157172401736403,0.0,0.8076975752667683,0.9836588443017233,6540,1,0.0,1.0020787681021341,0.9899274817316029,""6540, 6680"",1,0.0,,1.0,2.157079646017699"
2018-11-30 08:40:00+00:00,-2.0925365371468545,85.33305358886719,966.7689208984376,-0.0035803723149001,20.97318,0.3296807,11.34193,0.0,12.9681,0.0,2,1,1.0,1.0,1.0,0.0,0.0,0.0,1.0,25.130982200728504,0.0,0.7036732445693598,0.935079777596543,6540,1,0.0,0.9973976991234756,0.9894320724470015,6540,1,0.0,,1.0,2.1374907817109148
2018-11-30 08:50:00+00:00,-2.0939252015109147,85.12542724609375,967.0170288085938,-0.0042030457407236,20.70693,0.3405302,11.31022,0.0,12.20787,0.0,2,1,1.0,1.0,1.0,0.0,0.0,0.0,1.0,25.11227379969269,0.0,0.7045516149009147,0.9329908293386859,6540,1,0.0,0.9808320431592987,0.9816399206797367,6540,1,0.0,,1.0,2.1414085545722714
2018-11-30 09:00:00+00:00,-1.9975490627003456,84.79166412353516,967.167724609375,-0.0055108154192566,21.09003,0.3444283,10.92146,0.0,11.93255,0.0,2,1,1.0,1.0,1.0,0.0,0.0,0.0,1.0,25.09824187973913,0.0,0.6516327648628049,0.9058434116364709,6540,1,0.0,0.9708621141387195,0.9786625617273819,6540,1,0.0,,1.0,2.158001474926254
2018-11-30 09:10:00+00:00,-2.010705469144404,84.08666229248047,967.1782836914062,-0.0083427624776959,21.2706,0.3293967,10.93939,0.0,12.10111,0.0,2,1,1.0,1.0,1.0,0.0,0.0,0.0,1.0,25.08734226281659,0.0,0.6674789800876524,0.9070497787114181,6540,1,0.0,0.9936814024390244,0.9804735545651944,6540,1,0.0,,1.0,2.1527009587020647
2018-11-30 09:20:00+00:00,-2.0608045955896674,84.3066635131836,967.2680053710938,-0.0070415972732007,20.57597,0.4207926,10.7969,0.0,12.0507,0.0,2,1,1.0,1.0,1.0,0.0,0.0,0.0,1.0,25.078596126290858,0.0,0.7264938428925305,0.8961473408564288,6540,1,0.0,0.9905275819359756,0.9799357835796971,6540,1,0.0,,1.0,2.0950866519174043
2018-11-30 09:30:00+00:00,-2.1778660683942306,85.5250015258789,967.3292236328124,-0.0060465889982879,20.92372,0.3985917,11.56478,0.0,12.38035,0.0,2,1,1.0,1.0,1.0,0.0,0.0,0.0,1.0,25.071451926092333,0.0,0.9189619259717988,0.9506808240756304,6540,1,0.0,0.9962425566882621,0.9834909875381435,6540,1,0.0,,1.0,2.03125
"2018-11-30 09:40:00+00:00,-2.2155329571388203,85.86333465576172,967.1941528320312,-0.0048985024914145,20.95175,0.3663233,11.37812,0.0,12.46917,0.0,3,1,1.0,1.0,1.0,0.0,0.0,0.0,1.0,25.065498298779087,0.0,0.7349386075647866,0.9377250552554245,""6540, 6680"",1,0.0,0.9947880740282012,0.9844590438446984,""6540, 6680"",1,0.0,,1.0,1.8856010324483776"
"2018-11-30 09:50:00+00:00,-2.2275515286159684,85.64666748046875,967.4606323242188,-0.0056733335368335,20.42905,0.3796317,10.47832,0.0,12.54852,0.0,3,1,1.0,1.0,1.0,0.0,0.0,0.0,1.0,25.060366941423162,0.0,0.6080419326410061,0.8423557934808656,""6540, 6680"",1,0.0,0.9966088867187499,0.985324968989977,""6540, 6680"",1,0.0,,1.0,1.7328078908554574"
"2018-11-30 10:00:00+00:00,-2.1933831031163047,85.30333709716797,967.625,-0.003986666444689,20.51327,0.3956511,10.74766,0.0,12.07652,0.0,3,1,1.0,1.0,1.0,0.0,0.0,0.0,1.0,25.0,0.0,0.6351900724085365,0.8881239512976016,""6540, 6680"",1,0.0,0.9794200766958842,0.9802378072057589,""6540, 6680"",1,0.0,,1.0,1.664592551622419"
"2018-11-30 10:10:00+00:00,-2.0968218764844524,84.95677947998047,967.723876953125,-0.0065380712039768,20.55344,0.3535903,10.97841,0.0,11.8087,0.0,3,1,1.0,1.0,1.0,0.0,0.0,0.0,1.0,25.0,0.0,0.6374443240282012,0.9099436731101779,""6540, 6680"",1,0.0,0.9549720131478658,0.9762999247587179,""6540, 6680"",1,0.0,,1.0,1.5378410766961652"
"2018-11-30 10:20:00+00:00,-2.220420084747806,86.38304901123047,967.7412719726562,-0.0059054056182503,20.00841,0.3815218,10.80409,0.0,12.16399,0.0,3,1,1.0,1.0,1.0,0.0,0.0,0.0,1.0,25.0,0.0,0.6753748451791158,0.8978773371754205,""6540, 6680"",1,0.0,0.9493114638910061,0.9811972299439095,""6540, 6680"",1,0.0,,1.0,1.4299870943952802"
"2018-11-30 10:30:00+00:00,-2.3790393361793614,88.27372741699219,967.7615356445312,-0.0096599999815225,19.88403,0.4910117,11.07281,0.0,11.78045,0.0,3,1,1.0,1.0,1.0,0.0,0.0,0.0,1.0,25.0,0.0,0.8739810999428353,0.916744003003539,""6540, 6680"",1,0.0,0.7786443049733232,0.9751196619411716,6540,1,0.0,,1.0,1.3424133480825957"
2018-11-30 10:40:00+00:00,-2.4353626727458373,88.70916748046875,967.9071655273438,-0.0111747086048126,20.22351,0.38502,10.82283,0.0,11.64476,0.0,1,1,1.0,1.0,1.0,0.0,0.0,0.0,1.0,25.0,0.0,0.6803225038109756,0.899331979379247,6540,1,0.0,0.7656495331554878,0.9687121944321727,6540,1,0.0,,1.0,1.3016224188790562
2018-11-30 10:50:00+00:00,-2.425172728486621,88.44750213623047,967.8925170898438,-0.0055873543024063,19.51156,0.5190965,9.969685,0.0,11.55282,0.0,1,1,1.0,1.0,1.0,0.0,0.0,0.0,1.0,24.99966666847157,0.0,0.540130585461128,0.7567814491843212,6540,1,0.0,0.7507279558879573,0.964392241221754,6540,1,0.0,,1.0,1.233867994100295
2018-11-30 11:00:00+00:00,-2.352444340219451,87.40916442871094,968.1353759765624,-0.0042096506804227,20.68857,0.40582,10.62144,0.0,12.35569,0.0,1,1,1.0,1.0,1.0,0.0,0.0,0.0,1.0,24.799667219760696,0.0,0.6177754620807927,0.8672282789687341,6540,1,0.0,0.8739779439786586,0.9832883384598093,6540,1,0.0,,1.0,1.1852415191740413
2018-11-30 11:10:00+00:00,-2.3138499895507225,86.60333251953125,968.3807373046876,-0.0012246256228536,20.90168,0.4922367,11.54539,0.0,12.96133,0.0,1,1,1.0,1.0,1.0,0.0,0.0,0.0,1.0,24.6,0.0,0.705224609375,0.949737033169398,6540,1,0.0,0.9971297399009146,0.989438127169291,6540,1,0.0,,1.0,1.1377673303834808
2018-11-30 11:20:00+00:00,-2.3857864446809227,87.11000061035156,968.429931640625,0.0295166671276092,21.34822,0.4377617,10.4337,0.0,12.87389,0.0,1,1,1.0,1.0,1.0,0.0,0.0,0.0,1.0,24.39966666847157,0.0,0.6674930926067073,0.8356102918088069,6540,1,0.0,0.9937367211318597,0.9888247901769283,6540,1,0.0,,1.0,1.0810748525073746
2018-11-30 11:30:00+00:00,-2.319057733768162,87.02033996582031,968.5647583007812,0.1560979783535003,20.54332,0.5437329,10.79374,0.0,12.14938,0.0,1,1,1.0,1.0,1.0,0.0,0.0,0.0,1.0,24.199666665124397,0.0,0.8091255597370427,0.8968125867358859,6540,1,0.0,0.9853989019626523,0.9810863619517709,6540,1,0.0,,1.0,1.0552636430678466
2018-11-30 11:40:00+00:00,-2.3915534979976525,87.91525268554688,968.7739868164062,0.891998291015625,19.79758,0.4216461,9.94056,0.0,11.34856,0.0,1,1,1.0,1.0,1.0,0.0,0.0,0.0,1.0,23.99966666847157,0.0,0.6130674185403964,0.752157270064052,6540,1,0.0,0.9378852062690549,0.954820196621639,6540,1,0.0,,1.0,1.0167772861356932
2018-11-30 11:50:00+00:00,-2.48484585119568,89.57499694824219,968.8036499023438,2.855795383453369,19.86775,0.360995,9.715665,0.0,11.47298,0.0,1,1,1.0,1.0,1.0,0.0,0.0,0.0,1.0,23.7996666651244,0.0,0.4968110768387957,0.7121118762403922,6540,1,0.0,0.9419621165205793,0.9607533487521276,6540,1,0.0,,1.0,1.0107853982300885
2018-11-30 12:00:00+00:00,-2.561561213186903,90.39250183105467,968.704833984375,9.55283546447754,19.01278,0.3347167,9.401957,0.0,12.02349,0.0,1,1,1.0,1.0,1.0,0.0,0.0,0.0,1.0,23.599666668471574,0.0,0.464533661633003,0.6513917721407344,6540,1,0.0,0.9648801329077743,0.9797756378776661,6540,1,0.0,,1.0,1.0075589970501473
2018-11-30 12:10:00+00:00,-2.51977283333995,90.40249633789062,968.8170776367188,18.8527946472168,20.93865,0.3403661,10.35743,0.0,11.94749,0.0,1,1,1.0,1.0,1.0,0.0,0.0,0.0,1.0,23.399666665124396,0.0,0.590213652820122,0.8232282198768132,6540,1,0.0,0.9844802782012195,0.9789412919888993,6540,1,0.0,,1.0,1.0038716814159292
2018-11-30 12:20:00+00:00,-2.5525091038945966,89.82083129882812,968.9375610351562,37.87385940551758,19.55978,0.3523727,10.38334,0.0,11.48986,0.0,1,1,1.0,1.0,1.0,0.0,0.0,0.0,1.0,23.19966666847157,0.0,0.6664832436166158,0.8280448790384367,6540,1,0.0,0.9510863662347561,0.9617386040126829,6540,1,0.0,,1.0,0.9992625368731562
2018-11-30 12:30:00+00:00,-2.607858453729398,90.55999755859376,969.02587890625,49.31282806396485,19.9011,0.330787,10.47531,0.0,11.43207,0.0,1,1,1.0,1.0,1.0,0.0,0.0,0.0,1.0,22.999666665124394,0.0,0.7507365305830793,0.8437927479038966,6540,1,0.0,0.9462887052210366,0.9590397676683305,6540,1,0.0,,1.0,0.9499446902654867
2018-11-30 12:40:00+00:00,-2.6903823368005884,91.90169525146484,969.1396484375,37.97640228271485,19.90233,0.323792,9.951054,0.0,11.36399,0.0,1,1,1.0,1.0,1.0,0.0,0.0,0.0,1.0,22.7996666651244,0.0,0.5733842654344512,0.7548940695318469,6540,1,0.0,0.9264060713605183,0.9558555972357032,6540,1,0.0,,1.0,0.9135324483775811
2018-11-30 12:50:00+00:00,-2.6079009329014955,91.26695251464844,969.204833984375,61.39979553222656,19.87938,0.34011,9.545026,0.0,11.08931,0.0,1,1,1.0,1.0,1.0,0.0,0.0,0.0,1.0,22.599666668471574,0.0,0.47124130621189025,0.6799224401503985,6540,1,0.0,0.8146986947408537,0.9428743083478349,6540,1,0.0,,1.0,0.857531342182891
2018-11-30 13:00:00+00:00,-2.523405813963187,89.15169525146484,969.3596801757812,108.43216705322266,19.32932,0.2663833,9.294732,0.0,10.61678,0.0,1,1,1.0,1.0,1.0,0.0,0.0,0.0,1.0,22.399667219755123,0.0,0.44823813833841464,0.6314115190029415,6540,1,0.0,0.6396507598132622,0.8936818805939168,6540,1,0.0,,1.0,0.7722621681415929
2018-11-30 13:10:00+00:00,-2.5690557528356166,89.77288055419922,969.27685546875,86.05530548095703,19.07667,0.2839883,8.769807,0.0,9.624493,0.0,1,1,1.0,1.0,1.0,0.0,0.0,0.0,1.0,22.2,0.0,0.37863799304496953,0.5292820872576183,6540,1,0.0,0.5350882479039634,0.7174095371066067,6540,1,0.0,,1.0,0.6722437315634219
2018-11-30 13:20:00+00:00,-2.5860352847684926,90.52268981933594,969.4255981445312,122.66219329833984,17.82067,0.2882269,7.544742,0.0,8.931744,0.0,1,1,1.0,1.0,1.0,0.0,0.0,0.0,1.0,22.0,0.0,0.3024230361566311,0.3326528041435527,6540,1,0.0,0.4535113078791921,0.5832315820644615,6540,1,0.0,,1.0,0.5507927728613569
2018-11-30 13:30:00+00:00,-2.516073099731989,90.36083221435548,969.5272216796876,150.62179565429688,18.62384,0.2578552,8.325215,0.0,9.250745,0.0,1,1,1.0,1.0,1.0,0.0,0.0,0.0,1.0,22.0,0.0,0.4096119354992378,0.4551798969696506,6540,1,0.0,0.5487224299733232,0.6452478458366384,6540,1,0.0,,1.0,0.5136891592920354
2018-11-30 13:40:00+00:00,-2.4141230866968506,89.07917022705078,969.647705078125,169.92079162597656,18.71269,0.3608648,8.621645,0.0,9.124672,0.0,1,1,1.0,1.0,1.0,0.0,0.0,0.0,1.0,22.0,0.0,0.4496033905773628,0.5031887745947456,6540,1,0.0,0.5529251619664635,0.6208293161861074,6540,1,0.0,,1.0,0.47750737463126847
"2018-11-30 13:50:00+00:00,-2.404464132088858,89.32167053222656,969.7008056640624,170.90049743652344,18.42664,0.2653577,8.743016,0.0,8.940131,0.0,1,1,1.0,1.0,1.0,0.0,0.0,0.0,1.0,21.999777778981045,0.0,0.45736277510480183,0.5244246995123065,""6540, 6680"",1,0.0,0.5111870593559451,0.5851191496723906,6540,1,0.0,,1.0,0.4095224926253687"
"2018-11-30 14:00:00+00:00,-2.3791081119818056,88.25338745117188,969.756103515625,192.9163818359375,18.07745,0.3269634,8.904174,0.0,8.387697,0.0,1,1,1.0,1.0,1.0,0.0,0.0,0.0,1.0,21.866444443416267,0.0,0.4781764481707317,0.5558514753828002,""6540, 6680"",1,0.0,0.46879864948551825,0.48557269835519123,6540,1,0.0,,1.0,0.38878134218289084"
"2018-11-30 14:10:00+00:00,-2.337743512446973,86.56017303466797,969.97216796875,209.07077026367188,17.86221,0.3730599,8.571039,0.0,8.587111,0.0,1,1,1.0,1.0,1.0,0.0,0.0,0.0,1.0,21.73311111008293,0.0,0.4341938893387957,0.4951804305837867,""6540, 6680"",1,0.0,0.4654697325171494,0.5196901391754984,6540,1,0.0,,1.0,0.4212758112094395"
"2018-11-30 14:20:00+00:00,-2.287318712348959,83.7177963256836,969.7383422851562,216.76300048828125,17.63823,0.3247117,9.329084,0.0,9.774263,0.0,1,1,1.0,1.0,1.0,0.0,0.0,0.0,1.0,21.59977777898105,0.0,0.5456670398246951,0.6389547683666862,""6540, 6680"",1,0.0,0.6419429425495426,0.7470799495980057,6540,1,0.0,,1.0,0.4544616519174041"
"2018-11-30 14:30:00+00:00,-2.307958532944277,82.80762481689453,969.7769775390624,205.2667236328125,18.1506,0.3184207,9.580212,0.0,9.703361,0.0,1,1,1.0,1.0,1.0,0.0,0.0,0.0,1.0,21.46644444341626,0.0,0.5553592439977134,0.687893196210935,""6540, 6680"",1,0.0,0.6103825266768292,0.7333345001048719,6540,1,0.0,,1.0,0.3977691740412979"
2018-11-30 14:40:00+00:00,-2.326897163837957,84.5250015258789,969.8171997070312,208.49417114257807,17.79538,0.3117467,8.475044,0.0,9.034231,0.0,1,1,1.0,1.0,1.0,0.0,0.0,0.0,1.0,21.33311111231438,0.0,0.4060474823742378,0.47972723056203126,6540,1,0.0,0.4999185999428354,0.6036421731926722,6540,1,0.0,,1.0,0.3724188790560472
2018-11-30 14:50:00+00:00,-2.3931788320348297,85.65083312988281,969.745361328125,206.4178009033203,17.51918,0.2683456,8.099942,0.0,8.029273,0.0,1,1,1.0,1.0,1.0,0.0,0.0,0.0,1.0,21.1997777767496,0.0,0.31764862804878047,0.41900875734227444,6540,1,0.0,,,6540,0,,,1.0,0.35628687315634217
2018-11-30 15:00:00+00:00,-2.47092178542728,86.21833038330078,969.7169799804688,187.4161376953125,17.56646,0.2763856,8.066275,0.0,7.903828,0.0,1,1,1.0,1.0,1.0,0.0,0.0,0.0,1.0,21.06644481540154,0.0,0.3095828768102134,0.41365077925676014,6540,1,0.0,0.3522496963128811,0.40343908099965126,6540,1,0.0,,1.0,0.3385416666666667
2018-11-30 15:10:00+00:00,-2.5044975253352906,86.31610107421875,969.6844482421876,200.4682464599609,17.01858,0.3084816,7.657762,0.0,7.578129,0.0,1,1,1.0,1.0,1.0,0.0,0.0,0.0,1.0,20.933333333333334,0.0,0.28566293111661584,0.3485032001470828,6540,1,0.0,0.3105944228753811,0.35143876187373096,6540,1,0.0,,1.0,0.30143805309734517
"2018-11-30 15:20:00+00:00,-2.466757815152819,85.92796325683594,969.5787963867188,232.7099609375,16.81464,0.2304992,7.465644,0.0,7.712438,0.0,1,1,1.0,1.0,1.0,0.0,0.0,0.0,1.0,20.79977777898105,0.0,0.25621439119664635,0.32223405116486475,""6540, 6680"",1,0.0,0.3097844714653201,0.3708034936950708,6540,1,0.0,,1.0,0.2975202802359882"
"2018-11-30 15:30:00+00:00,-2.4917598421590554,85.56694793701172,969.3880004882812,246.9966278076172,17.14993,0.2339267,7.71513,0.0,7.501346,0.0,1,1,1.0,1.0,1.0,0.0,0.0,0.0,1.0,20.666444443416268,0.0,0.29204976895960366,0.3568063723449666,""6540, 6680"",1,0.0,0.2797987626238567,0.34055086852240357,6540,1,0.0,,1.0,0.35790007374631266"
"2018-11-30 15:40:00+00:00,-2.5154409691948163,84.34583282470703,969.5086059570312,263.8006591796875,17.47453,0.2307083,7.886021,0.0,7.938303,0.0,1,1,1.0,1.0,1.0,0.0,0.0,0.0,1.0,20.53311111008293,0.0,0.3139647246570122,0.38454431711599785,""6540, 6680"",1,0.0,0.32925566882621954,0.4094048081716974,6540,1,0.0,,1.0,0.35352138643067843"
"2018-11-30 15:50:00+00:00,-2.523852856679075,83.68582916259766,969.442626953125,247.79766845703125,16.82222,0.2302137,7.276525,0.0,7.699982,0.0,1,1,1.0,1.0,1.0,0.0,0.0,0.0,1.0,20.399777778981047,0.0,0.25266628358422255,0.29648751439774285,""6540, 6680"",1,0.0,0.3059158548494665,0.36892576081992573,6540,1,0.0,,1.0,0.3553650442477876"
2018-11-30 16:00:00+00:00,-2.5428926284587026,83.0683364868164,969.41845703125,289.7578430175781,17.30483,0.2150669,7.457195,0.0,7.048245,0.0,1,1,1.0,1.0,1.0,0.0,0.0,0.0,1.0,20.266444443416265,0.0,0.2709762052210366,0.32120788044811466,6540,1,0.0,0.23620539967606707,0.2761795318194451,6540,1,0.0,,1.0,0.36527470501474923
2018-11-30 16:10:00+00:00,-2.4698770000754418,81.90499877929688,969.51611328125,323.5401611328125,16.67695,0.2177733,6.734678,0.0,6.688486,0.0,1,1,1.0,1.0,1.0,0.0,0.0,0.0,1.0,20.13311111231438,0.0,0.19488989853277439,0.22231346007767197,6540,1,0.0,0.1861721131859756,0.22493495977021816,6540,1,0.0,,1.0,0.35306047197640117
2018-11-30 16:20:00+00:00,-2.411936420742664,82.99915313720703,969.5787353515624,278.8498229980469,16.12862,0.2160883,7.287723,0.0,6.65412,0.0,1,1,1.0,1.0,1.0,0.0,0.0,0.0,1.0,20.0,0.0,0.2508388612328506,0.29789217410553215,6540,1,0.0,0.2141680461604421,0.22115531493185706,6540,1,0.0,,1.0,0.3535213864306785
2018-11-30 16:30:00+00:00,-2.449778283219943,82.48898315429688,969.658447265625,299.8045654296875,16.91634,0.2174975,7.590644,0.0,7.168022,0.0,1,1,1.0,1.0,1.0,0.0,0.0,0.0,1.0,20.0,0.0,0.29373240401105183,0.3393914188833411,6540,1,0.0,0.2502285096703506,0.29315251237503837,6540,1,0.0,,1.0,0.31111725663716816
2018-11-30 16:40:00+00:00,-2.4558214511553094,82.53474426269531,969.4956665039062,309.93731689453125,17.06459,0.2233189,7.174355,0.0,7.262397,0.0,1,1,1.0,1.0,1.0,0.0,0.0,0.0,1.0,20.0,0.0,0.2542567108898628,0.28248613723668076,6540,1,0.0,0.26010274747522866,0.30662836462313625,6540,1,0.0,,1.0,0.2917588495575221
2018-11-30 16:50:00+00:00,-2.388964291317395,83.70999908447266,969.5186767578124,311.15057373046875,16.95193,0.2317005,7.44986,0.0,8.327141,0.0,1,1,1.0,1.0,1.0,0.0,0.0,0.0,1.0,19.999777778981045,0.0,0.2536752096036585,0.32025655895691707,6540,1,0.0,0.3720936844988567,0.4758401184861284,6540,1,0.0,,1.0,0.2793141592920354
2018-11-30 17:00:00+00:00,-2.5807860727878147,83.41416931152344,969.6119384765624,315.38836669921875,16.10865,0.2294576,5.803533,0.0,7.03486,0.0,1,1,1.0,1.0,1.0,0.0,0.0,0.0,1.0,19.8664448131738,0.0,0.12725886647294207,0.12248332654653897,6540,1,0.0,0.21418446610613567,0.27426323426373345,6540,1,0.0,,0.0,0.28691924778761063
2018-11-30 17:10:00+00:00,-2.7734807001039616,85.79237365722656,969.828857421875,144.3018341064453,15.78583,0.2438548,6.632793,0.0,6.537673,0.0,1,1,1.0,1.0,1.0,0.0,0.0,0.0,1.0,19.733333333333334,0.0,0.17801951338605185,0.2099580672636087,6540,1,0.0,0.17453733862900153,0.20889455444687177,6540,1,0.0,,1.0,0.31687868731563423
2018-11-30 17:20:00+00:00,-2.653321281962825,84.63416290283203,969.7596435546876,298.2260131835937,15.44664,0.3513773,6.246037,0.0,7.237392,0.0,1,1,1.0,1.0,1.0,0.0,0.0,0.0,1.0,19.59977814873487,0.0,0.141322929568407,0.16928070348429425,6540,1,0.0,0.24650868485613567,0.3033333209251651,6540,1,0.0,,0.0,0.32724926253687314
2018-11-30 17:30:00+00:00,-2.651340943415972,85.57333374023438,969.902099609375,277.75201416015625,15.51172,0.2590333,6.357247,0.0,7.04194,0.0,1,1,1.0,1.0,1.0,0.0,0.0,0.0,1.0,19.466666666666665,0.0,0.13982319157298018,0.18102886703605048,6540,1,0.0,0.23322226919778966,0.2755480567602076,6540,1,0.0,,1.0,0.31918325958702065
2018-11-30 17:40:00+00:00,-2.788723643025118,86.30332946777344,969.7359008789062,234.5888671875,16.08608,0.4367346,7.318781,0.0,6.486888,0.0,1,1,1.0,1.0,1.0,0.0,0.0,0.0,1.0,19.33311111231438,0.0,0.23534958257907773,0.30261708921586755,6540,1,0.0,0.16443736006573934,0.2036533660682068,6540,1,0.0,,0.0,0.318952802359882
2018-11-30 17:50:00+00:00,-2.994575688194183,88.2381362915039,969.5652465820312,142.15200805664062,17.10013,0.3627767,8.593293,0.0,7.347474,0.0,1,1,1.0,1.0,1.0,0.0,0.0,0.0,1.0,19.1997777767496,0.0,0.4157752060308689,0.49969434202054036,6540,1,0.0,0.27041512838224085,0.3191628989879277,6540,1,0.0,,0.0,0.3148045722713864
2018-11-30 18:00:00+00:00,-3.032118173649057,87.94237518310547,969.6907348632812,174.8270263671875,17.30432,0.4082771,8.105196,0.0,6.996188,0.0,1,1,1.0,1.0,1.0,0.0,0.0,0.0,1.0,19.066444445647715,0.0,0.3602592654344512,0.42070341385290705,6540,1,0.0,0.23854775033346037,0.2692214423435741,6540,1,0.0,,0.0,0.28807153392330387
2018-11-30 18:10:00+00:00,-2.958242847735242,87.47457885742188,969.8307495117188,180.21958923339844,17.16679,0.345404,7.676673,0.0,8.457232,0.0,1,1,1.0,1.0,1.0,0.0,0.0,0.0,1.0,18.933111110082933,0.0,0.3039526962652439,0.3516566257636706,6540,1,0.0,0.42359243997713414,0.4985245567657785,6540,1,0.0,,0.0,0.26133849557522126
2018-11-30 18:20:00+00:00,-3.010930169451903,89.92916870117188,969.8775634765624,133.14675903320312,17.16875,0.5634443,7.071519,0.0,8.066849,0.0,1,1,1.0,1.0,1.0,0.0,0.0,0.0,1.0,18.799777778981046,0.0,0.23216475323932928,0.26880898531905006,6540,1,0.0,0.3657981016577744,0.4319123255559636,6540,1,0.0,,0.0,0.24036688790560473
2018-11-30 18:30:00+00:00,-3.053105918892035,87.2249984741211,969.8243408203124,180.4442596435547,17.89596,0.5610117,8.974652,0.0,8.721529,0.0,1,1,1.0,1.0,1.0,0.0,0.0,0.0,1.0,18.666444443416264,0.0,0.5161080411585366,0.5709521083301922,6540,1,0.0,0.45570651915015237,0.5440517894471505,6540,1,0.0,,0.0,0.19750184365781712
2018-11-30 18:40:00+00:00,-3.1362012479688297,88.98500061035156,969.8782958984376,132.38169860839844,17.43931,0.5576935,8.616441,0.0,8.366468,0.0,1,1,1.0,1.0,1.0,0.0,0.0,0.0,1.0,18.533111110082935,0.0,0.452512177258003,0.5035768683183404,6540,1,0.0,0.42688390220083844,0.4831525298722614,6540,1,0.0,,0.0,0.18275258112094397
2018-11-30 18:50:00+00:00,-3.153968667403237,90.17749786376952,969.9862670898438,120.07693481445312,16.03635,0.5524616,9.778109,0.0,8.048584,0.0,1,1,1.0,1.0,1.0,0.0,0.0,0.0,1.0,18.399777778981047,0.0,0.6086271555830792,0.7279064051205748,6540,1,0.0,0.32189789562690546,0.42900171592817593,6540,1,0.0,,0.0,0.18551806784660768
2018-11-30 19:00:00+00:00,-3.2739723285800144,90.5999984741211,969.9669799804688,62.32826614379883,17.66552,0.6234882,9.222436,0.0,8.083116,0.0,1,1,1.0,1.0,1.0,0.0,0.0,0.0,1.0,18.266444813170082,0.0,0.4438196098513719,0.6197485442469886,6540,1,0.0,0.37820351205221037,0.4350766154555587,6540,1,0.0,,0.0,0.15809365781710916
2018-11-30 19:10:00+00:00,-3.3164686946286,89.86833190917969,970.2638549804688,74.14517974853516,17.02662,0.6160539,8.910083,0.0,7.333348,0.0,1,1,1.0,1.0,1.0,0.0,0.0,0.0,1.0,18.133333333333333,0.0,0.40618318883384147,0.5587470332693824,6540,1,0.0,0.30960922613376524,0.3174211760492963,6540,1,0.0,,0.0,0.16846423303834807
2018-11-30 19:20:00+00:00,-3.3613408600880934,89.88983154296875,970.3634643554688,56.79229736328125,17.75882,0.6163305,8.319774,0.0,8.356496,0.0,1,1,1.0,1.0,1.0,0.0,0.0,0.0,1.0,18.0,0.0,0.3629096203315549,0.4557934704884102,6540,1,0.0,0.4334085008574695,0.48175582779498216,6540,1,0.0,,0.0,0.14634033923303835
2018-11-30 19:30:00+00:00,-3.419196481076675,88.8974609375,970.3804931640624,26.18403625488281,17.28101,0.5909899,8.787309,0.0,8.602101,0.0,1,1,1.0,1.0,1.0,0.0,0.0,0.0,1.0,18.0,0.0,0.412338271722561,0.5348659250010971,6540,1,0.0,0.4499587640529726,0.5236527075381598,6540,1,0.0,,0.0,0.14703171091445427
2018-11-30 19:40:00+00:00,-3.467521596382418,89.61355590820312,970.460693359375,28.10120010375977,17.02752,0.6217372,8.569654,0.0,7.945418,0.0,1,1,1.0,1.0,1.0,0.0,0.0,0.0,1.0,17.999666665124398,0.0,0.4402876988852896,0.4962306471278556,6540,1,0.0,0.3729078934832317,0.4115654473773311,6540,1,0.0,,0.0,0.17261246312684367
2018-11-30 19:50:00+00:00,-3.454652430054451,91.54000091552734,970.6134643554688,19.19384384155273,17.4637,0.6133066,8.142241,0.0,8.189837,0.0,1,1,1.0,1.0,1.0,0.0,0.0,0.0,1.0,17.79966666847157,0.0,0.37842258360327746,0.4269141952791218,6540,1,0.0,0.42008330554496953,0.45321112291871896,6540,1,0.0,,0.0,0.1728429203539823
2018-11-30 20:00:00+00:00,-3.3949621133947807,92.15249633789062,970.7679443359376,17.31926727294922,17.56811,0.6223918,8.994586,0.0,8.682412,0.0,1,1,1.0,1.0,1.0,0.0,0.0,0.0,1.0,17.5996666651244,0.0,0.4968211699695122,0.5752566731784087,6540,1,0.0,0.47276644078696645,0.5372975521188865,6540,1,0.0,,0.0,0.17975663716814158
2018-11-30 20:10:00+00:00,-3.507372116854616,93.1066665649414,971.0305786132812,12.019550323486328,17.9001,0.6583074,8.367945,0.0,8.889258,0.0,1,1,1.0,1.0,1.0,0.0,0.0,0.0,1.0,17.399666665124396,0.0,0.37777552162728656,0.4635785182627558,6540,1,0.0,0.530302734375,0.5770473603442292,6540,1,0.0,,0.0,0.1712297197640118
2018-11-30 20:20:00+00:00,-3.5671969508925963,93.84583282470705,970.881591796875,5.671636581420898,17.74612,0.656173,7.704814,0.0,8.288988,0.0,1,1,1.0,1.0,1.0,0.0,0.0,0.0,1.0,17.199666668471572,0.0,0.284695419683689,0.35618606595647906,6540,1,0.0,0.42874508741425305,0.4703071053824804,6540,1,0.0,,0.0,0.17653023598820058
2018-11-30 20:30:00+00:00,-3.599056329966077,93.23916625976562,970.8131103515624,2.563344955444336,18.51055,0.7033877,9.151477,0.0,9.192648,0.0,1,1,1.0,1.0,1.0,0.0,0.0,0.0,1.0,16.999666665124398,0.0,0.4154555604516006,0.6059862159700854,6540,1,0.0,0.5802285394435975,0.6359969538899808,6540,1,0.0,,0.0,0.16178097345132741
2018-11-30 20:40:00+00:00,-3.624298060872009,94.73728942871094,970.859130859375,1.274787187576294,18.58737,0.7390866,8.991607,0.0,9.383595,0.0,1,1,1.0,1.0,1.0,0.0,0.0,0.0,1.0,16.79966666847157,0.0,0.41174405725990854,0.5748269544363938,6540,1,0.0,0.5941611685403964,0.6731067590999849,6540,1,0.0,,0.0,0.15532817109144542
2018-11-30 20:50:00+00:00,-3.651246038523877,95.7203369140625,970.85546875,0.2897635102272033,18.40452,0.7718793,8.547747,0.0,9.217046,0.0,1,1,1.0,1.0,1.0,0.0,0.0,0.0,1.0,16.599666665124396,0.0,0.4060389076791159,0.49285817559570716,6540,1,0.0,0.566584413109756,0.6408477618808394,6540,1,0.0,,0.0,0.13781342182890854
"2018-11-30 21:00:00+00:00,-3.619472629203451,96.41271209716795,970.9188842773438,0.0370641909539699,17.94555,0.7132682,8.341504,0.0,8.641648,0.0,1,1,1.0,1.0,1.0,0.0,0.0,0.0,1.0,16.399667223102306,0.0,0.407107529058689,0.45939669780759196,""6540, 6680"",1,0.0,0.4857022913490854,0.5304919681832759,6540,1,0.0,,0.0,0.12698193215339232"
"2018-11-30 21:10:00+00:00,-3.604473435817429,96.89067840576172,971.0611572265624,-7.770270167384297e-05,17.61699,0.7011875,6.971992,0.0,8.533369,0.0,1,1,1.0,1.0,1.0,0.0,0.0,0.0,1.0,16.2,0.0,0.2366438553972942,0.2555861504757019,""6540, 6680"",1,0.0,0.4572086390053354,0.5120847477279123,6540,1,0.0,,0.0,0.10992809734513273"
"2018-11-30 21:20:00+00:00,-3.594296639873385,96.52941131591795,970.9791259765624,-0.0039800330996513,18.00756,0.7463141,7.41956,0.0,8.846178,0.0,1,1,1.0,1.0,1.0,0.0,0.0,0.0,1.0,15.999666668471571,0.0,0.28616458055449695,0.3168371776285358,""6540, 6680"",1,0.0,0.5558478825266768,0.5694061758212722,6540,1,0.0,,0.0,0.08204277286135693"
"2018-11-30 21:30:00+00:00,-3.57654338016301,95.42333221435548,971.1153564453124,-0.0067354408092796,17.93196,0.7593843,7.517209,0.0,8.715819,0.0,1,1,1.0,1.0,1.0,0.0,0.0,0.0,1.0,15.799666665124398,0.0,0.2923130240091463,0.33014087162991435,""6540, 6680"",1,0.0,0.5256732326600609,0.543432027443171,6540,1,0.0,,0.0,0.07051991150442478"
"2018-11-30 21:40:00+00:00,-3.585797771227212,93.29750061035156,971.0913696289062,-0.0104858567938208,18.09496,0.7541223,7.305783,0.0,8.745454,0.0,1,1,1.0,1.0,1.0,0.0,0.0,0.0,1.0,15.599666665124396,0.0,0.2777491425304878,0.30111013882805465,""6540, 6680"",1,0.0,0.5622114972370427,0.5490400769970748,6540,1,0.0,,0.0,0.062223451327433635"
2018-11-30 21:50:00+00:00,-3.544532289760608,89.84833526611328,971.0355834960938,-0.0090466663241386,19.19595,0.7929456,7.918499,0.0,10.02953,0.0,1,1,1.0,1.0,1.0,0.0,0.0,0.0,1.0,15.399666668471571,0.0,0.3457227157964939,0.39039164335062415,6540,1,0.0,0.733850752667683,0.7928622946109111,6540,1,0.0,,0.0,0.06061025073746312
2018-11-30 22:00:00+00:00,-3.569371479940469,87.9433364868164,971.1380004882812,-0.0054433331824839,19.38869,0.8183242,8.461767,0.0,10.39034,0.0,1,1,1.0,1.0,1.0,0.0,0.0,0.0,1.0,15.199666665124397,0.0,0.4293342106516768,0.4783068209108369,6540,1,0.0,0.8009389291158536,0.8559118287376227,6540,1,0.0,,0.0,0.05853613569321534
2018-11-30 22:10:00+00:00,-3.528080713252378,87.6241683959961,971.3421020507812,-0.0043700002133846,18.67207,0.8398459,7.660635,0.0,9.708697,0.0,1,1,1.0,1.0,1.0,0.0,0.0,0.0,1.0,15.0,0.0,0.3099179151581555,0.3495977885881064,6540,1,0.0,0.6802184165396341,0.7358235237520551,6540,1,0.0,,0.0,0.05484882005899705
2018-11-30 22:20:00+00:00,-3.5492393865926077,88.04067993164062,971.44482421875,-0.0049729729071259,18.45457,0.8707218,7.118101,0.0,9.328742,0.0,1,1,1.0,1.0,1.0,0.0,0.0,0.0,1.0,15.0,0.0,0.2601604480278201,0.2753535873586694,6540,1,0.0,0.6507982207507622,0.6621261438098769,6540,1,0.0,,0.0,0.050700589970501475
2018-11-30 22:30:00+00:00,-3.593990182988964,88.7525405883789,971.3615112304688,-0.0051283785142004,18.30077,0.877055,6.825067,0.0,9.078266,0.0,1,1,1.0,1.0,1.0,0.0,0.0,0.0,1.0,15.0,0.0,0.22039732398056402,0.23521030802890405,6540,1,0.0,,,6540,0,,,0.0,0.04609144542772862
2018-11-30 22:40:00+00:00,-3.5818957558473548,87.54067993164062,971.5404052734376,-0.003496621735394,17.9623,0.8750432,7.25928,0.0,8.889077,0.0,1,1,1.0,1.0,1.0,0.0,0.0,0.0,1.0,14.999555553499196,0.0,0.2580329708936738,0.2946376220682751,6540,1,0.0,0.5810602848704268,0.5767295863557191,6540,1,0.0,,0.0,0.05392699115044247
2018-11-30 22:50:00+00:00,-3.659731758854877,88.82583618164062,971.6363525390624,-0.0051281196065247,17.90633,0.8733881,7.090506,0.0,8.731078,0.0,1,1,1.0,1.0,1.0,0.0,0.0,0.0,1.0,14.732888891295426,0.0,0.22840693776200457,0.27152720775147726,6540,1,0.0,0.5326810213414634,0.5460539332863538,6540,1,0.0,,0.0,0.05254424778761062
2018-11-30 23:00:00+00:00,-3.631918015219298,88.17749786376953,971.6725463867188,-0.0039800330996513,18.62144,0.9090974,7.726497,0.0,9.203171,0.0,1,1,1.0,1.0,1.0,0.0,0.0,0.0,1.0,14.466222959680927,0.0,0.33050962866806405,0.35929106755011403,6540,1,0.0,0.6402107945884147,0.637506252339911,6540,1,0.0,,0.0,0.05784476401179941
2018-11-30 23:10:00+00:00,-3.6359636506572,87.39083099365234,971.8760986328124,-0.0054342760704457,18.46878,0.9148433,7.758418,0.0,9.10759,0.0,1,1,1.0,1.0,1.0,0.0,0.0,0.0,1.0,14.2,0.0,0.3427811785442073,0.3644006421216447,6540,1,0.0,0.6126700052400914,0.6188719282690198,6540,1,0.0,,0.0,0.06268436578171091
2018-11-30 23:20:00+00:00,-3.6313364551251,87.3324966430664,971.807373046875,-0.0126499999314546,18.62079,0.9019912,7.94614,0.0,9.504352,0.0,1,1,1.0,1.0,1.0,0.0,0.0,0.0,1.0,13.932888891295429,0.0,0.34869554473132625,0.3947538276627081,6540,1,0.0,0.6430227586699695,0.6957678507291345,6540,1,0.0,,0.0,0.06798488200589971
2018-11-30 23:30:00+00:00,-3.682952694859576,87.85333251953125,971.7041625976562,-0.0066700000315904,18.82909,0.9285694,8.124434,0.0,9.69436,0.0,1,1,1.0,1.0,1.0,0.0,0.0,0.0,1.0,13.666222220165862,0.0,0.39207763671875,0.423705198741896,6540,1,0.0,0.6766270483993903,0.7327273602087829,6540,1,0.0,,0.0,0.06798488200589971
2018-11-30 23:40:00+00:00,-3.668160840289746,88.36666870117188,971.638916015625,-0.0035266666673123,18.77002,1.020495,8.107406,0.0,9.834793,0.0,1,1,1.0,1.0,1.0,0.0,0.0,0.0,1.0,13.399555557962094,0.0,0.39796562380907013,0.42109275152012476,6540,1,0.0,0.7239155987995427,0.7588780644237436,6540,1,0.0,,0.0,0.09333517699115043
2018-11-30 23:50:00+00:00,-3.679438049072899,89.19667053222656,971.70556640625,-0.0056638936512172,18.73887,1.135942,8.339108,0.0,9.803262,0.0,1,1,1.0,1.0,1.0,0.0,0.0,0.0,1.0,13.132888886832529,0.0,0.41720101705411583,0.45878511401733235,6540,1,0.0,0.7192253001143293,0.7535434129501997,6540,1,0.0,,0.0,0.1145372418879056
2018-12-01 00:00:00+00:00,-3.763315197198068,90.87796783447266,971.7473754882812,-0.0045844595879316,18.9475,1.219835,8.73546,0.0,9.534224,0.0,1,1,1.0,1.0,1.0,0.0,0.0,0.0,1.0,12.86622222462876,0.0,0.43562464272103657,0.5247385700088604,6540,1,0.0,0.6666642649580793,0.7022467988920785,6540,1,0.0,,0.0,0.10232300884955751
2018-12-01 00:10:00+00:00,-3.804346031809273,91.84236907958984,971.742431640625,-0.0032635135576128,19.7106,1.299984,8.749529,0.0,10.09186,0.0,1,1,1.0,1.0,1.0,0.0,0.0,0.0,1.0,12.599555553499195,0.0,0.46015791730182926,0.5271247890894175,6540,1,0.0,0.7739200647865854,0.8038993273915231,6540,1,0.0,,0.0,0.1198377581120944
2018-12-01 00:20:00+00:00,-3.768783884901252,90.31864166259766,971.79931640625,-0.0048175677657127,19.75256,1.301719,8.387991,0.0,10.31543,0.0,1,1,1.0,1.0,1.0,0.0,0.0,0.0,1.0,12.332888891295429,0.0,0.4473955852229421,0.46633208067772275,6540,1,0.0,0.8015998356516768,0.8427636065560591,6540,1,0.0,,0.0,0.1251382743362832
2018-12-01 00:30:00+00:00,-3.772589816439459,88.67288208007812,971.8641967773438,-0.0029527028091251,19.82679,1.293433,8.330549,0.0,10.19635,0.0,1,1,1.0,1.0,1.0,0.0,0.0,0.0,1.0,12.066222220165862,0.0,0.449972549066311,0.45653643750063755,6540,1,0.0,0.7609085604039634,0.8212620894296285,6540,1,0.0,,0.0,0.13389564896755163
2018-12-01 00:40:00+00:00,-3.847690969890959,89.49152374267578,971.7784423828124,-0.0051283785142004,19.66126,1.291723,7.861901,0.0,10.49351,0.0,1,1,1.0,1.0,1.0,0.0,0.0,0.0,1.0,11.799555553499196,0.0,0.3705438679020579,0.3809528654378427,6540,1,0.0,0.805120879382622,0.8737373911262483,6540,1,0.0,,0.0,0.13043879056047197
2018-12-01 00:50:00+00:00,-3.8185654289646407,88.45833587646484,971.6027221679688,-0.0049066664651036,19.53444,1.339711,8.074479,0.0,10.12066,0.0,1,1,1.0,1.0,1.0,0.0,0.0,0.0,1.0,11.532888891295427,0.0,0.4243540694073933,0.4155774682525078,6540,1,0.0,0.7719993330792683,0.8087052339118198,6540,1,0.0,,0.0,0.10693215339233038
2018-12-01 01:00:00+00:00,-3.777671134549464,86.45500183105469,971.6949462890624,-0.0045233331620693,19.95581,1.403449,8.65814,0.0,10.54,0.0,1,1,1.0,1.0,1.0,0.0,0.0,0.0,1.0,11.266222959673502,0.0,0.47750175662157013,0.5099811220541568,6540,1,0.0,0.8541338366996951,0.881936476290942,6540,1,0.0,,0.0,0.06291482300884957
2018-12-01 01:10:00+00:00,-3.717508489952419,84.03166961669922,971.7263793945312,-0.0050599998794496,19.90047,1.340508,8.924348,0.0,10.60824,0.0,1,1,1.0,1.0,1.0,0.0,0.0,0.0,1.0,11.0,0.0,0.5116158536585366,0.5609012467322495,6540,1,0.0,0.8512320169588414,0.8939843607776321,6540,1,0.0,,0.0,0.02581120943952802
2018-12-01 01:20:00+00:00,-3.6601605962112944,82.7059326171875,971.7621459960938,-0.0053614866919815,20.18485,1.414076,9.080212,0.0,10.93387,0.0,1,1,1.0,1.0,1.0,0.0,0.0,0.0,1.0,11.0,0.0,0.5339381669207317,0.5913067668577484,6540,1,0.0,0.9134735851753049,0.9360839890313486,6540,1,0.0,,0.0,0.0018436578171091445
2018-12-01 01:30:00+00:00,-3.697599917962502,81.64321899414062,971.7396850585938,-0.003496621735394,19.85652,1.345497,9.366574,0.0,10.68045,0.0,1,1,1.0,1.0,1.0,0.0,0.0,0.0,1.0,11.0,0.0,0.5720891291920732,0.647235945452437,6540,1,0.0,0.8808086413871952,0.9066849265708743,6540,1,0.0,,0.0,0.0023045722713864306
2018-12-01 01:40:00+00:00,-3.722619138919349,81.45677947998047,971.8365478515624,-0.0048175677657127,19.46233,1.255059,9.642003,0.0,10.64894,0.0,1,1,1.0,1.0,1.0,0.0,0.0,0.0,1.0,11.0,0.0,0.6120379192073171,0.7012637254366607,6540,1,0.0,0.8729334984756097,0.9014526522771102,6540,1,0.0,,0.0,0.0
2018-12-01 01:50:00+00:00,-3.773077315509726,81.68499755859375,971.935546875,-0.0035973377525806,19.5667,1.274559,9.094395,0.0,10.30859,0.0,1,1,1.0,1.0,1.0,0.0,0.0,0.0,1.0,11.000062606779904,1.0,0.5554153367949695,0.5946415867216055,6540,1,0.0,0.8343849442644817,0.8420826582472636,6540,1,0.0,,0.0,0.011983775811209438
2018-12-01 02:00:00+00:00,-3.798825762254256,82.2125015258789,971.76708984375,-0.0075773708522319,19.60771,1.300434,9.798047,0.0,10.44065,0.0,1,1,1.0,1.0,1.0,0.0,0.0,0.0,1.0,11.037626878751885,1.0,0.5204299852324695,0.7319029671712303,6540,1,0.0,0.8461086366234756,0.8657552969209055,6540,1,0.0,,0.0,0.022123893805309734
2018-12-01 02:10:00+00:00,-3.895061315233357,84.80500030517578,972.1117553710938,-0.0120166391134262,19.42454,1.339532,9.010536,0.0,10.47665,0.0,1,1,1.0,1.0,1.0,0.0,0.0,0.0,1.0,11.040768628138872,1.0,0.437750244140625,0.5792100012569322,6540,1,0.0,0.8485107421875,0.8724984135442916,6540,1,0.0,,0.0,0.03687315634218289
2018-12-01 02:20:00+00:00,-3.968894161975074,85.37916564941406,972.245361328125,-0.0065933335572481,19.49141,1.360347,9.161254,0.0,10.66507,0.0,1,1,1.0,1.0,1.0,0.0,0.0,0.0,1.0,11.044586151837107,1.0,0.4624960401581555,0.6087716456651883,6540,1,0.0,0.8671180687881097,0.9056591437287421,6540,1,0.0,,0.0,0.03779498525073746
2018-12-01 02:30:00+00:00,-3.944586972855298,85.88583374023438,972.3167724609376,-0.0059033334255218,18.96415,1.39013,7.836374,0.0,9.743159,0.0,1,1,1.0,1.0,1.0,0.0,0.0,0.0,1.0,11.115301168454351,1.0,0.3259685237233232,0.3781633889183519,6540,1,0.0,0.6984910322980183,0.7438774597830515,6540,1,0.0,,0.0,0.0331858407079646
2018-12-01 02:40:00+00:00,-3.95474657484873,86.0559310913086,972.3279418945312,-0.0066047296859323,18.61027,1.415297,7.738141,0.0,9.344842,0.0,1,1,1.0,1.0,1.0,0.0,0.0,0.0,1.0,11.126833633410959,1.0,0.3430078125,0.36237248138717026,6540,1,0.0,0.6764714534108232,0.6667239522990397,6540,1,0.0,,0.0,0.030420353982300884
2018-12-01 02:50:00+00:00,-3.9454719556073385,86.81017303466797,972.4903564453124,-0.0049729729071259,18.53641,1.407091,7.8878,0.0,9.250856,0.0,1,1,1.0,1.0,1.0,0.0,0.0,0.0,1.0,11.140929521200547,1.0,0.374208984375,0.3866930345237496,6540,1,0.0,0.6531076124237805,0.6485379791935966,6540,1,0.0,,0.0,0.011522861356932155
2018-12-01 03:00:00+00:00,-4.011144755670808,86.72881317138672,972.4486694335938,-0.0038074324838817,18.71322,1.407108,9.074376,0.0,9.677035,0.0,1,1,1.0,1.0,1.0,0.0,0.0,0.0,1.0,11.158550365835831,1.0,0.5362679830411585,0.5920271030650496,6540,1,0.0,0.6970932379001524,0.731171360373462,6540,1,0.0,,0.0,0.015210176991150442
2018-12-01 03:10:00+00:00,-3.90547073521508,87.19999694824219,972.4133911132812,-0.0061231283470988,18.49609,1.317927,8.871428,0.0,9.136013,0.0,1,1,1.0,1.0,1.0,0.0,0.0,0.0,1.0,11.181157357395673,1.0,0.522726395769817,0.5526188591627711,6540,1,0.0,0.6314539467416158,0.6263307984993474,6540,1,0.0,,0.0,0.014749262536873156
2018-12-01 03:20:00+00:00,-4.011306581088324,89.61416625976562,972.6510620117188,-0.0056638936512172,18.34244,1.289346,8.31098,0.0,8.72798,0.0,1,1,1.0,1.0,1.0,0.0,0.0,0.0,1.0,11.211420699996916,1.0,0.4241797470464939,0.4556222779102946,6540,1,0.0,0.5586573456554879,0.5473496606725623,6540,1,0.0,,0.0,0.019127949852507375
2018-12-01 03:30:00+00:00,-4.0555810039118665,91.8741683959961,972.739990234375,-0.0042861895635724,17.91365,1.258909,8.468365,0.0,8.624577,0.0,1,1,1.0,1.0,1.0,0.0,0.0,0.0,1.0,11.25407315491135,1.0,0.4365314762766768,0.48124126916840065,6540,1,0.0,0.5550425757431402,0.528954615541781,6540,1,0.0,,0.0,0.02465892330383481
2018-12-01 03:40:00+00:00,-3.966585115548892,93.9175033569336,972.721923828125,-0.0042096506804227,17.85819,1.23374,8.438044,0.0,8.175214,0.0,1,1,1.0,1.0,1.0,0.0,0.0,0.0,1.0,11.525550666894699,1.0,0.41970691215701217,0.47623286932887976,6540,1,0.0,0.4677235673113567,0.4521252330581646,6540,1,0.0,,0.0,0.02304572271386431
2018-12-01 03:50:00+00:00,-3.987470708497062,95.95423889160156,972.6607666015624,-0.0040405406616628,17.67082,1.213066,8.426679,0.0,8.312041,0.0,1,1,1.0,1.0,1.0,0.0,0.011399999999999999,0.06839999999999999,1.0,11.657029533810686,1.0,0.4302274676067073,0.4743525349286877,6540,1,0.0,0.4587643507050304,0.47545174356431935,6540,1,0.0,,0.0,0.04148230088495575
2018-12-01 04:00:00+00:00,-3.922106388135734,97.1381378173828,972.6604614257812,-0.0063716215081512,17.03915,1.103477,7.077004,0.0,8.442303,0.0,1,1,1.0,1.0,1.0,0.0,0.0375,0.1566,1.0,11.875552962735432,1.0,0.25986337056974085,0.2707536447394658,6540,1,0.0,0.4271301864996189,0.497720219675571,6540,1,0.0,,0.0,0.040099557522123894
2018-12-01 04:10:00+00:00,-3.95058058175655,97.8618621826172,972.7237548828124,-0.0127432430163025,16.83622,1.094543,7.034922,0.0,7.586526,0.0,1,1,1.0,1.0,1.0,0.0,0.05645,0.11370000000000001,1.0,11.875552962735432,1.0,0.23065493699980946,0.2649475093351402,6540,1,0.0,0.3134454792301829,0.3544782096953202,6540,1,0.0,,0.0,0.02419800884955752
2018-12-01 04:20:00+00:00,-3.888567058946664,98.36610412597656,972.52392578125,-0.0082364864647388,16.70223,1.018293,6.980592,0.0,7.52794,0.0,1,1,1.0,1.0,1.0,0.0,0.0784,0.13169999999999998,1.0,11.875874967174413,1.0,0.23051193609470275,0.25742585845861404,6540,1,0.0,0.33582763671875,0.34604134335597303,6540,1,0.0,,0.0,0.02189343657817109
2018-12-01 04:30:00+00:00,-3.824857403479438,98.5322036743164,972.7174682617188,-0.0053524454124271,16.93262,1.062701,6.788542,0.0,7.601193,0.0,1,1,1.0,1.0,1.0,0.0,0.0962,0.10679999999999998,1.0,12.068754732215893,1.0,0.18540376988852897,0.2310592415432937,6540,1,0.0,0.3471304842320884,0.3564200999750299,6540,1,0.0,,0.0,0.0027654867256637168
2018-12-01 04:40:00+00:00,-3.746578403391466,98.75833129882812,972.786865234375,-0.0041331113316118,16.22063,0.9768619,6.77234,0.0,7.097517,0.0,1,1,1.0,1.0,1.0,0.0,0.0978,0.009600000000000025,1.0,12.068754732215893,1.0,0.20714519221608235,0.2288956877716982,6540,1,0.0,0.25378584698932927,0.2847002773724139,6540,1,0.0,,0.0,0.0018436578171091445
2018-12-01 04:50:00+00:00,-3.794232954623377,98.76000213623048,972.7971801757812,-0.0055873543024063,16.31406,0.9901823,6.135883,0.0,6.700593,0.0,1,1,1.0,1.0,1.0,0.0,0.1055,0.04619999999999999,1.0,12.069237734024266,1.0,0.14051425840796494,0.15848715042999664,6540,1,0.0,0.21910282786299543,0.22813154341778738,6540,1,0.0,,0.0,0.0
2018-12-01 05:00:00+00:00,-3.801776041897346,98.62999725341795,972.7311401367188,-0.0058935107663273,16.76923,1.106348,6.581775,0.0,6.895372,0.0,1,1,1.0,1.0,1.0,1.0,0.12350000000000001,0.1080000000000001,1.0,12.358557386436587,1.0,0.17570436058974848,0.2054856405401242,6540,1,0.0,0.24783771794016768,0.25579547756619636,6540,1,0.0,,0.0,0.0013827433628318584
2018-12-01 05:10:00+00:00,-3.786883046441568,98.70762634277344,972.7341918945312,-0.0093377707526087,16.99463,1.196817,6.898532,0.0,7.369762,0.0,1,1,1.0,1.0,1.0,1.0,0.1478,0.14579999999999985,1.0,12.358557386436587,0.0,0.21818984613185977,0.2461377353744415,6540,1,0.0,0.3012399366425305,0.3234478213911789,6540,1,0.0,,0.0,0.01198377581120944
2018-12-01 05:20:00+00:00,-3.772306621958806,98.72372436523438,972.9591064453124,-0.0093086007982492,17.23389,1.207294,7.143498,0.0,7.102274,0.0,1,1,1.0,1.0,1.0,1.0,0.1842,0.2184000000000001,1.0,12.35710838101147,0.0,0.23307816668254577,0.27967911053020766,6540,1,0.0,0.28768691644435973,0.2853045940184666,6540,1,0.0,,0.0,0.016362463126843658
2018-12-01 05:30:00+00:00,-3.773986572074395,98.69152069091795,972.6929931640624,-0.0052748736925423,17.48095,1.240132,7.121314,0.0,7.65135,0.0,1,1,1.0,1.0,1.0,1.0,0.2136,0.17640000000000006,1.0,11.48979343265156,0.0,0.2385074522437119,0.2767198673003446,6540,1,0.0,0.3398129644626524,0.3636444658105624,6540,1,0.0,,0.0,0.02097160766961652
2018-12-01 05:40:00+00:00,-3.821514697198871,98.64575958251952,972.8931884765624,-0.0044991569593548,17.1312,1.158515,7.306892,0.0,7.499311,0.0,1,1,1.0,1.0,1.0,1.0,0.22559999999999997,0.07199999999999973,1.0,11.875552962735432,0.0,0.28384977015053353,0.30217110201644776,6540,1,0.0,0.3167216975514482,0.34200060320915027,6540,1,0.0,,0.0,0.05231379056047197
2018-12-01 05:50:00+00:00,-3.77960899392422,98.6066665649414,972.9950561523438,-0.0039034942165017,16.12389,1.015476,6.65218,0.0,7.118461,0.0,1,1,1.0,1.0,1.0,1.0,0.2794,0.3228000000000001,1.0,11.875552962735583,0.0,0.19486904237328506,0.21302881774934626,6540,1,0.0,0.2740756002286585,0.2877498825479352,6540,1,0.0,,0.0,0.04609144542772861
2018-12-01 06:00:00+00:00,-3.713952376402503,98.6383285522461,973.1071166992188,-0.0038269551005214,15.72614,0.9490483,6.189506,0.0,6.016112,0.0,1,1,1.0,1.0,1.0,1.0,0.34950000000000003,0.4206000000000003,1.0,11.875284628397598,0.0,0.1465419266863567,0.1641879907938903,6540,1,0.0,0.13898483648532775,0.15421124108889722,6540,1,0.0,,0.0,0.04263458702064897
2018-12-01 06:10:00+00:00,-3.7245377815257754,98.61249542236328,973.2479248046876,-0.0058935107663273,13.96446,0.7001305,5.452984,0.0,5.038258,0.0,1,1,1.0,1.0,1.0,1.0,0.42750000000000005,0.4680000000000001,1.0,11.714551488168581,0.0,0.0725401641101372,0.09531968034510818,6540,1,0.0,0.07129755531869283,0.07434427091643274,6540,1,0.0,,0.0,0.0481655604719764
2018-12-01 06:20:00+00:00,-3.718225578833787,98.57166290283205,973.3554077148438,-0.0113277873024344,13.14356,0.6592053,3.746421,0.0,3.675096,0.0,1,1,1.0,1.0,1.0,1.0,0.4777,0.3011999999999998,1.0,11.714551488168581,0.0,-0.00029446485565929876,,6540,0,,0.004494744742788919,,6540,1,0.0,,0.0,0.03871681415929203
2018-12-01 06:30:00+00:00,-3.843311569529429,98.43135833740234,973.4315795898438,-0.0096188867464661,12.38074,0.6473913,3.279409,0.0,3.255501,0.0,1,1,1.0,1.0,1.0,1.0,0.4901,0.0743999999999998,1.0,11.714551488168581,0.0,-0.003749512230477682,,6540,1,0.0,0.0011240856821944074,,6540,1,0.0,,0.0,0.011753318584070796
2018-12-01 06:40:00+00:00,-4.048155240065597,98.22711944580078,973.4662475585938,-0.0074468804523348,12.37412,0.658875,3.383504,0.0,3.080834,0.0,1,1,1.0,1.0,1.0,1.0,0.47939999999999994,-0.06420000000000026,1.0,11.714551488168581,0.0,-0.0027603986786633003,,6540,0,,0.0023760656031166635,,6540,0,,,0.0,0.0
2018-12-01 06:50:00+00:00,-4.145641905803871,98.13361358642578,973.775146484375,-0.0061281616799533,12.50613,0.70241,3.351301,0.0,2.858178,0.0,1,1,1.0,1.0,1.0,1.0,0.47375,-0.0338999999999996,1.0,11.714551488168581,0.0,-0.003961012305282965,,6540,0,,-0.003207690773940668,,6540,0,,,0.0,0.004148230088495576
2018-12-01 07:00:00+00:00,-4.174675408523976,98.07898712158205,973.802734375,-0.0078199999406933,12.6172,0.7630718,2.374568,0.0,2.908943,0.0,1,1,1.0,1.0,1.0,1.0,0.47065,-0.01859999999999995,1.0,11.714551488168581,0.0,-0.0017547984239531726,,6540,1,0.0,-0.0025807864491532487,,6540,0,,,0.0,0.0011522861356932153
2018-12-01 07:10:00+00:00,-4.163953463204675,98.04916381835938,973.8116455078124,-0.0099666668102145,12.03286,0.7198915,2.843414,0.0,2.636158,0.0,1,1,1.0,1.0,1.0,1.0,0.472,0.008099999999999774,1.0,11.714551488168581,0.0,-0.0017914820880424688,,6540,1,0.0,-0.002273232762406512,,6540,1,0.0,,0.0,0.0
2018-12-01 07:20:00+00:00,-4.125879988098577,98.09152221679688,973.783203125,-0.0095413150265812,11.93684,0.6790351,2.523889,0.0,1.831737,0.0,1,1,1.0,1.0,1.0,1.0,0.4772,0.031200000000000228,1.0,11.714551488168581,0.0,-0.003170581678064858,,6540,1,0.0,-0.0015839001027549186,,6540,1,0.0,,0.0,0.0
2018-12-01 07:30:00+00:00,-4.115834675306266,98.09327697753906,973.8731689453124,-0.0072917370125651,11.11194,0.4788314,2.149671,0.0,1.971967,0.0,1,1,1.0,1.0,1.0,1.0,0.4725,-0.028200000000000225,1.0,11.714551488168581,0.0,-0.0022300438764618663,,6540,1,0.0,-0.002668358407369474,,6540,1,0.0,,0.0,0.0018436578171091445
2018-12-01 07:40:00+00:00,-4.112066165895859,98.143798828125,973.9404907226562,-0.0065823625773191,11.01488,0.33115,1.527671,0.0,1.615514,0.0,1,1,1.0,1.0,1.0,1.0,0.475,0.015000000000000013,1.0,11.71441731965234,0.0,-0.0013403484297961723,,6540,1,0.0,-0.0016535984597555026,,6540,1,0.0,,0.0,0.01198377581120944
2018-12-01 07:50:00+00:00,-4.122139798136236,98.11333465576172,973.884521484375,-0.0079600661993026,10.85732,0.184,1.925352,0.0,1.752868,0.0,1,1,1.0,1.0,1.0,1.0,0.49139999999999995,0.09839999999999982,1.0,11.634614252994623,0.0,-0.0020518361068353422,,6540,1,0.0,-0.0013277009638344372,,6540,1,0.0,,0.0,0.005761430678466077
2018-12-01 08:00:00+00:00,-4.1270117546123295,98.10755920410156,974.0051879882812,-0.0080674532800912,11.1759,0.184,1.888825,0.0,1.835908,0.0,1,1,1.0,1.0,1.0,1.0,0.5175500000000001,0.1569000000000007,1.0,11.971591277329303,0.0,-0.0025466663081471514,,6540,1,0.0,-0.00261799230808165,,6540,1,0.0,,0.0,0.0032264011799410025
2018-12-01 08:10:00+00:00,-4.114330710332225,98.11344146728516,974.0828857421876,-0.009696458466351,10.78345,0.184,2.332291,0.0,2.392477,0.0,1,1,1.0,1.0,1.0,1.0,0.53885,0.1277999999999999,1.0,11.634050750884853,0.0,-0.0016510084198742378,,6540,1,0.0,-0.0018870361839852681,,6540,1,0.0,,0.0,0.0
2018-12-01 08:20:00+00:00,-4.121317522733483,98.08655548095705,974.3207397460938,-0.007757166866213,11.20177,0.184,2.231709,0.0,1.919109,0.0,1,1,1.0,1.0,1.0,1.0,0.5326500000000001,-0.0371999999999999,1.0,11.392548539033669,0.0,-0.0015938751871992902,,6540,1,0.0,-0.0012288678564676425,,6540,1,0.0,,0.0,0.0
2018-12-01 08:30:00+00:00,,98.11009216308594,974.2512817382812,-0.0054373522289097,,,2.151307,0.0,2.213254,0.0,1,1,,1.0,1.0,1.0,0.44765,-0.5100000000000005,1.0,11.392548539033669,0.0,-0.0024258164661686596,,6540,1,0.0,-0.0025237192758699742,,6540,1,0.0,,0.0,0.0
2018-12-01 08:40:00+00:00,-4.181830114795907,98.00333404541016,974.3366088867188,-0.0049833334051072,12.3761,0.4118622,3.714686,0.0,3.328282,0.0,1,1,1.0,1.0,1.0,1.0,0.4192,-0.17069999999999985,1.0,11.392548539033669,0.0,-0.004026297127328268,,6540,1,0.0,-0.002984700784450624,,6540,1,0.0,,0.0,0.0
2018-12-01 08:50:00+00:00,-4.222878143357723,97.9066162109375,974.3483276367188,-0.0082662226632237,11.52327,0.4505833,3.140833,0.0,3.21239,0.0,1,1,1.0,1.0,1.0,1.0,0.46109999999999995,0.2513999999999996,1.0,11.392548539033669,0.0,-0.002223314890047399,,6540,1,0.0,-0.002284032775134575,,6540,1,0.0,,0.0,0.0
2018-12-01 09:00:00+00:00,-4.205157248730851,97.96776580810548,974.2539672851562,-0.0098735438659787,11.64855,0.4399917,2.826423,0.0,2.832422,0.0,1,1,1.0,1.0,1.0,1.0,0.5046999999999999,0.26159999999999983,1.0,11.391390019076907,0.0,-0.0024768973559868043,,6540,0,,-0.0034842125962420206,,6540,0,,,0.0,0.0
2018-12-01 09:10:00+00:00,-4.227463871126584,98.01932525634766,974.3899536132812,-0.0050421585328876,12.22007,0.5277129,2.906862,0.0,2.517325,0.0,1,1,1.0,1.0,1.0,1.0,0.5177,0.07800000000000074,1.0,10.696274269516834,0.0,-0.0034387090729504095,,6540,1,0.0,-0.0030406470415068835,,6540,1,0.0,,0.0,0.0
2018-12-01 09:20:00+00:00,-4.269985522396658,98.00251770019533,974.4712524414062,-0.0047318716533482,13.22129,0.638604,3.315363,0.0,3.299704,0.0,1,1,1.0,1.0,1.0,1.0,0.5105000000000001,-0.043199999999999905,1.0,10.463989437872502,0.0,-0.0028081572928079744,,6540,1,0.0,-0.0016881348447101872,,6540,1,0.0,,0.0,0.0009218289085545723
2018-12-01 09:30:00+00:00,-4.315932815473773,98.03865814208984,974.4826049804688,-0.0044991569593548,13.32724,0.627401,4.100053,0.0,4.155902,0.0,1,1,1.0,1.0,1.0,1.0,0.48985,-0.12390000000000034,1.0,10.34802108850991,0.0,0.01426805542736519,0.022988997079595085,6540,1,0.0,0.016290392991973133,0.028371865656022354,6540,1,0.0,,0.0,0.0
2018-12-01 09:40:00+00:00,-4.395519567217047,97.8798370361328,974.5039672851562,-0.0058178752660751,12.84158,0.5884908,3.7502,0.0,3.293002,0.0,1,1,1.0,1.0,1.0,1.0,0.539,0.29490000000000016,1.0,10.278432343641063,0.0,0.009939604038145483,,6540,1,0.0,0.0031005817506371473,,6540,1,0.0,,0.0,0.0032264011799410025
2018-12-01 09:50:00+00:00,-4.349691620385348,98.0478973388672,974.5094604492188,-0.0080674532800912,13.00243,0.6343117,4.543812,0.0,3.390127,0.0,1,1,1.0,1.0,1.0,1.0,0.5779,0.2333999999999996,1.0,10.232036163608834,0.0,0.023279753894340702,0.04078616203554827,6540,0,,-0.0009028605716984447,,6540,1,0.0,,0.0,0.003917772861356932
2018-12-01 10:00:00+00:00,-4.236226717485081,98.11666870117188,974.5104370117188,-0.0084333335980772,12.92653,0.6030033,3.228271,0.0,2.822673,0.0,1,1,1.0,1.0,1.0,1.0,0.6152,0.2238,1.0,10.198894129447325,0.0,-0.002423495781130907,,6540,0,,-0.0038714367005883194,,6540,0,,,0.0,0.0
2018-12-01 10:10:00+00:00,-4.348940143602759,97.95500183105467,974.4163818359376,-0.0048299999907612,13.6247,0.694675,4.29213,0.0,3.680119,0.0,1,1,1.0,1.0,1.0,1.0,0.6166,0.008400000000000407,1.0,10.174068567379209,0.0,0.01235659436481755,0.030717038047443454,6540,1,0.0,0.006543749832525486,,6540,1,0.0,,0.0,0.0
2018-12-01 10:20:00+00:00,-4.347063980168431,97.99421691894533,974.6777954101562,-0.0049750413745641,13.32983,0.661386,3.956373,0.0,4.332815,0.0,1,1,1.0,1.0,1.0,1.0,0.6047,-0.07140000000000013,1.0,10.0,0.0,0.012721228250643103,0.017217254901071104,6540,1,0.0,0.02520439706197599,0.035872577005265555,6540,1,0.0,,0.0,0.0
2018-12-01 10:30:00+00:00,-4.360178918849252,97.97603607177734,974.7907104492188,-0.0048985024914145,13.55028,0.6713139,4.041742,0.0,4.381828,0.0,1,1,1.0,1.0,1.0,1.0,0.61975,0.09030000000000005,1.0,10.0,0.0,0.005231079473728087,0.020656805632486713,6540,1,0.0,0.015201119213569455,0.03795585087893529,6540,1,0.0,,0.0,0.0
2018-12-01 10:40:00+00:00,-4.397550476206874,97.9260482788086,974.8782348632812,-0.0085328835994005,12.96474,0.6238314,4.026601,0.0,3.665658,0.0,1,1,1.0,1.0,1.0,1.0,0.59615,-0.1416000000000004,1.0,10.0,0.0,0.00678607801111733,0.02006428301789059,6540,1,0.0,0.005561252687035537,,6540,0,,,0.0,0.0
2018-12-01 10:50:00+00:00,-4.433179376099621,97.87647247314452,975.0118408203124,-0.0062057333998382,12.25353,0.4692667,2.780294,0.0,3.072526,0.0,1,1,1.0,1.0,1.0,1.0,0.60325,0.04259999999999997,1.0,10.0,0.0,-0.0034396920553067837,,6540,0,,-0.0015498888201829863,,6540,1,0.0,,0.0,0.0
2018-12-01 11:00:00+00:00,-4.453654337050844,97.8756332397461,975.1854858398438,-0.0051973019726574,11.87319,0.4711431,2.636719,0.0,2.379239,0.0,1,1,1.0,1.0,1.0,1.0,0.6069,0.021900000000000253,1.0,10.0,0.0,-0.002936282041596203,,6540,1,0.0,-0.0034631882644281155,,6540,1,0.0,,0.0,0.0
2018-12-01 11:10:00+00:00,-4.463581315006596,97.8857192993164,975.2293701171876,-0.0016290050698444,12.61319,0.5734625,2.986495,0.0,2.996456,0.0,1,1,1.0,1.0,1.0,1.0,0.6062,-0.004200000000000204,1.0,10.0,0.0,-0.0034044347158292444,,6540,1,0.0,-0.002837371360964891,,6540,1,0.0,,0.0,0.0
2018-12-01 11:20:00+00:00,-4.493444172991473,97.79000091552734,975.3649291992188,0.0016100000357255,12.67038,0.5843623,3.341177,0.0,3.292306,0.0,1,1,1.0,1.0,1.0,1.0,0.5833999999999999,-0.13680000000000025,1.0,10.0,0.0,-0.0017019752176796518,,6540,1,0.0,-0.0015168604036656821,,6540,1,0.0,,0.0,0.0
2018-12-01 11:30:00+00:00,-4.491716686659489,97.82833862304688,975.4954223632812,0.0450033321976661,12.88448,0.5961583,2.828323,0.0,3.329528,0.0,1,1,1.0,1.0,1.0,1.0,0.5732,-0.061199999999999255,1.0,10.0,0.0,-0.0023085026624726085,,6540,0,,-0.0019185337206212487,,6540,1,0.0,,0.0,0.0
2018-12-01 11:40:00+00:00,-4.47072995282537,97.8733367919922,975.4581298828124,0.2550533413887024,12.97089,0.6086544,2.727209,0.0,3.466553,0.0,1,1,1.0,1.0,1.0,1.0,0.56685,-0.03810000000000047,1.0,10.0,0.0,-0.002568388217832984,,6540,1,0.0,-0.0037302587090468986,,6540,0,,,0.0,0.0
2018-12-01 11:50:00+00:00,-4.483085323452724,97.83140563964844,975.4832763671876,0.9250665903091432,12.61788,0.6217546,3.115456,0.0,3.531078,0.0,1,1,1.0,1.0,1.0,1.0,0.6108,0.26370000000000027,1.0,10.0,0.0,-0.002095475313140125,,6540,1,0.0,0.00017474981342873922,,6540,1,0.0,,0.0,0.0
2018-12-01 12:00:00+00:00,-4.530488033878625,97.76611328125,975.5775756835938,1.9988834857940676,12.14843,0.5458896,3.287686,0.0,3.422672,0.0,1,1,1.0,1.0,1.0,1.0,0.6294500000000001,0.11190000000000033,1.0,10.0,0.0,-0.002540203885334294,,6540,1,0.0,0.0036660785209841843,,6540,0,,,0.0,0.0
2018-12-01 12:10:00+00:00,-4.565062034330939,97.71680450439452,975.7212524414062,3.605891942977905,12.37013,0.5797346,3.178226,0.0,2.951587,0.0,1,1,1.0,1.0,1.0,1.0,0.6437,0.08549999999999991,1.0,10.0,0.0,-0.003242796921148533,,6540,0,,-0.0029989677522240616,,6540,1,0.0,,0.0,0.0
2018-12-01 12:20:00+00:00,-4.622490840780822,97.64453887939452,975.71240234375,6.161433219909668,12.00428,0.5463004,2.409189,0.0,2.747016,0.0,1,1,1.0,1.0,1.0,1.0,0.6309,-0.0768000000000002,1.0,10.0,0.0,-0.0029335629067769866,,6540,1,0.0,-0.0015927332203562667,,6540,1,0.0,,0.0,0.0009218289085545723
2018-12-01 12:30:00+00:00,-4.655459735373148,97.58486938476562,975.5573120117188,8.96914005279541,12.04464,0.5138314,2.647884,0.0,2.923736,0.0,1,1,1.0,1.0,1.0,1.0,0.63735,0.038699999999999735,1.0,10.0,0.0,-0.0023744699431628717,,6540,1,0.0,-0.0033959018893358183,,6540,1,0.0,,0.0,0.00599188790560472
2018-12-01 12:40:00+00:00,-4.64203125994589,97.55714416503906,975.8451538085938,12.23419952392578,11.96709,0.5006639,1.935206,0.0,2.334514,0.0,1,1,1.0,1.0,1.0,1.0,0.64635,0.05400000000000005,1.0,10.0,0.0,-0.0017783154510870212,,6540,1,0.0,-0.0033633585674006762,,6540,1,0.0,,0.0,0.05000921828908554
2018-12-01 12:50:00+00:00,-4.610136481562328,97.55332946777344,975.9673461914062,13.509416580200195,11.99763,0.5280569,2.236291,0.0,2.306054,0.0,1,1,1.0,1.0,1.0,1.0,0.6355000000000001,-0.06509999999999949,1.0,10.0,0.0,-0.0025583706832513578,,6540,1,0.0,-0.001646008724119605,,6540,1,0.0,,0.0,0.11200221238938053
2018-12-01 13:00:00+00:00,,97.5808334350586,975.990478515625,9.08810806274414,,,2.457291,0.0,1.998643,0.0,1,1,,1.0,1.0,1.0,0.6448,0.05579999999999985,1.0,10.0,0.0,-0.0023559344687112947,,6540,1,0.0,-0.002541392256573933,,6540,1,0.0,,0.0,0.159476401179941
2018-12-01 13:10:00+00:00,,97.524169921875,975.943115234375,11.859867095947266,,,1.657177,0.0,1.963435,0.0,1,1,,1.0,1.0,1.0,0.6488,0.02400000000000002,1.0,10.0,0.0,-0.0013914518821530227,,6540,1,0.0,-0.002636799230808165,,6540,1,0.0,,0.0,0.16155051622418878
2018-12-01 13:20:00+00:00,-4.646239732210168,97.46446228027344,975.9452514648438,18.997936248779297,11.04162,0.3644733,1.690524,0.0,1.814639,0.0,1,1,1.0,1.0,1.0,1.0,0.6344000000000001,-0.08639999999999981,1.0,10.0,0.0,-0.002065457367315525,,6540,1,0.0,-0.0012619095313839796,,6540,1,0.0,,0.0,0.14703171091445427
2018-12-01 13:30:00+00:00,-4.661913535305461,97.41900634765624,976.0526733398438,23.041597366333008,10.8992,0.4159665,1.562959,0.0,1.947356,0.0,1,1,1.0,1.0,1.0,1.0,0.6579,0.1409999999999998,1.0,10.0,0.0,-0.0027645480923536346,,6540,1,0.0,-0.0026164280495992523,,6540,1,0.0,,0.0,0.1425954092920354
2018-12-01 13:40:00+00:00,-4.699571321370315,97.3260498046875,975.9114990234376,30.298566818237305,10.67301,0.3842761,2.219325,0.0,1.992582,0.0,1,1,1.0,1.0,1.0,1.0,0.6685000000000001,0.06360000000000032,1.0,10.0,0.0,-0.0021476896797738426,,6540,1,0.0,-0.0026999710827338985,,6540,1,0.0,,,
2018-12-01 13:50:00+00:00,-4.64625490334306,97.32437133789062,975.9806518554688,31.0090389251709,10.62831,0.2747085,1.865242,0.0,1.7263,0.0,1,1,1.0,1.0,1.0,1.0,0.6371,-0.18840000000000057,1.0,10.0,0.0,-0.001185221090549376,,6540,1,0.0,-0.0014221185591162704,,6540,1,0.0,,,
2018-12-01 14:00:00+00:00,-4.596213427202786,97.34876251220705,975.9932861328124,33.560447692871094,9.798914,0.184,1.883174,0.0,1.448558,0.0,1,1,1.0,1.0,1.0,1.0,0.65105,0.08370000000000011,1.0,10.0,0.0,-0.0026041019253614473,,6540,1,0.0,-0.0019392867204619617,,6540,1,0.0,,,
2018-12-01 14:10:00+00:00,-4.571354008845736,97.3214874267578,975.9761352539062,37.51534271240234,9.072177,0.184,2.391241,0.0,1.623546,0.0,1,1,1.0,1.0,1.0,1.0,0.6408,-0.06149999999999989,1.0,10.0,0.0,-0.0027895180771990522,,6540,1,0.0,-0.0029271014143780966,,6540,1,0.0,,,
2018-12-01 14:20:00+00:00,-4.557685829518783,97.34500122070312,976.10302734375,39.5003662109375,10.46715,0.184,1.836411,0.0,1.967753,0.0,1,1,1.0,1.0,1.0,1.0,0.6327,-0.04859999999999998,1.0,10.0,0.0,-0.0013785218029487424,,6540,1,0.0,-0.002110648969324624,,6540,1,0.0,,,
2018-12-01 14:30:00+00:00,-4.569577974888497,97.336669921875,976.2247924804688,41.04408264160156,10.99422,0.184,2.301464,0.0,1.956406,0.0,1,1,1.0,1.0,1.0,1.0,0.6339473684210526,0.007484210526315316,1.0,10.0,0.0,-0.0018912768945461367,,6540,1,0.0,-0.0012827624344244235,,6540,1,0.0,,,
2018-12-01 14:40:00+00:00,-4.5011490856829575,97.2512435913086,976.026123046875,47.65036010742188,11.7232,0.3959662,2.345989,0.0,2.738844,0.0,1,1,1.0,1.0,1.0,1.0,0.6356153846153846,0.010008097165991936,1.0,10.0,0.0,-0.003310570833159656,,6540,1,0.0,-0.0034563734473251717,,6540,1,0.0,,,
2018-12-01 14:50:00+00:00,,97.24285888671876,975.8414306640624,49.431739807128906,,,2.384056,0.0,,,1,1,,1.0,,1.0,0.6326,-0.018092307692307186,1.0,10.0,0.0,-0.0023321177319782535,,6540,1,0.0,-0.0026233289299941644,,6540,1,0.0,,,0.11753318584070796
2018-12-01 15:00:00+00:00,-4.388741105040841,97.29752349853516,975.9259033203124,46.82246398925781,11.21273,0.4591729,1.634184,0.0,1.965579,0.0,1,1,1.0,1.0,1.0,1.0,0.63305,0.0026999999999997026,1.0,10.0,0.0,-0.0013561101076079575,,6540,1,0.0,-0.0008995771408081053,,6540,1,0.0,,0.0,0.12813421828908553
2018-12-01 15:10:00+00:00,-4.409771329455918,97.31322479248048,976.010498046875,53.38351058959961,10.29201,0.2159249,1.319203,0.0,1.486487,0.0,1,1,1.0,1.0,1.0,1.0,0.6021,-0.1857000000000002,1.0,10.0,0.0,-0.002320579203163705,,6540,1,0.0,-0.002594399335907727,,6540,1,0.0,,0.0,0.09955752212389381
2018-12-01 15:20:00+00:00,-4.387461672833605,97.32231903076172,975.9793090820312,52.39191436767578,11.63024,0.4984803,1.49284,0.0,2.370054,0.0,1,1,1.0,1.0,1.0,1.0,0.5953999999999999,-0.040200000000000236,1.0,10.0,0.0,-0.0029008539711556786,,6540,1,0.0,-0.002934797798714987,,6540,1,0.0,,0.0,0.09932706489675516
2018-12-01 15:30:00+00:00,-4.4204538298296985,97.25371551513672,975.9405517578124,51.942081451416016,11.37497,0.4287534,2.030034,0.0,2.472346,0.0,1,1,1.0,1.0,1.0,1.0,0.5524,-0.25799999999999956,1.0,10.0,0.0,-0.0013664656150631789,,6540,1,0.0,-0.0010146163149577815,,6540,1,0.0,,0.0,0.12652101769911503
2018-12-01 15:40:00+00:00,-4.555572996411339,97.18511962890624,975.87841796875,51.55632400512695,11.28828,0.2199409,1.981244,0.0,2.012357,0.0,1,1,1.0,1.0,1.0,1.0,0.5515000000000001,-0.005399999999999405,1.0,10.0,0.0,-0.0014030102985661205,,6540,1,0.0,-0.0024623870849609375,,6540,1,0.0,,0.0,0.13458702064896755
2018-12-01 15:50:00+00:00,-4.467401406268836,97.26750183105467,975.9376220703124,50.88800048828125,11.18829,0.184,1.655817,0.0,1.877859,0.0,1,1,1.0,1.0,1.0,1.0,0.5812999999999999,0.17879999999999896,1.0,10.0,0.0,-0.003110502056959199,,6540,1,0.0,-0.0032099944789235183,,6540,1,0.0,,0.0,0.12052912979351031
2018-12-01 16:00:00+00:00,-4.505228097613223,97.32333374023438,975.8584594726562,45.88701629638672,10.87761,0.184,1.81639,0.0,1.220069,0.0,1,1,1.0,1.0,1.0,1.0,0.59005,0.05250000000000021,1.0,10.0,0.0,-0.0022348738879692264,,6540,1,0.0,-0.0008097200858883741,,6540,1,0.0,,0.0,0.12582964601769914
2018-12-01 16:10:00+00:00,-4.599086839772556,97.2933349609375,975.9847412109376,44.3183822631836,10.83567,0.1909123,1.734829,0.0,1.754992,0.0,1,1,1.0,1.0,1.0,1.0,0.60405,0.08400000000000007,1.0,10.0,0.0,-0.001139692213477158,,6540,1,0.0,-0.00209161432777963,,6540,1,0.0,,0.0,0.15578908554572274
2018-12-01 16:20:00+00:00,-4.611526157335247,97.2115707397461,975.9984130859376,50.5554084777832,10.7444,0.184,,,,,1,1,1.0,,,1.0,0.5856,-0.1106999999999998,1.0,10.0,0.0,-0.0016401585136971825,,6540,1,0.0,-0.0031253991475919396,,6540,1,0.0,,0.0,0.14219210914454278
2018-12-01 16:30:00+00:00,-4.634496263942797,97.16281127929688,975.9210815429688,51.946556091308594,11.70294,0.2704669,,,,,1,1,1.0,,,1.0,0.5685,-0.10260000000000002,1.0,10.0,0.0,-0.002539751936749714,,6540,1,0.0,-0.0008748026591975514,,6540,1,0.0,,0.0,0.12237278761061947
2018-12-01 16:40:00+00:00,-4.50438458262442,97.12065887451172,976.00830078125,56.09948348999024,10.75736,0.2516021,1.970311,0.0,1.347059,0.0,1,1,1.0,1.0,1.0,1.0,0.5524,-0.09660000000000002,1.0,10.0,0.0,-0.0018952146390589272,,6540,1,0.0,-0.001393921782330769,,6540,1,0.0,,0.0,0.15279314159292035
2018-12-01 16:50:00+00:00,-4.439068809888346,97.1156997680664,976.129150390625,57.867286682128906,11.17441,0.1842667,2.306863,0.0,1.644824,0.0,1,1,1.0,1.0,1.0,1.0,0.5437000000000001,-0.05219999999999958,1.0,10.0,0.0,-0.0016811745341231183,,6540,1,0.0,-0.0032491690938065694,,6540,1,0.0,,0.0,0.1583241150442478
2018-12-01 17:00:00+00:00,-4.463442751992849,97.07107543945312,976.2702026367188,60.5314826965332,11.24583,0.1946301,1.954593,0.0,1.700516,0.0,1,1,1.0,1.0,1.0,1.0,0.51815,-0.15330000000000044,1.0,10.0,0.0,-0.0028950530726735185,,6540,1,0.0,-0.0019944974852771293,,6540,1,0.0,,0.0,0.14634033923303835
2018-12-01 17:10:00+00:00,-4.462331213656285,96.88016510009766,976.06689453125,67.47978210449219,12.28199,0.5727097,3.335901,0.0,2.919807,0.0,1,1,1.0,1.0,1.0,1.0,0.5069,-0.0674999999999999,1.0,10.0,0.0,-0.0029723004596989328,,6540,1,0.0,-0.0014368475937261815,,6540,1,0.0,,0.0,0.12283370206489677
2018-12-01 17:20:00+00:00,-4.506028122021068,96.52916717529295,976.0934448242188,67.47428131103516,12.93695,0.633946,3.904562,0.0,3.180228,0.0,1,1,1.0,1.0,1.0,1.0,0.48285,-0.1443000000000001,1.0,10.0,0.0,-0.002209710609622118,0.015263908500678679,6540,0,,-0.0037255384863876715,,6540,1,0.0,,0.0,0.10739306784660767
2018-12-01 17:30:00+00:00,-4.347759829463751,96.836669921875,976.4135131835938,63.27858352661133,12.41568,0.6143194,2.402655,0.0,3.200527,0.0,1,1,1.0,1.0,1.0,1.0,0.4413,-0.24929999999999986,1.0,10.0,0.0,-0.002341848001247499,,6540,0,,-0.0035273542636778295,,6540,1,0.0,,0.0,0.09425700589970501
2018-12-01 17:40:00+00:00,-4.29536075927204,96.86333465576172,976.4047241210938,53.34154891967773,12.27886,0.62762,2.947188,0.0,2.69306,0.0,1,1,1.0,1.0,1.0,1.0,0.43520000000000003,-0.036599999999999966,1.0,10.0,0.0,-0.0033386081602515246,,6540,1,0.0,-0.00235071880061452,,6540,0,,,,0.09160674778761062
2018-12-01 17:50:00+00:00,-4.331316344226397,96.80992126464844,976.4276123046876,46.17667388916016,12.66438,0.62521,3.115412,0.0,2.742576,0.0,1,1,1.0,1.0,1.0,1.0,0.41609999999999997,-0.11460000000000037,1.0,10.0,0.0,-0.0031441676907423065,,6540,1,0.0,-0.0036506464423202885,,6540,1,0.0,,,0.10681692477876106
2018-12-01 18:00:00+00:00,-4.254741568066642,97.0,976.4468383789062,42.86684036254883,11.02419,0.4179151,2.885918,0.0,2.502109,0.0,1,1,1.0,1.0,1.0,1.0,0.3996,-0.09899999999999975,1.0,10.0,0.0,-0.003518871679538634,,6540,0,,-0.0028755574110077647,,6540,1,0.0,,,0.11407632743362832
2018-12-01 18:10:00+00:00,-4.254323856207678,97.07272338867188,976.6141357421876,44.81222915649414,10.70604,0.6158235,3.179334,0.0,3.041171,0.0,1,1,1.0,1.0,1.0,1.0,0.38639999999999997,-0.07920000000000027,1.0,10.0,0.0,-0.002709083557128906,,6540,1,0.0,-0.0013611769094699767,,6540,1,0.0,,,0.14311393805309733
2018-12-01 18:20:00+00:00,-4.28203342473073,96.89338684082033,976.4446411132812,45.0804328918457,8.369734,0.6489386,3.723262,0.0,3.762826,0.0,1,1,1.0,1.0,1.0,1.0,0.3508,-0.2135999999999998,1.0,10.0,0.0,0.006113677141143054,,6540,1,0.0,0.007122048168647581,0.017664089477322283,6540,1,0.0,,,0.11995298672566372
2018-12-01 18:30:00+00:00,-4.293793075539853,96.22314453125,976.628662109375,44.64906692504883,4.67008,0.6217474,3.854963,0.0,3.546603,0.0,1,1,1.0,1.0,1.0,1.0,0.32,-0.18479999999999996,1.0,10.0,0.0,0.01771635660311071,0.018949069146182943,6540,1,0.0,0.00911467110238424,,6540,1,0.0,,,0.11061946902654866
2018-12-01 18:40:00+00:00,-4.1927867069706055,95.75619506835938,976.5459594726562,45.7747917175293,4.277115,0.6816993,2.802385,0.0,4.137029,0.0,1,1,1.0,1.0,1.0,1.0,0.3165,-0.02100000000000002,1.0,10.0,0.0,-0.0023846114554056308,,6540,0,,0.03166064006526296,0.03387249421094238,6540,1,0.0,,,0.11096515486725664
2018-12-01 18:50:00+00:00,-4.172667761937917,95.45750427246094,976.5831909179688,39.31318283081055,3.897346,0.6235406,4.076928,0.0,3.765065,0.0,1,1,1.0,1.0,1.0,1.0,0.32730000000000004,0.06480000000000019,1.0,10.0,0.0,-0.003586422059594131,0.028163577868896228,6540,1,0.0,0.01337406716695646,0.017755223448202687,6540,1,0.0,,,
2018-12-01 19:00:00+00:00,-4.119780181267079,92.42082977294922,976.74169921875,28.08169937133789,10.42517,0.684418,4.080351,0.0,3.949768,0.0,1,1,1.0,1.0,1.0,1.0,0.31825000000000003,-0.054300000000000015,1.0,10.0,0.0,0.013297921157464747,0.022758058762595523,6540,0,,0.010323822207567166,0.020213147493072854,6540,1,0.0,,,
2018-12-01 19:10:00+00:00,-4.068451181648694,92.33499908447266,976.9055786132812,21.699199676513672,13.61444,0.8111168,3.104104,0.0,4.749947,0.0,1,1,1.0,1.0,1.0,1.0,0.3025,-0.09450000000000025,1.0,10.0,0.0,-0.001900455777238055,,6540,0,,0.04388600791372904,0.05624841875767835,6540,1,0.0,,,
2018-12-01 19:20:00+00:00,-4.045764269521797,91.55371856689452,976.96435546875,18.9210147857666,12.93084,0.6431795,2.975142,0.0,3.527614,0.0,1,1,1.0,1.0,1.0,1.0,0.2907,-0.07079999999999986,1.0,10.0,0.0,-0.002439787562300519,,6540,1,0.0,-0.0027458539823206458,,6540,0,,,,
2018-12-01 19:30:00+00:00,-4.063008790575855,92.63801574707033,976.7357788085938,15.770000457763672,14.90532,0.9744245,4.599776,0.0,5.495039,0.0,1,1,1.0,1.0,1.0,1.0,0.287,-0.02220000000000022,1.0,10.0,0.0,0.00634735107421875,0.04324545164068884,6540,1,0.0,0.09700332269435975,0.10628613190144098,6540,1,0.0,,,
2018-12-01 19:40:00+00:00,-4.057115311151692,91.2165298461914,976.8566284179688,12.487186431884766,13.14942,0.6876637,4.859638,0.0,4.354779,0.0,1,1,1.0,1.0,1.0,1.0,0.2964,0.05640000000000012,1.0,10.0,0.0,0.05851386093511815,0.057473697486836346,6540,1,0.0,0.042270247296589174,0.0369328921497804,6540,1,0.0,,,
2018-12-01 19:50:00+00:00,-4.116002569176938,92.92644500732422,977.122314453125,6.560360908508301,13.66529,0.7192963,3.883179,0.0,5.007323,0.0,1,1,1.0,1.0,1.0,1.0,0.2834,-0.07800000000000007,1.0,10.0,0.0,-0.002044934063422971,,6540,0,,0.06048559421446265,0.07297271534246685,6540,1,0.0,,,
2018-12-01 20:00:00+00:00,-4.158348235305462,92.89917755126952,977.195556640625,5.64219331741333,13.57984,0.7362338,4.106543,0.0,4.343642,0.0,1,1,1.0,1.0,1.0,1.0,0.27955,-0.023099999999999787,1.0,10.0,0.0,-0.003247230111098871,0.02340009535780344,6540,1,0.0,0.04075536588343178,0.03649105143089235,6540,1,0.0,,,
2018-12-01 20:10:00+00:00,-4.199448857127971,93.14297485351562,977.29345703125,4.591054916381836,14.20211,0.8537838,4.381172,0.0,5.376824,0.0,1,1,1.0,1.0,1.0,1.0,0.2993,0.11849999999999994,1.0,10.0,0.0,0.01832927052567645,0.03448562877464093,6540,1,0.0,0.07426371504620807,0.09829170355579499,6540,1,0.0,,,
2018-12-01 20:20:00+00:00,-4.234423375488636,93.725830078125,977.2931518554688,2.7219467163085938,13.59482,0.7714982,3.994363,0.0,4.769189,0.0,1,1,1.0,1.0,1.0,1.0,0.2823,-0.10200000000000009,1.0,10.065132885054178,1.0,0.011090177210365853,0.0189083894840281,6540,1,0.0,0.04667184224942835,0.05676365395150521,6540,1,0.0,,,
2018-12-01 20:30:00+00:00,-4.2579214375208325,93.80999755859376,977.4124755859376,1.6659799814224243,13.51711,0.7479112,4.645629,0.0,4.705171,0.0,1,1,1.0,1.0,1.0,1.0,0.2652,-0.10260000000000002,1.0,10.071647500245518,1.0,0.03736193401057546,0.04511917434920928,6540,1,0.0,0.04518708019721799,0.052376491186283465,6540,1,0.0,,,
2018-12-01 20:40:00+00:00,-4.258865081986723,94.12249755859376,977.2574462890624,0.8471683263778687,14.20166,0.8588539,4.155372,0.0,4.946599,0.0,1,1,1.0,1.0,1.0,1.0,0.1018,-0.9803999999999999,1.0,10.079610175892455,1.0,0.018527048622689595,0.02539375965211978,6540,1,0.0,0.054670871641577745,0.06889247406728974,6540,1,0.0,,,
2018-12-01 20:50:00+00:00,-4.266226115665987,94.20330810546876,977.3762817382812,0.2170582264661789,14.25054,0.8653322,4.547208,0.0,4.426429,0.0,1,1,1.0,1.0,1.0,0.0,0.0705,-0.18780000000000005,1.0,10.089564113042748,1.0,0.02870214508800972,0.04116739815386931,6540,1,0.0,0.03893169123951982,0.0400313507197011,6540,1,0.0,,,
2018-12-01 21:00:00+00:00,-4.278296268994969,94.24545288085938,977.499755859375,0.0303860232234001,14.36664,0.8845592,5.067231,0.0,4.671913,0.0,1,1,1.0,1.0,1.0,0.0,0.0618,-0.052199999999999955,1.0,10.102363046965566,1.0,0.04450944853991997,0.07108646408351749,6540,1,0.0,0.030535376944193025,0.050448095190358,6540,1,0.0,,,
2018-12-01 21:10:00+00:00,-4.329509968003374,94.81735229492188,977.416748046875,-0.002372712129727,14.3476,0.8902595,,,,,1,1,1.0,,,0.0,0.05700000000000001,-0.02879999999999995,1.0,10.119430187956365,1.0,0.03528910194955221,0.03462512571790421,6540,1,0.0,0.050901310618330795,0.08454707684898123,6540,1,0.0,,,
2018-12-01 21:20:00+00:00,-4.317507579067977,95.05123901367188,977.5413818359376,-0.0069650583900511,13.52619,0.7890848,4.758864,0.0,4.397143,0.0,1,1,1.0,1.0,1.0,0.0,0.057600000000000005,0.0035999999999999782,1.0,10.14373264950322,1.0,0.029852758268030678,0.051078867496512,6540,1,0.0,0.023985480331793065,0.03882186484591316,6540,1,0.0,,,
2018-12-01 21:30:00+00:00,-4.324211196988581,95.13883972167967,977.671630859375,-0.0080366060137748,13.77034,0.8297172,5.084643,0.0,4.362082,0.0,1,1,1.0,1.0,1.0,0.0,0.061,0.02039999999999996,1.0,10.421953918697218,1.0,0.06786368021150915,0.07225561859061204,6540,1,0.0,0.036273602741520576,0.037330977891580026,6540,1,0.0,,,
2018-12-01 21:40:00+00:00,-4.34602728608747,94.6396713256836,977.8648071289062,-0.0070415972732007,13.89876,0.8412593,4.199841,0.0,4.380685,0.0,1,1,1.0,1.0,1.0,0.0,0.05740000000000001,-0.021599999999999953,1.0,10.527515624088268,1.0,0.018733393971512958,0.027214484859289293,6540,1,0.0,0.03475039226252858,0.03812628810160229,6540,1,0.0,,,
2018-12-01 21:50:00+00:00,-4.4009933119645295,95.54499816894533,977.6588134765624,-0.0036800000816583,14.68707,0.9209305,5.384175,0.0,5.103305,0.0,1,1,1.0,1.0,1.0,0.0,0.04995,-0.04470000000000003,1.0,10.703549428146664,1.0,0.07545383360327744,0.09175052007589549,6540,1,0.0,0.0626297890267721,0.07966869907076407,6540,1,0.0,,,
2018-12-01 22:00:00+00:00,-4.398633695095373,95.774169921875,977.7333984375,-0.0029133332427591,14.90611,0.9995663,5.198797,0.0,5.782169,0.0,1,1,1.0,1.0,1.0,0.0,0.0448,-0.03090000000000001,1.0,11.054525809607753,1.0,0.0664902403296494,0.07968291444143644,6540,1,0.0,0.1003541081126143,0.13081244445237833,6540,1,0.0,,,
2018-12-01 22:10:00+00:00,-4.365091331679724,95.51092529296876,977.6670532226562,-0.0067487354390323,14.79528,0.9718571,5.434371,0.0,5.508142,0.0,1,1,1.0,1.0,1.0,0.0,0.042,-0.01679999999999998,1.0,11.10274588481237,1.0,0.06835080774818979,0.0949878648813228,6540,1,0.0,0.098350688655202,0.10730704293529618,6540,1,0.0,,,
2018-12-01 22:20:00+00:00,-4.303659368964037,95.27143096923828,977.5657348632812,-0.0087655987590551,14.44832,0.8614533,5.401975,0.0,4.931083,0.0,1,1,1.0,1.0,1.0,0.0,0.041600000000000005,-0.0023999999999999855,1.0,11.102665383702625,0.0,0.08929537145102893,0.09286964405605759,6540,1,0.0,0.06320520168397485,0.06786212158135996,6540,1,0.0,,,
2018-12-01 22:30:00+00:00,-4.3196204121754205,95.5579833984375,977.6405029296876,-0.0061952862888574,14.29741,0.8664721,4.568901,0.0,4.956862,0.0,1,1,1.0,1.0,1.0,0.0,0.042,0.0023999999999999855,1.0,11.0545259427435,0.0,0.03393501095655488,0.04205671976421253,6540,1,0.0,0.06589741776629192,0.06962120615067133,6540,1,0.0,,,
2018-12-01 22:40:00+00:00,-4.36750961026273,96.18512725830078,977.8485717773438,-0.006276206113398,14.49563,0.8816333,4.552599,0.0,5.384724,0.0,1,1,1.0,1.0,1.0,0.0,0.036199999999999996,-0.03480000000000004,1.0,11.102906887031738,0.0,0.029292963539681784,0.04140265976126697,6540,1,0.0,0.09846428103563262,0.09886278670992117,6540,1,0.0,,,
2018-12-01 22:50:00+00:00,-4.3619347246293,96.4330596923828,978.0191040039062,-0.0042861895635724,14.15115,0.8519633,4.437363,0.0,5.29515,0.0,1,1,1.0,1.0,1.0,0.0,0.027449999999999995,-0.052500000000000005,1.0,11.199443209180664,0.0,0.0266969448182641,0.03677875761071093,6540,1,0.0,0.07914011141149009,0.09277377719059661,6540,1,0.0,,,
2018-12-01 23:00:00+00:00,-4.327571097219758,95.78016662597656,977.964111328125,-0.0049750413745641,14.09722,0.8882141,4.763872,0.0,5.204201,0.0,1,1,1.0,1.0,1.0,0.0,0.019200000000000002,-0.04949999999999996,1.0,11.25730730039686,0.0,0.033937526795922254,0.05142753338994124,6540,1,0.0,0.06811549489091083,0.08657963977933926,6540,1,0.0,,,
2018-12-01 23:10:00+00:00,-4.3652025866542665,95.1289291381836,977.9991455078124,-0.0083427624776959,14.97852,0.956815,4.93779,0.0,5.4577,0.0,1,1,1.0,1.0,1.0,0.0,0.0118,-0.04440000000000001,1.0,11.257640038317142,0.0,0.04594289640100992,0.06276304965962773,6540,1,0.0,0.08573517590034299,0.10393445262624257,6540,1,0.0,,,
2018-12-01 23:20:00+00:00,-4.446742368905188,95.5008316040039,978.0450439453124,-0.0098133329302072,14.01126,0.8549748,5.168399,0.0,5.39406,0.0,1,1,1.0,1.0,1.0,0.0,0.0098,-0.012,1.0,11.456949128860288,0.0,0.04382561288228849,0.07777738853886534,6540,1,0.0,,,6540,0,,,,
2018-12-01 23:30:00+00:00,-4.48419180474499,95.6840362548828,978.3187255859376,-0.0051885521970689,14.67668,0.9516327,4.549489,0.0,5.269897,0.0,1,1,1.0,1.0,1.0,0.0,0.0046,-0.0312,1.0,11.456979795949715,0.0,0.03637177630168636,0.04135173162916433,6540,1,0.0,0.07887990811975991,0.09116228957210658,6540,1,0.0,,,
2018-12-01 23:40:00+00:00,-4.474222347617139,94.88487243652344,978.35205078125,-0.0043367003090679,13.72554,0.8177496,4.716084,0.0,4.486588,0.0,1,1,1.0,1.0,1.0,0.0,0.0,-0.0276,1.0,11.475349297382179,0.0,0.037139609732278964,0.04933633106527105,6540,1,0.0,0.04967325722298971,0.043259943387808156,6540,1,0.0,,0.0,0.054157448377581116
2018-12-01 23:50:00+00:00,-4.437649803258503,94.41344451904295,978.3265380859376,-0.0042592594400048,13.9141,0.879415,5.336024,0.0,4.407745,0.0,1,1,1.0,1.0,1.0,0.0,0.0,0.0,1.0,11.475372297699248,0.0,0.0777021231302401,0.08871305907343782,6540,1,0.0,0.03580114969393102,0.0393276193617542,6540,1,0.0,,0.0,0.05346607669616519
2018-12-02 00:00:00+00:00,-4.414931537456962,94.54454040527344,978.6251831054688,-0.0034848484210669,13.40772,0.8864559,4.245007,0.0,4.323843,0.0,1,1,1.0,1.0,1.0,0.0,0.0,0.0,1.0,11.488919805611182,0.0,0.014785798235637386,0.02909268771097833,6540,1,0.0,0.03616391437809642,0.035779543465469466,6540,1,0.0,,0.0,0.057383849557522126
2018-12-02 00:10:00+00:00,-4.503756497722686,95.2260513305664,978.5714721679688,-0.0096801342442631,12.90515,0.819335,3.824598,0.0,3.880557,0.0,1,1,1.0,1.0,1.0,0.0,0.0,0.0,1.0,11.351148159858765,0.0,0.00023710867253745474,,6540,1,0.0,0.006496025178490615,0.01699026071311776,6540,1,0.0,,0.0,0.07420722713864307
2018-12-02 00:20:00+00:00,-4.473923982003594,94.2924346923828,978.669189453125,-0.008983165025711,12.51195,0.7867616,3.67107,0.0,3.451904,0.0,1,1,1.0,1.0,1.0,0.0,0.0,0.0,1.0,11.351148159858765,0.0,-0.0029435288033834318,,6540,0,,0.00045450574014245016,,6540,0,,,0.0,0.10278392330383482
2018-12-02 00:30:00+00:00,-4.469252284481676,93.6785125732422,978.6309814453124,-0.0068885190412402,12.5071,0.76374,3.422537,0.0,3.521497,0.0,1,1,1.0,1.0,1.0,0.0,0.0,0.0,1.0,11.351125159541695,0.0,-0.001921421958179009,,6540,1,0.0,0.005110786251905488,,6540,1,0.0,,0.0,0.15187131268436577
2018-12-02 00:40:00+00:00,-4.522563645464634,93.79752349853516,978.5833129882812,-0.0041331113316118,12.54911,0.8116103,2.864028,0.0,3.077888,0.0,1,1,1.0,1.0,1.0,0.0,0.0,0.0,1.0,11.337299157793703,0.0,-0.004181490642268484,,6540,0,,-0.0038569922563506335,,6540,0,,,0.0,0.15763274336283187
2018-12-02 00:50:00+00:00,-4.629799281199392,95.15499877929688,978.6150512695312,-0.0055200001224875,12.76975,0.8559933,3.553761,0.0,3.194701,0.0,1,1,1.0,1.0,1.0,0.0,0.0,0.0,1.0,11.30811764024088,0.0,-0.001826030684680473,,6540,1,0.0,-0.003250927110997642,,6540,1,0.0,,0.0,0.15901548672566373
2018-12-02 01:00:00+00:00,-4.601727628304647,94.76722717285156,978.657470703125,-0.0082087544724345,12.86407,0.8192633,4.142548,0.0,3.870608,0.0,1,1,1.0,1.0,1.0,0.0,0.0,0.0,1.0,11.364948286250572,0.0,0.008691143873261243,0.02499520631338759,6540,0,,0.018660041995164824,0.016580422489244986,6540,1,0.0,,0.0,0.17261246312684367
2018-12-02 01:10:00+00:00,-4.631270881089929,94.3235321044922,978.8504028320312,-0.0076666665263473,13.63177,1.04432,4.397758,0.0,4.312646,0.0,1,1,1.0,1.0,1.0,0.0,0.0,0.0,1.0,11.364948286250572,0.0,-0.0036658803428091654,0.03530377836675538,6540,1,0.0,0.04272440840558308,0.035364757396426146,6540,1,0.0,,0.0,0.14933628318584072
2018-12-02 01:20:00+00:00,-4.643782008681642,93.95462036132812,978.9217529296876,-0.0035622895229607,13.29023,1.034739,4.994851,0.0,4.652512,0.0,1,1,1.0,1.0,1.0,0.0,0.0,0.0,1.0,11.364913785774966,0.0,0.03212939378691883,0.0666786862680252,6540,1,0.0,,,6540,0,,,0.0,0.1262905604719764
2018-12-02 01:30:00+00:00,-4.672696165156331,93.42688751220705,978.9022216796876,-0.0043367003090679,12.71742,0.8746789,4.016274,0.0,3.90199,0.0,1,1,1.0,1.0,1.0,0.0,0.0,0.0,1.0,11.343914595414612,0.0,0.015321509198444645,0.019944586376532812,6540,1,0.0,0.02141997918850038,0.01794943150980128,6540,1,0.0,,0.0,0.11684181415929203
2018-12-02 01:40:00+00:00,-4.6695516950122204,92.86638641357422,978.9675903320312,-0.0065050506964325,12.82318,0.917625,4.221248,0.0,4.413304,0.0,1,1,1.0,1.0,1.0,0.0,0.0,0.0,1.0,11.143870260182,0.0,0.023310692019578888,0.028210120486716197,6540,1,0.0,0.028243754317120808,0.03965683536048031,6540,1,0.0,,0.0,0.10739306784660767
2018-12-02 01:50:00+00:00,-4.780590228058606,93.72809600830078,979.1271362304688,-0.0078069884330034,13.3116,1.026135,4.235612,0.0,5.260986,0.0,1,1,1.0,1.0,1.0,0.0,0.0,0.0,1.0,10.97854474728904,0.0,0.020248457745807927,0.028803014264369216,6540,1,0.0,0.05314324727872523,0.09075083513838272,6540,1,0.0,,0.0,0.0797382005899705
2018-12-02 02:00:00+00:00,-4.826781270670856,93.85784912109376,979.2655639648438,-0.0059700501151382,12.88451,0.9236256,3.953571,0.0,4.702586,0.0,1,1,1.0,1.0,1.0,0.0,0.0,0.0,1.0,10.97837635894573,0.0,0.011532424368509432,0.01744849585261091,6540,1,0.0,0.034990584210651675,0.05258095956767479,6540,1,0.0,,0.0,0.05507927728613569
2018-12-02 02:10:00+00:00,-4.801980514027656,93.16033172607422,979.2953491210938,-0.0037504159845411,12.87987,0.9127579,3.751175,0.0,3.640097,0.0,1,1,1.0,1.0,1.0,0.0,0.0,0.0,1.0,10.877343820418295,0.0,0.002588708691480683,,6540,0,,0.001395681776651522,,6540,0,,,0.0,0.09264380530973451
2018-12-02 02:20:00+00:00,-4.798408217935988,92.92100524902344,979.4610595703124,-0.0040269359014928,12.64045,0.8843055,3.056105,0.0,4.004957,0.0,1,1,1.0,1.0,1.0,0.0,0.0,0.0,1.0,10.877343820418295,0.0,-0.0027159076783715226,,6540,0,,0.01960318774711795,0.022367809954985815,6540,1,0.0,,0.0,0.10094026548672566
2018-12-02 02:30:00+00:00,-4.784817917091214,92.66050720214844,979.3873291015624,-0.0069696968421339,13.11788,0.9793122,2.947987,0.0,3.509295,0.0,1,1,1.0,1.0,1.0,0.0,0.0,0.0,1.0,10.87761215745078,0.0,-0.002067438683858732,,6540,1,0.0,0.005495410081816882,,6540,0,,,0.0,0.09587020648967551
2018-12-02 02:40:00+00:00,-4.882023411166553,93.52604675292967,979.4659423828124,-0.0077441078610718,12.4322,0.8326584,2.567919,0.0,2.933946,0.0,1,1,1.0,1.0,1.0,0.0,0.0,0.0,1.0,11.038345294985751,0.0,-0.003566948727863591,,6540,1,0.0,-0.003465685495516149,,6540,0,,,0.0,0.10577986725663717
2018-12-02 02:50:00+00:00,-4.967950685049879,94.5420150756836,979.2758178710938,-0.0045690233819186,12.5588,0.8677729,3.049375,0.0,3.442333,0.0,1,1,1.0,1.0,1.0,0.0,0.0,0.0,1.0,11.038345294985751,0.0,-0.002805691230587843,,6540,1,0.0,-0.00044054607065712527,,6540,1,0.0,,0.0,0.1246773598820059
2018-12-02 03:00:00+00:00,-5.035460203602155,94.83949279785156,979.353271484375,-0.0032525253482162,12.06619,0.7651914,2.658657,0.0,3.545203,0.0,1,1,1.0,1.0,1.0,0.0,0.0,0.0,1.0,11.03832386395726,0.0,-0.0019812825830971322,,6540,1,0.0,0.001821415249894305,,6540,1,0.0,,0.0,0.13873525073746312
2018-12-02 03:10:00+00:00,-5.068616208833483,95.3596649169922,979.25390625,-0.0035622895229607,12.01012,0.7224841,2.408452,0.0,2.543984,0.0,1,1,1.0,1.0,1.0,0.0,0.0,0.0,1.0,11.025465177020305,0.0,-0.002946724775360852,,6540,1,0.0,,,6540,0,,,0.0,0.10140117994100295
2018-12-02 03:20:00+00:00,-5.1363300319753735,96.2900848388672,979.1065673828124,-0.0072712148539721,11.96724,0.7326806,2.94847,0.0,3.040901,0.0,1,1,1.0,1.0,1.0,0.0,0.0048000000000000004,0.028800000000000003,1.0,11.334588008189531,0.0,-0.0035206608655976085,,6540,1,0.0,-0.0024758701789669873,,6540,1,0.0,,0.0,0.084577802359882
2018-12-02 03:30:00+00:00,-5.195485313348381,96.9281005859375,979.0984497070312,-0.0073477537371218,11.77745,0.6612033,2.923639,0.0,3.153151,0.0,1,1,1.0,1.0,1.0,0.0,0.01305,0.0495,1.0,11.33460410841148,0.0,-0.0020407167295130287,,6540,1,0.0,-0.002168719826675043,,6540,1,0.0,,0.0,0.0797382005899705
2018-12-02 03:40:00+00:00,-5.252096901439807,97.46050262451172,979.114501953125,-0.0055757574737071,11.15365,0.546825,2.792588,0.0,3.361964,0.0,1,1,1.0,1.0,1.0,0.0,0.0263,0.0795,1.0,11.344135395110062,0.0,-0.0024746638972584795,,6540,1,0.0,-0.0036371577658304353,,6540,1,0.0,,0.0,0.07259402654867256
2018-12-02 03:50:00+00:00,-5.327460009785912,97.70924377441406,979.1318969726562,-0.004646464716643,12.02718,0.726575,2.949436,0.0,2.796504,0.0,1,1,1.0,1.0,1.0,0.0,0.0388,0.07500000000000001,1.0,11.276627477345391,0.0,-0.0035827813497403774,,6540,1,0.0,-0.00328604651660454,,6540,1,0.0,,0.0,0.06913716814159292
2018-12-02 04:00:00+00:00,-5.357504921365494,97.46470642089844,979.1015014648438,-0.0043367003090679,12.39523,0.7786371,2.763191,0.0,2.490982,0.0,1,1,1.0,1.0,1.0,0.0,0.0448,0.03599999999999999,1.0,11.277182010785253,0.0,-0.0030161383093857182,,6540,1,0.0,-0.001812813805370796,,6540,0,,,0.0,0.06821533923303835
2018-12-02 04:10:00+00:00,-5.433097619522699,97.40924835205078,979.042236328125,-0.0083636362105607,12.03489,0.6416628,2.735053,0.0,3.133432,0.0,1,1,1.0,1.0,1.0,0.0,0.046,0.007199999999999998,1.0,11.609900529699644,0.0,-0.0036583926038044256,,6540,1,0.0,-0.003567636768992354,,6540,1,0.0,,0.0,0.05231379056047197
2018-12-02 04:20:00+00:00,-5.448021968653119,97.15882110595705,979.174560546875,-0.0058080810122191,12.13133,0.63816,2.930394,0.0,2.444142,0.0,1,1,1.0,1.0,1.0,0.0,0.0474,0.00839999999999999,1.0,11.714551488168581,0.0,-0.0033927124302561692,,6540,1,0.0,,,6540,0,,,0.0,0.05922750737463127
2018-12-02 04:30:00+00:00,-5.457498869666407,96.92892456054688,979.011474609375,-0.0039034942165017,12.26078,0.72174,1.974848,0.0,1.902251,0.0,1,1,1.0,1.0,1.0,0.0,0.05,0.01560000000000003,1.0,11.714551488168581,0.0,-0.003656182638028773,,6540,1,0.0,-0.0012439533559287467,,6540,1,0.0,,0.0,0.0615320796460177
2018-12-02 04:40:00+00:00,-5.506698853635595,96.92396545410156,979.0658569335938,-0.0042096506804227,11.98233,0.676795,1.444216,0.0,1.859978,0.0,1,1,1.0,1.0,1.0,0.0,0.0492,-0.004800000000000013,1.0,11.714014814103614,0.0,-0.0016106460152602777,,6540,1,0.0,-0.0026836504587313026,,6540,1,0.0,,0.0,0.06913716814159292
2018-12-02 04:50:00+00:00,-5.545372094195364,96.9361343383789,978.915771484375,-0.0067373737692832,11.82707,0.7033083,2.307691,0.0,2.584837,0.0,1,1,1.0,1.0,1.0,0.0,0.047599999999999996,-0.009600000000000025,1.0,11.392290938069204,0.0,-0.001795887016668552,,6540,1,0.0,-0.0030206650059397626,,6540,1,0.0,,0.0,0.0829646017699115
2018-12-02 05:00:00+00:00,-5.577575352281066,96.77227020263672,978.9205932617188,-0.00813131313771,12.41701,0.8108865,2.821586,0.0,2.895397,0.0,1,1,1.0,1.0,1.0,0.0,0.05,0.014400000000000038,1.0,11.237882646136047,0.0,-0.0033568761406875237,,6540,1,0.0,-0.00193295699794118,,6540,1,0.0,,0.0,0.10163163716814158
2018-12-02 05:10:00+00:00,-5.599022277146246,96.31948852539062,978.8057250976562,-0.0063152541406452,12.47389,0.827803,1.919493,0.0,3.054071,0.0,1,1,1.0,1.0,1.0,0.0,0.05,0.0,1.0,11.175196548367694,0.0,-0.003286604997588367,,6540,1,0.0,-0.003501203816111495,,6540,1,0.0,,0.0,0.11707227138643068
2018-12-02 05:20:00+00:00,-5.6197733527161065,96.31271362304688,978.7770385742188,-0.004288135562092,12.43127,0.8128244,1.962383,0.0,2.388529,0.0,1,1,1.0,1.0,1.0,0.0,0.05,0.0,1.0,11.508469600721947,0.0,-0.0013557730651483303,,6540,1,0.0,-0.0028840437168028295,,6540,1,0.0,,0.0,0.10347529498525074
2018-12-02 05:30:00+00:00,-5.677054493472506,96.3758316040039,978.803955078125,-0.0044466666877269,11.13558,0.5735485,1.099917,0.0,2.111751,0.0,1,1,1.0,1.0,1.0,0.0,0.05,0.0,1.0,11.508571568794292,0.0,-0.0019279178758946857,,6540,1,0.0,-0.0009049448734376488,,6540,1,0.0,,0.0,0.10624078171091444
2018-12-02 05:40:00+00:00,-5.690936080068808,96.21166229248048,978.7222900390624,-0.0068999999202787,11.11304,0.567798,1.214103,0.0,2.044219,0.0,1,1,1.0,1.0,1.0,0.0,0.0506,0.0035999999999999782,1.0,11.56908665894786,0.0,-0.002766807835276534,,6540,1,0.0,-0.0023388797480885576,,6540,1,0.0,,0.0,0.10739306784660767
2018-12-02 05:50:00+00:00,-5.705904931189046,96.11249542236328,978.9127197265624,-0.0082033332437276,10.7428,0.4899532,1.336389,0.0,1.902722,0.0,1,1,1.0,1.0,1.0,0.0,0.053000000000000005,0.014400000000000038,1.0,11.231547064466213,0.0,-0.0019298177812157608,,6540,1,0.0,-0.0030116444099240187,,6540,1,0.0,,0.0,0.09610066371681417
2018-12-02 06:00:00+00:00,-5.738365087125056,95.9974594116211,978.8142700195312,-0.0053796609863638,11.1278,0.56892,2.289879,0.0,2.270238,0.0,1,1,1.0,1.0,1.0,0.0,0.0546,0.009599999999999984,1.0,11.231585397943068,0.0,-0.0015406579506106492,,6540,1,0.0,-0.00131730928653624,,6540,1,0.0,,0.0,0.09863569321533923
2018-12-02 06:10:00+00:00,-5.749250880679592,95.77796936035156,979.0982055664062,-0.0055945944041013,11.81477,0.69548,2.447323,0.0,2.640079,0.0,1,1,1.0,1.0,1.0,0.0,0.05620000000000001,0.009600000000000025,1.0,11.25461627606992,0.0,-0.0038190034540688117,,6540,1,0.0,-0.002980527877807617,,6540,1,0.0,,0.0,0.12075958702064897
2018-12-02 06:20:00+00:00,-5.758301978563038,95.69491577148438,979.1613159179688,-0.0051283785142004,11.12547,0.5509767,2.53239,0.0,2.537145,0.0,1,1,1.0,1.0,1.0,0.0,0.0596,0.02039999999999996,1.0,11.295947654293135,0.0,-0.002486436425185785,,6540,1,0.0,-0.0033659895454964985,,6540,1,0.0,,0.0,0.14449668141592922
2018-12-02 06:30:00+00:00,-5.778256063951632,95.38304901123048,979.2521362304688,-0.0086249997839331,11.31831,0.6133829,2.524705,0.0,2.619564,0.0,1,1,1.0,1.0,1.0,0.0,0.061,0.00839999999999999,1.0,11.295947654293135,0.0,-0.0017104157005868308,,6540,1,0.0,-0.002300715562773914,,6540,1,0.0,,0.0,0.11753318584070796
2018-12-02 06:40:00+00:00,-5.78354472087783,95.21270751953124,979.4326782226562,-0.0069155404344201,11.2683,0.5927787,1.980793,0.0,2.34336,0.0,1,1,1.0,1.0,1.0,0.0,0.0646,0.021600000000000036,1.0,11.295947654293135,0.0,-0.0018532661112343396,,6540,1,0.0,-0.0025814407627757,,6540,1,0.0,,0.0,0.09379609144542773
2018-12-02 06:50:00+00:00,-5.819012806761919,95.55762481689452,979.464599609375,-0.0052837836556136,11.27865,0.60351,1.542459,0.0,1.829972,0.0,1,1,1.0,1.0,1.0,0.0,0.0693,0.028199999999999975,1.0,11.295947654293135,0.0,-0.002546312518236114,,6540,1,0.0,-0.0029686771951070645,,6540,1,0.0,,0.0,0.0979443215339233
2018-12-02 07:00:00+00:00,-5.846080130659205,96.00084686279295,979.3971557617188,-0.0046621621586382,11.03496,0.514783,1.37473,0.0,1.707098,0.0,1,1,1.0,1.0,1.0,0.0,0.072,0.016199999999999964,1.0,11.295947654293135,0.0,-0.0027654592002310406,,6540,1,0.0,-0.00188484540799769,,6540,1,0.0,,0.0,0.08849557522123894
2018-12-02 07:10:00+00:00,-5.884711903455735,96.28729248046876,979.144775390625,-0.0064493245445191,10.06656,0.2618898,1.561394,0.0,1.700976,0.0,1,1,1.0,1.0,1.0,0.0,0.0732,0.00720000000000004,1.0,11.295947654293135,0.0,-0.0012610250566063858,,6540,1,0.0,-0.0012957346148607205,,6540,1,0.0,,0.0,0.07858591445427729
2018-12-02 07:20:00+00:00,-5.933095680475327,96.5237274169922,979.1348876953124,-0.0061385133303701,10.57743,0.1841553,1.436296,0.0,1.373562,0.0,1,1,1.0,1.0,1.0,0.0,0.08,0.0408,1.0,11.470182862352845,0.0,-0.002086091855677163,,6540,1,0.0,-0.0035174711739144673,,6540,1,0.0,,0.0,0.10232300884955751
2018-12-02 07:30:00+00:00,-5.924096164443713,96.54745483398438,979.0286865234376,-0.0050506754778325,10.83228,0.184,1.587086,0.0,1.994265,0.0,1,1,1.0,1.0,1.0,0.0,0.08499999999999999,0.029999999999999943,1.0,11.682351193254817,0.0,-0.003132125110161014,,6540,1,0.0,-0.0023821114330756957,,6540,1,0.0,,0.0,0.13735250737463128
2018-12-02 07:40:00+00:00,-5.929342342197812,96.54830169677734,978.9331665039062,-0.0030304053798317,11.36895,0.3662479,1.523938,0.0,2.431601,0.0,1,1,1.0,1.0,1.0,0.0,0.0901,0.030600000000000044,1.0,11.681707184376856,0.0,-0.0022263889777951124,,6540,1,0.0,-0.0016774210115758385,,6540,1,0.0,,0.0,0.16062868731563423
2018-12-02 07:50:00+00:00,-5.96761304203151,96.4381332397461,979.037109375,-0.0050506754778325,11.50785,0.6538984,2.490392,0.0,2.763101,0.0,1,1,1.0,1.0,1.0,0.0,0.08919999999999999,-0.005400000000000071,1.0,11.29554515278646,0.0,-0.0014155949615850681,,6540,1,0.0,-0.0029271863146526056,,6540,1,0.0,,0.0,0.1707688053097345
2018-12-02 08:00:00+00:00,-6.020333740240534,96.10932159423828,979.036865234375,-0.0080033782869577,12.35935,0.8035184,2.672134,0.0,3.10686,0.0,1,1,1.0,1.0,1.0,0.0,0.088,-0.0071999999999999564,1.0,11.053923055877515,0.0,-0.0032337330608833126,,6540,1,0.0,-0.0037104180964027964,,6540,1,0.0,,0.0,0.17676069321533924
2018-12-02 08:10:00+00:00,-6.052956733002919,95.95085144042967,978.905029296875,-0.0073817567899823,12.04677,0.7697105,2.197831,0.0,2.544541,0.0,1,1,1.0,1.0,1.0,0.0,0.088,0.0,1.0,10.740492567036199,0.0,-0.0025277281970512576,,6540,1,0.0,-0.0010916743627408655,,6540,1,0.0,,0.0,0.1663901179941003
2018-12-02 08:20:00+00:00,-6.0619481577636565,95.8186492919922,979.01123046875,-0.0053614866919815,11.77018,0.7267208,2.456829,0.0,2.66544,0.0,1,1,1.0,1.0,1.0,0.0,0.0856,-0.014399999999999996,1.0,10.780742935678063,0.0,-0.0018966132838551591,,6540,1,0.0,-0.0017443581325251884,,6540,1,0.0,,0.0,0.1428834808259587
2018-12-02 08:30:00+00:00,-6.047016728771218,95.52796936035156,978.9976806640624,-0.0044290539808571,11.71075,0.6937726,2.161411,0.0,3.061455,0.0,1,1,1.0,1.0,1.0,0.0,0.084,-0.009599999999999942,1.0,10.780233095316344,0.0,-0.00187608753762594,,6540,1,0.0,-0.0037095479267399483,,6540,1,0.0,,0.0,0.11845501474926254
2018-12-02 08:40:00+00:00,-6.066739201530992,95.49152374267578,979.1153564453124,-0.004195945803076,12.15223,0.7585334,3.000898,0.0,3.066713,0.0,1,1,1.0,1.0,1.0,0.0,0.084,0.0,1.0,10.47484013400026,0.0,-0.0033971379442912777,,6540,1,0.0,-0.002652341563527177,,6540,1,0.0,,0.0,0.10324483775811208
2018-12-02 08:50:00+00:00,-6.10356156387792,95.88389587402344,979.1318969726562,-0.0045844595879316,11.24609,0.6022458,2.444786,0.0,2.699178,0.0,1,1,1.0,1.0,1.0,0.0,0.087,0.017999999999999933,1.0,10.474866967703509,0.0,-0.00316616267692752,,6540,1,0.0,-0.0020978485665670257,,6540,1,0.0,,0.0,0.08342551622418878
2018-12-02 09:00:00+00:00,-6.1237381592155975,95.9000015258789,979.1062622070312,-0.0089358109980821,11.6577,0.6603944,2.338673,0.0,2.532099,0.0,1,1,1.0,1.0,1.0,0.0,0.0895,0.015000000000000013,1.0,10.490940281456764,0.0,-0.001790872201686952,,6540,1,0.0,-0.002716551990043826,,6540,1,0.0,,0.0,0.07420722713864307
2018-12-02 09:10:00+00:00,-6.1084729652995335,96.0703353881836,979.0947265625,-0.0073040542192757,11.8546,0.7169883,1.852201,0.0,2.584397,0.0,1,1,1.0,1.0,1.0,0.0,0.091,0.009000000000000008,1.0,10.490940281456764,0.0,-0.0018663573846584413,,6540,1,0.0,-0.002695133627914801,,6540,1,0.0,,0.0,0.07881637168141593
2018-12-02 09:20:00+00:00,-6.035324842355681,96.33898162841795,979.0452880859376,-0.0053614866919815,11.40742,0.6403574,1.409684,0.0,2.277681,0.0,1,1,1.0,1.0,1.0,0.0,0.0907,-0.0017999999999999683,1.0,10.490940281456764,0.0,-0.003191166621882741,,6540,1,0.0,-0.0009058485961541897,,6540,1,0.0,,0.0,0.09725294985250736
2018-12-02 09:30:00+00:00,-6.0593083806404255,95.96356201171876,979.0481567382812,-0.0045844595879316,11.30298,0.5808386,1.944611,0.0,2.765724,0.0,1,1,1.0,1.0,1.0,0.0,0.088,-0.016200000000000048,1.0,10.490940281456764,0.0,-0.0024989072287954937,,6540,1,0.0,-0.003223899748267197,,6540,1,0.0,,0.0,0.09587020648967551
2018-12-02 09:40:00+00:00,-6.043090439578734,95.59152221679688,978.944580078125,-0.0065270271152257,11.33942,0.6017887,2.080493,0.0,2.538477,0.0,1,1,1.0,1.0,1.0,0.0,0.08420000000000001,-0.022799999999999904,1.0,10.490940281456764,0.0,-0.0013681079120170779,,6540,1,0.0,-0.003264304137811428,,6540,1,0.0,,0.0,0.10693215339233038
2018-12-02 09:50:00+00:00,-5.994860396705782,94.9000015258789,978.8522338867188,-0.0090135131031274,11.73387,0.6712688,2.641675,0.0,3.026941,0.0,1,1,1.0,1.0,1.0,0.0,0.0776,-0.03960000000000005,1.0,10.490940281456764,0.0,-0.002235683348120713,,6540,1,0.0,-0.0016412394221236065,,6540,1,0.0,,0.0,0.11960730088495575
2018-12-02 10:00:00+00:00,-5.9754464036481485,94.64830780029295,978.8554077148438,-0.0046621621586382,12.91239,0.8283525,3.134991,0.0,3.69671,0.0,1,1,1.0,1.0,1.0,0.0,0.072,-0.033600000000000046,1.0,10.490940281456764,0.0,-0.003915488080280583,,6540,1,0.0,-0.0009646187759027249,,6540,1,0.0,,0.0,0.13228244837758113
2018-12-02 10:10:00+00:00,-6.007606171152894,94.8211898803711,979.1954345703124,-0.0047398647293448,13.04946,0.86775,3.258154,0.0,4.74122,0.0,1,1,1.0,1.0,1.0,0.0,0.0717,-0.0017999999999999683,1.0,10.490940281456764,0.0,-0.0034058256847102467,,6540,1,0.0,0.04340325332269436,0.05562095867469484,6540,1,0.0,,0.0,0.13020833333333331
2018-12-02 10:20:00+00:00,-6.08244233548321,95.41779327392578,979.3641357421876,-0.002719594631344,12.9716,0.8786064,3.664101,0.0,4.636461,0.0,1,1,1.0,1.0,1.0,0.0,0.072,0.0017999999999999683,1.0,10.491074449973006,0.0,0.0023752005507306356,,6540,1,0.0,0.04258379680354421,0.04942237093928995,6540,1,0.0,,0.0,0.14426622418879056
2018-12-02 10:30:00+00:00,-6.077424736131352,95.20840454101562,979.3422241210938,-0.0046543003991246,12.80068,0.7905816,4.085626,0.0,4.725846,0.0,1,1,1.0,1.0,1.0,0.0,0.0705,-0.009000000000000008,1.0,10.571360518438793,0.0,0.005036422915574982,0.022977229936618385,6540,0,,0.04175166804616044,0.054577293936177385,6540,1,0.0,,,0.22354351032448375
2018-12-02 10:40:00+00:00,-6.097767202521983,95.7118682861328,979.6038208007812,-0.0059831081889569,13.36279,0.9714713,4.292943,0.0,5.082303,0.0,1,1,1.0,1.0,1.0,0.0,0.0772,0.04020000000000007,1.0,10.52314057636977,0.0,0.01469706093392721,0.03136993730433126,6540,1,0.0,0.06368974639148246,0.07904438519267291,6540,1,0.0,,,
2018-12-02 10:50:00+00:00,-6.127904152307778,96.38644409179688,979.6319580078124,-0.00769256753847,13.12838,0.8904155,4.708693,0.0,4.870326,0.0,1,1,1.0,1.0,1.0,0.0,0.0848,0.045599999999999974,1.0,10.52314057636977,0.0,0.037529281988376524,0.04856158903860206,6540,1,0.0,0.058016186225705035,0.06454659741560517,6540,1,0.0,,,
2018-12-02 11:00:00+00:00,-6.149940728538032,96.5974578857422,979.6159057617188,-0.0055168918333947,12.71349,0.8145905,3.875989,0.0,4.283322,0.0,1,1,1.0,1.0,1.0,0.0,0.08995,0.03090000000000001,1.0,10.525149755466082,1.0,0.012968642071979805,,6540,0,,0.03177501399342607,0.03443178461088599,6540,1,0.0,,,
2018-12-02 11:10:00+00:00,-6.162677400305407,96.83982849121094,979.342529296875,-0.0013209459139034,12.04725,0.6541774,2.603836,0.0,3.456848,0.0,1,1,1.0,1.0,1.0,0.0,0.091,0.006299999999999972,1.0,11.730651635624781,1.0,-0.003915030781815692,,6540,1,0.0,0.0039398802780523535,,6540,1,0.0,,,
2018-12-02 11:20:00+00:00,-6.125211781923854,96.9559326171875,979.34716796875,0.0146858105435967,11.99071,0.528264,2.892345,0.0,3.514604,0.0,1,1,1.0,1.0,1.0,0.0,0.0944,0.0204,1.0,11.73266414315967,1.0,-0.0036298174974395006,,6540,1,0.0,-0.0015225419765565453,,6540,0,,,,
2018-12-02 11:30:00+00:00,-6.155134313031438,96.56610107421876,979.2271728515624,0.0929324328899383,12.34546,0.6390629,3.500094,0.0,3.484904,0.0,1,1,1.0,1.0,1.0,0.0,0.101,0.03960000000000005,1.0,12.938130892486917,1.0,0.0007002324011267686,,6540,1,0.0,-0.0027874139460121712,,6540,0,,,,
2018-12-02 11:40:00+00:00,-6.282674993029029,97.08898162841795,979.107666015625,0.5161621570587158,13.10447,0.8357714,5.094466,0.0,5.184286,0.0,1,1,1.0,1.0,1.0,0.0,0.1153,0.08579999999999996,1.0,12.919070746748538,0.0,0.05257995977634337,0.07368572656131646,6540,1,0.0,0.050834458513957695,0.08603098228352248,6540,1,0.0,,,
2018-12-02 11:50:00+00:00,-6.287835201030073,97.34491729736328,979.2241821289062,1.1174864768981934,13.71913,0.8605654,5.715759,0.0,5.489143,0.0,1,1,1.0,1.0,1.0,1.0,0.1288,0.08099999999999999,1.0,12.912715597894211,0.0,0.07297224835651676,0.11721491687567794,6540,1,0.0,0.08903909822789634,0.10694433205730872,6540,1,0.0,,,
2018-12-02 12:00:00+00:00,-6.299063862187971,96.53983306884766,979.2808837890624,2.0599560737609863,13.95014,0.8864587,5.678754,0.0,5.621205,0.0,1,1,1.0,1.0,1.0,0.0,0.1256,-0.01920000000000005,1.0,12.909537493512323,0.0,0.07482424852324696,0.1133106652750756,6540,1,0.0,0.11112733422256098,0.116005287062938,6540,1,0.0,,,
2018-12-02 12:10:00+00:00,-6.340574104598567,96.25338745117188,979.2569580078124,3.1271791458129883,14.0015,0.7086953,4.926892,0.0,4.986085,0.0,1,1,1.0,1.0,1.0,1.0,0.1266,0.006000000000000005,1.0,12.907630418816144,0.0,0.04494642304211128,0.06282729675283444,6540,1,0.0,0.06193785132431403,0.07252210589493566,6540,1,0.0,,,
2018-12-02 12:20:00+00:00,-6.328856932961544,96.15677642822266,979.0040893554688,5.028048992156982,13.57673,0.6806402,5.011779,0.0,4.571912,0.0,1,1,1.0,1.0,1.0,1.0,0.1296,0.018000000000000016,1.0,12.906358934761876,0.0,0.050737580090034304,0.06834744203603087,6540,1,0.0,0.04718979998332699,0.046723113120131686,6540,1,0.0,,,
2018-12-02 12:30:00+00:00,-6.350722581094545,96.21864318847656,979.0255126953124,6.279721260070801,14.12154,0.7084202,4.505225,0.0,4.225557,0.0,1,1,1.0,1.0,1.0,1.0,0.13725,0.04590000000000011,1.0,12.905450677754198,0.0,0.03489226922756288,0.03996917355669826,6540,1,0.0,0.0331039726443407,0.03200000842420758,6540,1,0.0,,,
2018-12-02 12:40:00+00:00,-6.432689177884165,96.69745635986328,979.0582885742188,5.847694396972656,12.6806,0.5703567,3.988242,0.0,3.907374,0.0,1,1,1.0,1.0,1.0,1.0,0.14875,0.0689999999999999,1.0,12.904769453459854,0.0,0.014530348428865759,0.019109101144205127,6540,0,,0.01173449167391149,0.018481404743246523,6540,1,0.0,,,
2018-12-02 12:50:00+00:00,-6.50739588188047,97.03135681152344,979.0197143554688,7.716300964355469,12.33567,0.4808586,4.235187,0.0,4.207089,0.0,1,1,1.0,1.0,1.0,1.0,0.16815,0.1164,1.0,12.90423959271802,0.0,0.006026107043754764,0.0290832604999694,6540,1,0.0,0.02951652340772675,0.031230313210948588,6540,1,0.0,,,
2018-12-02 13:00:00+00:00,-6.575211857317167,96.5711898803711,978.9161376953124,12.300168991088867,13.2745,0.8012875,4.543368,0.0,3.862842,0.0,1,1,1.0,1.0,1.0,1.0,0.18580000000000002,0.10590000000000016,1.0,12.903815692224427,0.0,0.037358007663633765,0.041523956679782294,6540,1,0.0,0.012558954750619284,0.01659205251535794,6540,1,0.0,,,
2018-12-02 13:10:00+00:00,-6.658944373975431,96.0177993774414,978.8641357421876,18.14488220214844,13.61511,0.9382139,4.742949,0.0,4.653131,0.0,1,1,1.0,1.0,1.0,1.0,0.19060000000000002,0.028799999999999992,1.0,12.903469335897832,0.0,0.042956997010766,0.050871672171044484,6540,1,0.0,0.05074383619354993,0.050207646471509104,6540,1,0.0,,,
2018-12-02 13:20:00+00:00,-6.727686799927407,95.70508575439452,978.9395141601562,25.678192138671875,13.52928,0.9647158,5.016178,0.0,4.595347,0.0,1,1,1.0,1.0,1.0,1.0,0.1992,0.05159999999999981,1.0,12.903179816849997,0.0,0.05318519406202363,0.068713974787166,6540,1,0.0,0.05203892405440168,0.0477671344597866,6540,1,0.0,,,
2018-12-02 13:30:00+00:00,-6.818738882501697,95.54237365722656,978.7600708007812,28.500810623168945,13.93023,1.022522,5.514946,0.0,5.002475,0.0,1,1,1.0,1.0,1.0,1.0,0.20789999999999997,0.05219999999999991,1.0,12.902930699286797,0.0,0.08929350317978277,0.10129239366098043,6540,1,0.0,0.06936716963605183,0.0737676098731035,6540,1,0.0,,,
2018-12-02 13:40:00+00:00,-6.807699354800521,95.54830169677734,979.0076904296876,27.25222969055176,14.42121,1.132399,5.343998,0.0,5.421237,0.0,1,1,1.0,1.0,1.0,1.0,0.22335,0.09270000000000012,1.0,12.899999999999636,0.0,0.08169558641387195,0.09018054289533219,6540,1,0.0,0.09164660942263719,0.10250798883052994,6540,1,0.0,,,
2018-12-02 13:50:00+00:00,-6.878189495261672,95.6177978515625,979.03955078125,16.643850326538086,14.30162,1.095549,6.113736,0.0,5.676661,0.0,1,1,1.0,1.0,1.0,1.0,0.24255,0.11519999999999997,1.0,12.899999999999636,0.0,0.12812410680259145,0.1598561960205513,6540,1,0.0,0.11705730903439406,0.12140090731861164,6540,1,0.0,,,
2018-12-02 14:00:00+00:00,-6.957618467222868,95.5500030517578,978.9843139648438,18.668428421020508,14.01726,1.05981,6.137928,0.0,6.154315,0.0,1,1,1.0,1.0,1.0,1.0,0.263,0.12270000000000014,1.0,12.899999999999636,0.0,0.14779744962366617,0.16477219643609692,6540,1,0.0,0.15358060511147104,0.17508810597736715,6540,1,0.0,,,
2018-12-02 14:10:00+00:00,-6.999378527621754,95.46694946289062,978.885986328125,24.4489860534668,15.31019,1.287154,5.981912,0.0,6.355357,0.0,1,1,1.0,1.0,1.0,1.0,0.27835,0.09209999999999985,1.0,12.899999999999636,0.0,0.1228471709460747,0.14588422739401766,6540,1,0.0,0.18392743366520578,0.19432521851528814,6540,1,0.0,,,
2018-12-02 14:20:00+00:00,-7.049228847487586,95.35424041748048,978.9389038085938,27.83543968200684,15.00219,1.28646,6.616695,0.0,6.167985,0.0,1,1,1.0,1.0,1.0,1.0,0.3014,0.1383000000000001,1.0,12.899999999999636,0.0,0.20454860780297257,0.21336315958832053,6540,1,0.0,0.17239932176543446,0.1742798321424781,6540,1,0.0,,,
2018-12-02 14:30:00+00:00,-7.046219906130647,95.3737335205078,978.9713134765624,23.848039627075195,15.08974,1.279612,6.459391,0.0,6.270922,0.0,1,1,1.0,1.0,1.0,1.0,0.31120000000000003,0.058800000000000185,1.0,12.899999999999636,0.0,0.17481406607278963,0.19667748980443892,6540,1,0.0,0.1839238311023247,0.1853547230588426,6540,1,0.0,,,
2018-12-02 14:40:00+00:00,-7.023712013371878,95.28135681152344,978.6260375976562,36.12386703491211,14.27534,1.097264,6.427984,0.0,6.627356,0.0,1,1,1.0,1.0,1.0,1.0,0.3066,-0.02760000000000029,1.0,12.899999999999636,0.0,0.16583731302400914,0.19328679861779252,6540,1,0.0,0.20306558748570885,0.22358861345575357,6540,1,0.0,,,0.044939159292035395
2018-12-02 14:50:00+00:00,-6.962119236647534,94.97796630859376,978.452880859375,60.114356994628906,13.30677,0.9065748,4.836119,0.0,4.635783,0.0,1,1,1.0,1.0,1.0,1.0,0.28969999999999996,-0.10140000000000016,1.0,12.899999999999636,0.0,0.05181725106588224,0.057079929903300894,6540,1,0.0,0.05320538404511243,0.049553479582778455,6540,1,0.0,,,
2018-12-02 15:00:00+00:00,-6.91107747714524,94.9415283203125,978.5582885742188,62.71599578857422,13.24797,0.9151755,4.806112,0.0,3.74977,0.0,1,1,1.0,1.0,1.0,1.0,0.2774,-0.07379999999999987,1.0,12.899999999999636,0.0,0.033739099269959986,0.05510021266184163,6540,1,0.0,0.014612384889183976,,6540,0,,,,
2018-12-02 15:10:00+00:00,-6.831818421872435,94.9415283203125,978.4031372070312,68.76106262207031,13.84728,1.067061,4.584089,0.0,4.258499,0.0,1,1,1.0,1.0,1.0,1.0,0.2873,0.05940000000000012,1.0,12.899999999999636,0.0,0.03546058468702363,0.04323192082507399,6540,1,0.0,0.027529717422113187,0.03347809734704607,6540,1,0.0,,,
2018-12-02 15:20:00+00:00,-6.801801829740919,94.8737335205078,978.31982421875,72.2276382446289,13.10286,0.8629512,4.507564,0.0,4.725575,0.0,1,1,1.0,1.0,1.0,1.0,0.29755,0.06149999999999989,1.0,12.899999999999636,0.0,0.0417813408084032,0.040127251083706086,6540,1,0.0,0.05966286635980374,0.05477766301071407,6540,1,0.0,,,
2018-12-02 15:30:00+00:00,-6.72509759324715,94.98050689697266,978.2715454101562,67.54015350341797,13.86778,0.9840091,5.002371,0.0,5.161722,0.0,1,1,1.0,1.0,1.0,1.0,0.295,-0.01529999999999998,1.0,12.899999999999636,0.0,0.05821933653296494,0.06782616313946244,6540,1,0.0,0.08257283280535442,0.08464053995072887,6540,1,0.0,,,
2018-12-02 15:40:00+00:00,-6.711923992852481,95.08474731445312,978.2969360351562,60.99383544921875,14.81331,1.144594,5.977109,0.0,6.264303,0.0,1,1,1.0,1.0,1.0,1.0,0.2771,-0.10739999999999983,1.0,12.899999999999636,0.0,0.13117319990948934,0.1451277359489711,6540,1,0.0,0.18164747284679877,0.18428315955720942,6540,1,0.0,,,
2018-12-02 15:50:00+00:00,-6.683158513480136,94.98135375976562,977.8019409179688,72.61947631835938,15.19425,1.276356,6.346195,0.0,6.5775,0.0,1,1,1.0,1.0,1.0,1.0,0.2728,-0.025800000000000156,1.0,12.899999999999636,0.0,0.1639898681640625,0.18623077941834712,6540,1,0.0,0.2084111357898247,0.21993994995189822,6540,1,0.0,,,
2018-12-02 16:00:00+00:00,-6.703798334075454,94.98474884033205,977.478271484375,68.33015441894531,15.78335,1.358055,6.769072,0.0,6.649615,0.0,1,1,1.0,1.0,1.0,1.0,0.333,0.3612000000000002,1.0,12.899999999999636,0.0,0.2210569502667683,0.2332108545327122,6540,1,0.0,0.23084831423875762,0.22573080774292398,6540,1,0.0,,,
2018-12-02 16:10:00+00:00,-6.73441469166064,95.00423431396484,977.4347534179688,70.65890502929688,16.05378,1.524765,7.780674,0.0,7.014706,0.0,2,2,1.0,1.0,1.0,1.0,0.23199999999999998,-0.6060000000000002,1.0,12.899999999999636,0.0,0.3091881133288872,0.42279304653120664,6540,1,1.0,0.29103408441310974,0.3151685608411422,6540,1,0.0,,,0.04954830383480826
"2018-12-02 16:20:00+00:00,-6.677087026096705,94.8537826538086,977.1160888671876,88.19819641113281,12.07947,1.363826,7.08007,0.0,6.667918,0.0,3,2,1.0,1.0,1.0,1.0,0.33039999999999997,0.5903999999999999,1.0,12.899999999999636,0.0,0.23984212735804117,0.3118932420724898,""6540, 6680"",1,1.0,0.22433459770388722,0.2634746412363613,6540,1,0.0,,0.0,0.05346607669616519"
"2018-12-02 16:30:00+00:00,-6.647245407697877,94.90508270263672,976.9405517578124,84.33079528808594,7.85196,1.294344,6.815593,0.0,6.309757,0.0,3,2,1.0,1.0,1.0,1.0,0.3343,0.023400000000000087,1.0,12.899999999999636,0.0,0.22252937130811737,0.2740415052844815,""6540, 6680"",1,1.0,0.17362898663776677,0.21383150469335566,6540,1,1.0,,0.0,0.055540191740412984"
"2018-12-02 16:40:00+00:00,-6.5904517660117445,94.92881774902344,976.6239624023438,88.96115112304688,6.767936,1.207481,5.942563,0.0,6.902378,0.0,3,2,1.0,1.0,1.0,1.0,0.35535,0.12630000000000008,1.0,12.899999999999636,0.0,0.12618312928734757,0.16399271542135288,""6540, 6680"",1,1.0,0.23094077505716462,0.2975277722896531,6540,1,0.0,,0.0,0.08918694690265486"
"2018-12-02 16:50:00+00:00,-6.563512891039613,94.96101379394533,976.3807983398438,77.80121612548828,6.21663,1.098671,6.62674,0.0,6.507116,0.0,3,2,1.0,1.0,1.0,1.0,0.1971,-0.9495,1.0,12.899999999999636,0.0,0.17653004716082318,0.24545191665828578,""6540, 6680"",1,1.0,0.1857401182593369,0.2378420163636314,6540,1,0.0,,0.0,0.13066924778761063"
"2018-12-02 17:00:00+00:00,-6.533967615436612,94.7677993774414,976.163818359375,93.2055892944336,6.508199,1.139894,6.76636,0.0,6.080816,0.0,3,2,1.0,1.0,1.0,1.0,0.229,0.19140000000000007,1.0,12.899999999999636,0.0,0.19967877643864332,0.2657545078140062,""6540, 6680"",1,1.0,0.155580429449314,0.18747305211978887,6540,1,0.0,,0.0,0.16316371681415928"
2018-12-02 17:10:00+00:00,-6.4620200348089565,94.8677978515625,976.0424194335938,86.59215545654297,5.865096,1.071099,6.787858,0.0,6.583629,0.0,2,2,1.0,1.0,1.0,1.0,0.24299999999999997,0.08399999999999974,1.0,12.899999999999636,0.0,0.19779136099466463,0.26818473075210897,6540,1,1.0,0.1969729093225991,0.24895274381786964,6540,1,0.0,,0.0,0.19381452802359883
2018-12-02 17:20:00+00:00,-6.450260383999835,94.8415298461914,975.9573364257812,90.8521957397461,6.146098,1.145393,7.230108,0.0,6.45758,0.0,2,2,1.0,1.0,1.0,1.0,0.1728,-0.42119999999999974,1.0,12.899999999999636,0.0,0.25996084818025916,0.3310237095676595,6540,1,1.0,0.20249050233422256,0.23010490626106878,6540,1,0.0,,0.0,0.1246773598820059
2018-12-02 17:30:00+00:00,-6.40845885583771,94.9093246459961,975.837890625,85.62178802490234,6.20659,1.208692,7.568323,0.0,7.198761,0.0,2,2,1.0,1.0,1.0,1.0,0.1356,-0.22320000000000007,1.0,12.899999999999636,0.0,0.29850374547446645,0.3837581808606207,6540,1,1.0,0.28754635694550307,0.3398897861654562,6540,1,0.0,,0.0,0.13896570796460178
2018-12-02 17:40:00+00:00,-6.328059942780277,95.04576110839844,975.4672241210938,80.80523681640625,6.645208,1.202258,7.651894,0.0,7.273457,0.0,2,2,1.0,1.0,1.0,1.0,0.11599999999999999,-0.11760000000000004,1.0,12.899999999999636,0.0,0.3068846763052591,0.39754608183869045,6540,1,1.0,0.2790298387480945,0.3507030590611717,6540,1,0.0,,0.0,0.12513827433628316
2018-12-02 17:50:00+00:00,-6.231658518748221,95.15677642822266,975.3755493164062,78.41006469726562,7.059533,1.352528,7.78284,0.0,6.536813,0.0,2,2,1.0,1.0,1.0,1.0,0.1474,0.18840000000000007,1.0,12.899999999999636,0.0,0.3217876155201982,0.41939677044039053,6540,1,1.0,0.21783518721417683,0.2414012471825944,6540,1,0.0,,0.0,0.11868547197640118
2018-12-02 18:00:00+00:00,-6.140658018025765,95.36356353759766,975.4054565429688,57.7370491027832,7.165042,1.353888,8.002599,0.0,7.813174,0.0,2,2,1.0,1.0,1.0,1.0,0.15195,0.02729999999999999,1.0,12.899999999999636,0.0,0.378764052972561,0.4580768603561329,6540,1,0.0,0.3701112030773628,0.44424065512925176,6540,1,0.0,,0.0,0.08688237463126844
2018-12-02 18:10:00+00:00,-6.1089361905571735,95.83728790283205,975.3065795898438,19.56485748291016,11.00675,1.734763,7.994026,0.0,7.412499,0.0,2,2,1.0,1.0,1.0,1.0,0.11040000000000001,-0.24929999999999994,1.0,12.899999999999636,0.0,0.38258687833460364,0.4570426805628274,6540,1,0.0,0.3442075552591463,0.37345822921590777,6540,1,0.0,,0.0,0.08480825958702065
2018-12-02 18:20:00+00:00,-6.073844348768808,95.86016845703124,975.2076416015624,22.14139938354492,14.23792,1.638789,6.697036,0.0,6.855302,0.0,1,1,1.0,1.0,1.0,1.0,0.11465,0.02549999999999994,1.0,12.899999999999636,0.0,0.20396304246855945,0.2303747217666467,6540,1,0.0,0.2197861238805259,0.2627400670398372,6540,1,0.0,,0.0,0.11338495575221239
2018-12-02 18:30:00+00:00,-6.030738103177959,95.8058853149414,975.3372802734376,33.71171951293945,15.73116,1.667201,6.870079,0.0,7.497956,0.0,1,1,1.0,1.0,1.0,1.0,0.10794999999999999,-0.04020000000000007,1.0,12.899999999999636,0.0,0.22565026260003812,0.24930506905353816,6540,1,0.0,0.3132958984375,0.349738845971703,6540,1,0.0,,0.0,0.10001843657817108
"2018-12-02 18:40:00+00:00,-5.98265572599849,95.89830780029295,975.2719116210938,29.17622184753418,15.87148,1.467215,6.541021,0.0,6.336853,0.0,1,1,1.0,1.0,1.0,1.0,0.15130000000000002,0.26010000000000016,1.0,12.899999999999636,0.0,0.1800613328887195,0.2036536611603497,""6540, 6680"",1,0.0,0.1694683837890625,0.1907798029458202,6540,1,0.0,,0.0,0.09679203539823009"
"2018-12-02 18:50:00+00:00,-5.957832718360381,96.12287902832033,975.1461791992188,16.786441802978516,16.06443,1.482587,6.695015,0.0,5.788703,0.0,1,1,1.0,1.0,1.0,1.0,0.1651,0.08279999999999987,1.0,12.899999999999636,0.0,0.17199784441692073,0.22153990287451567,""6540, 6680"",1,0.0,0.12567829411204268,0.13206599491858242,6540,1,0.0,,0.0,0.1113108407079646"
"2018-12-02 19:00:00+00:00,-5.953547379022782,96.21949005126952,974.9814453125,12.71033763885498,14.59836,1.110596,5.947076,0.0,6.394808,0.0,1,1,1.0,1.0,1.0,1.0,0.1512,-0.08339999999999997,1.0,12.899999999999636,0.0,0.11755416497951601,0.14073166344225999,""6540, 6680"",1,0.0,0.16827749857088414,0.19698085226302778,6540,1,0.0,,0.0,0.1198377581120944"
"2018-12-02 19:10:00+00:00,-5.958424392543174,96.264404296875,974.914306640625,17.31328773498535,14.98045,1.163097,5.729568,0.0,6.078075,0.0,1,1,1.0,1.0,1.0,1.0,0.1535,0.013799999999999979,1.0,12.899999999999636,0.0,0.12124914401915016,0.11763514933485315,""6540, 6680"",1,0.0,0.17484105552115092,0.1629753941702721,6540,1,0.0,,0.0,0.13435656342182892"
"2018-12-02 19:20:00+00:00,-5.932898455747729,96.32373046875,974.7929077148438,15.03472137451172,16.0097,1.440177,5.542258,0.0,6.309643,0.0,1,1,1.0,1.0,1.0,1.0,0.1702,0.10019999999999996,1.0,12.899999999999636,0.0,0.0729619765863186,0.10226389854462953,""6540, 6680"",1,0.0,0.19429897401391005,0.18775798458540469,6540,1,0.0,,0.0,0.1262905604719764"
"2018-12-02 19:30:00+00:00,-5.9458667401439245,96.43051147460938,974.6205444335938,10.761585235595703,15.10367,1.201702,5.273431,0.0,6.144399,0.0,1,1,1.0,1.0,1.0,1.0,0.15814999999999999,-0.07230000000000003,1.0,12.899999999999636,0.0,0.0544388598930545,0.08475092645074842,""6540, 6680"",1,0.0,0.17314131573932925,0.17001219296988268,6540,1,0.0,,0.0,0.09563974926253688"
"2018-12-02 19:40:00+00:00,-5.939962135222307,96.46101379394533,974.783935546875,10.462023735046388,14.9701,1.205287,6.004288,0.0,7.36151,0.0,1,1,1.0,1.0,1.0,1.0,0.1376,-0.12329999999999991,1.0,12.899999999999636,0.0,0.1071638153820503,0.14667464793417243,""6540, 6680"",1,0.0,,,6540,0,,,0.0,0.05623156342182891"
"2018-12-02 19:50:00+00:00,-5.909722021732846,96.45508575439452,974.76611328125,10.043591499328612,15.8676,1.445515,5.694939,0.0,5.955207,0.0,1,1,1.0,1.0,1.0,0.0,0.10089999999999999,-0.22020000000000006,1.0,12.899999999999636,0.0,0.09714368866711125,0.11389206966868175,""6540, 6680"",1,0.0,0.14025214962842988,0.14972930272443158,6540,1,0.0,,0.0,0.035720870206489674"
2018-12-02 20:00:00+00:00,-5.899188198461408,96.54322052001952,974.6080932617188,7.029571533203125,16.10373,1.368192,6.399921,0.0,6.708067,0.0,1,1,1.0,1.0,1.0,1.0,0.14115,0.24150000000000005,1.0,12.899999999999636,0.0,0.16421222965891769,0.18849886450764217,6540,1,0.0,0.21287611054211128,0.23222643758331585,6540,1,0.0,,0.0,0.012444690265486726
2018-12-02 20:10:00+00:00,-5.938187112673927,96.64575958251952,974.4442138671876,4.594345569610596,15.9461,1.345297,6.548438,0.0,7.625324,0.0,1,1,1.0,1.0,1.0,1.0,0.19849999999999998,0.3440999999999999,1.0,12.899999999999636,0.0,0.18196189322122713,0.20417389874809053,6540,1,0.0,0.37303317930640245,0.3632902616974756,6540,1,0.0,,0.0,0.00046091445427728613
2018-12-02 20:20:00+00:00,-5.9068597346605305,96.70084381103516,974.4468383789062,1.468942642211914,16.4209,1.318142,8.307542,0.0,7.461331,0.0,1,1,1.0,1.0,1.0,1.0,0.1908,-0.04619999999999991,1.0,12.900006360414343,0.0,0.42580250809832315,0.4590580791010961,6540,1,0.0,0.3042942549542683,0.33984018564508867,6540,1,0.0,,0.0,0.0
2018-12-02 20:30:00+00:00,-5.911807546801085,96.75041961669922,974.057373046875,0.6902562975883484,17.49128,1.583988,7.884698,0.0,8.014933,0.0,1,1,1.0,1.0,1.0,1.0,0.2102,0.1164,1.0,12.903816975031594,0.0,0.3779992080316311,0.39008347309428676,6540,1,0.0,0.347577529535061,0.4286245346948887,6540,1,0.0,,0.0,0.0
"2018-12-02 20:40:00+00:00,-5.900096443617217,96.74915313720705,973.81787109375,0.2841230928897857,17.12777,1.458677,7.351905,0.0,7.228911,0.0,1,1,1.0,1.0,1.0,1.0,0.20190000000000002,-0.049799999999999844,1.0,12.904240299430764,0.0,0.2695618568978659,0.3111961382727403,""6540, 6680"",1,0.0,0.27424512909679877,0.30638350822940197,6540,1,0.0,,0.0,0.0006913716814159292"
"2018-12-02 20:50:00+00:00,-5.878559503363544,96.724365234375,974.08642578125,0.0622124783694744,17.19114,1.685513,7.681579,0.0,7.906766,0.0,1,1,1.0,1.0,1.0,1.0,0.21139999999999998,0.05699999999999972,1.0,12.904771472659402,0.0,0.2850239972370427,0.35698179897074916,""6540, 6680"",1,0.0,0.40202469988567074,0.4100387966133779,6540,1,0.0,,0.0,0.014057890855457228"
"2018-12-02 21:00:00+00:00,-5.887695559591188,96.7159652709961,973.8175659179688,0.0032580101396888,15.907,1.336093,7.77254,0.0,9.153393,0.0,1,1,1.0,1.0,1.0,1.0,0.18695,-0.14669999999999983,1.0,12.905185342947052,0.0,0.3357546624904726,0.3716426584603211,""6540, 6680"",1,0.0,0.6041591439596037,0.6347458744582742,6540,1,0.0,,0.0,0.011292404129793512"
"2018-12-02 21:10:00+00:00,-5.88352248663699,96.68486785888672,973.7232055664062,-0.0034907250665128,17.32472,1.665172,8.785878,0.0,8.364664,0.0,1,1,1.0,1.0,1.0,1.0,0.2068,0.11910000000000004,1.0,12.745302110410453,0.0,0.5010022865853658,0.540690786906982,""6540, 6680"",1,0.0,0.49032735685022866,0.4882252346321015,6540,1,0.0,,0.0,0.010601032448377581"
"2018-12-02 21:20:00+00:00,-5.877241637619648,96.6798324584961,973.2501220703124,-0.0036458685062825,17.67615,1.670212,8.257154,0.0,8.032598,0.0,1,1,1.0,1.0,1.0,1.0,0.24235,0.2133,1.0,12.667888708510755,0.0,0.38624746927400916,0.45030833927400477,""6540, 6680"",1,0.0,0.40823239210175305,0.4312740843164988,6540,1,0.0,,0.0,0.011061946902654867"
2018-12-02 21:30:00+00:00,-5.903844724850433,96.68655395507812,973.1737670898438,-0.004809443373233,17.39908,1.714865,7.415695,0.0,7.616987,0.0,1,1,1.0,1.0,1.0,1.0,0.25830000000000003,0.09570000000000012,1.0,12.629188452365298,0.0,0.2668551114710366,0.31969550989767115,6540,1,0.0,0.368108535394436,0.3615678704788196,6540,1,0.0,,0.0,0.02857669616519174
2018-12-02 21:40:00+00:00,-5.8786100738065175,96.688232421875,972.704345703125,-0.004809443373233,18.45937,1.911396,8.206094,0.0,8.493817,0.0,1,1,1.0,1.0,1.0,1.0,0.248,-0.06180000000000019,1.0,12.574999070582493,0.0,0.3579526426733994,0.4416980416281399,6540,1,0.0,0.5368660084794208,0.5098994867090846,6540,1,0.0,,0.0,0.02627212389380531
2018-12-02 21:50:00+00:00,-5.857769994257024,96.6941146850586,972.326416015625,-0.0035682967863976,18.5799,1.794102,7.848441,0.0,8.978765,0.0,1,1,1.0,1.0,1.0,1.0,0.2503,0.013800000000000145,1.0,12.49369281533628,0.0,0.32943115234375,0.38336936684167444,6540,1,0.0,0.5681595965129573,0.5998814141312663,6540,1,0.0,,0.0,0.0006913716814159292
2018-12-02 22:00:00+00:00,-5.808720710207895,96.7563018798828,972.4692993164062,-0.0047318716533482,18.69427,1.971079,8.963315,0.0,9.771563,0.0,1,1,1.0,1.0,1.0,1.0,0.2835,0.1991999999999997,1.0,12.358557386437193,0.0,0.5471112804878049,0.5746364497281448,6540,1,0.0,0.7512538705221037,0.7534661723114922,6540,1,0.0,,0.0,0.0
2018-12-02 22:10:00+00:00,-5.754351415557927,96.82857513427734,972.265380859375,-0.0041112983599305,19.1939,2.042283,8.5328,0.0,9.149947,0.0,1,1,1.0,1.0,1.0,1.0,0.3082,0.1482,1.0,12.358557386437193,0.0,0.45297559784679886,0.49437184064095274,6540,1,0.0,0.6354750023818597,0.6328782250271181,6540,1,0.0,,0.0,0.0
2018-12-02 22:20:00+00:00,-5.6778757574664,96.86638641357422,972.0535278320312,-0.0041888700798153,20.10555,2.292388,8.680369,0.0,8.28545,0.0,1,1,1.0,1.0,1.0,1.0,0.3431,0.20940000000000025,1.0,12.358557386437193,0.0,0.48569758717606715,0.5187799489734772,6540,1,0.0,0.5039101205221037,0.473625541355125,6540,1,0.0,,0.0,0.0
2018-12-02 22:30:00+00:00,-5.636900550342466,96.89075469970705,971.7291259765624,-0.0053524454124271,20.29012,2.24571,8.401575,0.0,7.331378,0.0,1,1,1.0,1.0,1.0,1.0,0.22685,-0.6975000000000001,1.0,12.359119950935112,0.0,0.4455512218940548,0.4727019923013032,6540,1,0.0,0.3254753596608232,0.31999219366932447,6540,1,0.0,,0.0,0.0
2018-12-02 22:40:00+00:00,-5.611733663692135,96.9084014892578,971.6982421875,-0.0056627318263053,18.02743,1.726558,6.421816,0.0,6.133959,0.0,1,1,1.0,1.0,1.0,1.0,0.29714999999999997,0.42179999999999984,1.0,12.696660483028609,0.0,0.16988785906535822,0.18987913445713575,6540,1,0.0,0.15384841546779726,0.16792641115058488,6540,1,0.0,,0.0,0.0
2018-12-02 22:50:00+00:00,-5.545090922532429,96.97058868408205,971.337158203125,-0.0033355818595737,17.91299,1.628685,6.591378,0.0,6.16456,0.0,1,1,1.0,1.0,1.0,1.0,0.3618,0.38790000000000024,1.0,12.69629823167233,0.0,0.19579713402724847,0.20768305824641395,6540,1,0.0,0.15035084794207318,0.17108076764979094,6540,1,0.0,,0.0,0.0
2018-12-02 23:00:00+00:00,-5.532325931316988,96.9722671508789,970.943359375,-0.0041112983599305,17.12053,1.498892,5.528378,0.0,6.53971,0.0,1,1,1.0,1.0,1.0,1.0,0.32744999999999996,-0.20610000000000028,1.0,12.479308492362634,0.0,0.11530060558784296,0.10068780352971181,6540,1,0.0,0.18190102181783538,0.21109943751857196,6540,1,0.0,,0.0,0.0
2018-12-02 23:10:00+00:00,-5.376271612753063,97.13697052001952,971.1021728515624,-0.0054300166666507,17.51983,1.750717,6.788445,0.0,6.592373,0.0,1,1,1.0,1.0,1.0,1.0,0.2464,-0.48629999999999973,1.0,12.479308492362634,0.0,0.23477479516006097,0.23239389740739222,6540,1,0.0,0.23506474192549542,0.21669096150793532,6540,1,0.0,,0.0,0.0
2018-12-02 23:20:00+00:00,-5.237045114793092,97.25798034667967,970.88720703125,-0.00294772349298,17.79478,1.672388,8.991827,0.0,8.072883,0.0,1,1,1.0,1.0,1.0,1.0,0.3104,0.384,1.0,12.47904284136803,0.0,0.5124590915586891,0.5782924222693957,6540,1,0.0,0.40547315644054877,0.43611997461967494,6540,1,0.0,,0.0,0.0
2018-12-02 23:30:00+00:00,-5.030055234657118,97.39244079589844,970.679443359375,-0.0033355818595737,20.62475,2.066108,9.607621,0.0,10.01325,0.0,1,1,1.0,1.0,1.0,1.0,0.219,-0.5484,1.0,12.320142435648266,0.0,0.659228515625,0.6981299837624423,6540,1,0.0,0.7592733541349085,0.7934551159168178,6540,1,0.0,,0.0,0.00046091445427728613
2018-12-02 23:40:00+00:00,-4.767386285398153,97.49916076660156,970.38232421875,-0.0034907250665128,20.49448,1.915878,11.80092,0.0,9.832454,0.0,1,1,1.0,1.0,1.0,1.0,0.1578,-0.3672,1.0,12.455211938045021,0.0,0.7119922470464939,0.970636129556048,6540,1,0.0,0.719517792492378,0.7611084093960577,6540,1,0.0,,0.0,0.0016132005899705012
2018-12-02 23:50:00+00:00,-4.654083207915401,97.57310485839844,970.5467529296876,-0.0033355818595737,19.55388,1.689412,9.017453,0.0,9.708849,0.0,1,1,1.0,1.0,1.0,1.0,0.14379999999999998,-0.08400000000000007,1.0,12.487358566091038,0.0,0.43532649342606705,0.5819246369083828,6540,1,0.0,0.7112718535632622,0.738437064999242,6540,1,0.0,,0.0,0.00046091445427728613
2018-12-03 00:00:00+00:00,-4.57668817917061,97.66470336914062,970.6138916015624,-0.0054300166666507,19.69102,1.663732,8.918496,0.0,10.20427,0.0,1,1,1.0,1.0,1.0,1.0,0.12755,-0.09749999999999992,1.0,12.486942647867162,0.0,0.41872341249047257,0.5624256408765217,6540,1,0.0,0.7603455483041158,0.8259791890701327,6540,1,0.0,,0.0,0.0009218289085545723
2018-12-03 00:10:00+00:00,-4.429737551750825,97.71680450439452,970.5144653320312,-0.0034131535794585,21.29612,1.910458,9.247664,0.0,10.59806,0.0,1,1,1.0,1.0,1.0,0.0,0.0948,-0.1965,1.0,12.237492326183899,0.0,0.4712555675971799,0.626363952975163,6540,1,0.0,0.8322776533917683,0.8946517515700382,6540,1,0.0,,0.0,0.0027654867256637168
2018-12-03 00:20:00+00:00,-4.294947093048515,97.70924377441406,970.4405517578124,-0.0052748736925423,22.0292,1.965834,8.825779,0.0,9.884558,0.0,1,1,1.0,1.0,1.0,0.0,0.07055,-0.14549999999999996,1.0,12.049434555268089,0.0,0.4075376631573933,0.5436151632143407,6540,1,0.0,0.761290848894817,0.7692086645931331,6540,1,0.0,,0.0,0.0
2018-12-03 00:30:00+00:00,-4.107913321118852,97.5857162475586,970.2658081054688,-0.0032580101396888,22.35513,1.889612,9.559441,0.0,9.692731,0.0,1,1,1.0,1.0,1.0,0.0,0.06225000000000001,-0.04979999999999997,1.0,12.049434555268089,0.0,0.4812020352991616,0.6865995116805831,6540,1,0.0,0.7045471489138719,0.7340527502711334,6540,1,0.0,,0.0,0.0
2018-12-03 00:40:00+00:00,-3.99353107038304,97.53361511230467,970.07568359375,-0.0041888700798153,21.0773,1.67671,8.529838,0.0,7.756842,0.0,1,1,1.0,1.0,1.0,0.0,0.09090000000000001,0.1719,1.0,12.049037416460013,0.0,0.39209368449885673,0.49034222066618477,6540,1,0.0,0.3974618604706555,0.37993572152498134,6540,1,0.0,,0.0,0.0
2018-12-03 00:50:00+00:00,-3.984818794467517,97.80252075195312,969.5274658203124,-0.0044991569593548,19.76937,1.507447,7.193528,0.0,8.581496,0.0,1,1,1.0,1.0,1.0,0.0,0.0852,-0.034200000000000064,1.0,11.81115237290851,0.0,0.2707261397198933,0.28594819861162873,6540,1,0.0,0.5247810475419208,0.5203395100160246,6540,1,0.0,,0.0,0.0
2018-12-03 01:00:00+00:00,-3.954256041551884,97.8899154663086,969.0643920898438,-0.0042664417997002,20.09755,1.615612,9.103426,0.0,9.681726,0.0,1,1,1.0,1.0,1.0,0.0,0.06570000000000001,-0.11699999999999994,1.0,11.810643380862258,0.0,0.5817269674161586,0.5961323748637694,6540,1,0.0,0.7296925614519817,0.7304236438539887,6540,1,0.0,,0.0,0.0
2018-12-03 01:10:00+00:00,-3.857823263845185,98.0218505859375,968.54150390625,-0.0060505904257297,19.29938,1.483512,10.17371,0.0,10.58616,0.0,1,1,1.0,1.0,1.0,0.0,0.061,-0.02820000000000006,1.0,11.505249571230706,0.0,0.7250534727515244,0.7946515259542591,6540,1,0.0,0.8821690405868903,0.8900011686931342,6540,1,0.0,,0.0,0.0
2018-12-03 01:20:00+00:00,-3.849341589149623,98.23697662353516,968.2294311523438,-0.0037234402261674,18.39526,1.40316,10.45062,0.0,10.34202,0.0,1,1,1.0,1.0,1.0,0.0,0.06495,0.02369999999999997,1.0,11.505061735307969,0.0,0.7794611637766768,0.8414410357901537,6540,1,0.0,,,6540,0,,,0.0,0.0
2018-12-03 01:30:00+00:00,-3.7409165365961217,98.59243774414062,967.8285522460938,-0.0063608768396079,20.82572,1.539903,11.34354,0.0,11.41704,0.0,1,1,1.0,1.0,1.0,0.0,0.0938,0.1731,1.0,11.392548539033669,0.0,0.9077880263910061,0.9368128144942217,6540,1,0.0,0.979371308117378,0.9587200580945509,6540,1,0.0,,0.0,0.0
2018-12-03 01:40:00+00:00,-3.5341977140344865,98.7537841796875,967.4188842773438,-0.0085328835994005,22.74575,1.684527,12.12877,0.0,12.16567,0.0,1,1,1.0,1.0,1.0,1.0,0.15765,0.3831000000000001,1.0,11.392951044582396,0.0,0.865917373285061,0.9767832793900078,6540,1,0.0,0.990265458269817,0.9813910526320656,6540,1,0.0,,0.0,0.0
2018-12-03 01:50:00+00:00,-3.316439363771675,98.90251922607422,967.2185668945312,-0.0055851601064205,22.80308,1.74885,12.00788,0.0,12.27968,0.0,1,1,1.0,1.0,1.0,1.0,0.2244,0.40049999999999986,1.0,11.63403465082427,0.0,0.8254099776105183,0.974519821704313,6540,1,0.0,0.9952303853849085,0.9825852578050835,6540,1,0.0,,0.0,0.0
2018-12-03 02:00:00+00:00,-3.141508110254497,99.01008605957033,966.629638671875,-0.0047318716533482,23.25353,1.792158,12.60708,0.0,12.97791,0.0,1,1,1.0,1.0,1.0,1.0,0.27549999999999997,0.3065999999999999,1.0,11.624390662410587,0.0,0.8424128239329268,0.9853697340235947,6540,1,0.0,0.9977293135480182,0.9896119870403515,6540,1,0.0,,0.0,0.0
2018-12-03 02:10:00+00:00,-3.0875636073255084,99.0605010986328,966.5859375,-0.0033355818595737,23.52278,1.842316,13.58415,0.0,13.52813,0.0,1,1,1.0,1.0,1.0,1.0,0.3195,0.26400000000000023,1.0,11.624390662410587,0.0,0.8565378477515244,0.99386829878524,6540,1,0.0,,,6540,0,,,0.0,0.0
2018-12-03 02:20:00+00:00,-3.0406473845610145,99.08907318115234,966.5191650390624,-0.0050421585328876,23.97509,1.852755,13.27457,0.0,13.55473,0.0,1,1,1.0,1.0,1.0,1.0,0.3595,0.23999999999999988,1.0,11.624390662410587,0.0,0.9478226229039635,0.9922848704909011,6540,1,0.0,0.9982268245045731,0.9937087564021173,6540,1,0.0,,0.0,0.0
2018-12-03 02:30:00+00:00,-3.0576289393116096,99.06554412841795,965.939697265625,-0.00442158523947,24.08479,1.829083,12.96628,0.0,13.43835,0.0,1,1,1.0,1.0,1.0,1.0,0.3832,0.1422,1.0,11.624447013187408,0.0,1.0009294016768293,0.9907003104712652,6540,1,0.0,0.9955571169969513,0.9928628432948603,6540,1,0.0,,0.0,0.0
2018-12-03 02:40:00+00:00,-3.059771103275979,99.06470489501952,965.710205078125,-0.0048870150931179,24.31873,1.843905,13.73717,0.0,12.53015,0.0,1,1,1.0,1.0,1.0,1.0,0.4441,0.36540000000000006,1.0,11.658402222823097,0.0,1.0015186737804878,0.9946321428498447,6540,1,0.0,1.0002354468368901,0.9852105860376659,6540,1,0.0,,0.0,0.0
2018-12-03 02:50:00+00:00,-3.022459219041065,99.09075164794922,965.7985229492188,-0.0039561549201607,23.59453,1.803827,13.63229,0.0,12.61263,0.0,1,1,1.0,1.0,1.0,1.0,0.48385,0.23850000000000005,1.0,11.7789520779952,0.0,1.002996141387195,0.9940939260075534,6540,1,0.0,0.995534072503811,0.9860949530006173,6540,1,0.0,,0.0,0.0
2018-12-03 03:00:00+00:00,-3.031060239982045,99.079833984375,965.6868286132812,-0.0037234402261674,22.50589,1.708103,12.55593,0.0,12.84622,0.0,1,1,1.0,1.0,1.0,1.0,0.5035499999999999,0.11819999999999964,1.0,11.7789520779952,0.0,0.9922212628620427,0.9843435356783921,6540,1,0.0,0.9859695360137195,0.9886128250689953,6540,1,0.0,,0.0,0.0
2018-12-03 03:10:00+00:00,-3.0706498169684977,99.05882263183594,965.6005859375,-0.0055075883865356,22.01215,1.7157,12.31701,0.0,12.91505,0.0,1,1,1.0,1.0,1.0,1.0,0.52095,0.10440000000000049,1.0,11.7789520779952,0.0,0.9832471298589938,0.9799920957071245,6540,1,0.0,0.9924513505144817,0.989123363694723,6540,1,0.0,,0.0,0.0
2018-12-03 03:20:00+00:00,-3.0602302828981807,99.06554412841795,965.1773071289062,-0.0058178752660751,22.2181,1.771558,12.54234,0.0,12.39653,0.0,1,1,1.0,1.0,1.0,1.0,0.5620999999999999,0.24689999999999945,1.0,12.358557386437496,0.0,0.9762600038109757,0.9840523943969515,6540,1,0.0,0.9792032083650913,0.983732397440307,6540,1,0.0,,0.0,0.0
2018-12-03 03:30:00+00:00,-3.066034758342711,99.05882263183594,964.5860595703124,-0.0042664417997002,20.69329,1.538886,12.35745,0.0,11.04209,0.0,1,1,1.0,1.0,1.0,1.0,0.5859,0.14280000000000026,1.0,12.35936239753495,0.0,0.9841089462652439,0.9806455191069978,6540,1,0.0,0.8997220965129573,0.9400676247081639,6540,1,0.0,,0.0,0.0
2018-12-03 03:40:00+00:00,-3.0436310406964675,99.07479095458984,964.1104736328124,-0.0040337266400456,21.19383,1.675252,10.99787,0.0,11.83788,0.0,1,1,1.0,1.0,1.0,1.0,0.6191,0.19920000000000004,1.0,12.841561810138955,0.0,0.8726347537157012,0.9112531998931978,6540,1,0.0,0.9890555330602133,0.9776466464279479,6540,1,0.0,,0.0,0.0
2018-12-03 03:50:00+00:00,-3.0368738181063115,99.08739471435548,963.5352783203124,-0.0039561549201607,20.53069,1.583362,11.14893,0.0,11.15407,0.0,1,1,1.0,1.0,1.0,1.0,0.6725000000000001,0.3204000000000007,1.0,12.841561810138955,0.0,0.9098851348132622,0.9216228686694304,6540,1,0.0,0.9324986899771341,0.9451652237336463,6540,1,0.0,,0.0,0.0
2018-12-03 04:00:00+00:00,-2.996519616022095,99.1361312866211,963.29052734375,-0.0040337266400456,20.40464,1.50197,11.17357,0.0,10.87125,0.0,1,1,1.0,1.0,1.0,1.0,0.7247,0.3131999999999995,1.0,12.841561810138955,0.0,0.9181668611852134,0.9232297422027308,6540,1,0.0,0.9192625166730183,0.9317066073628879,6540,1,0.0,,0.0,0.0
2018-12-03 04:10:00+00:00,-2.9305312563944703,99.1764678955078,962.8263549804688,-0.0046543003991246,21.11445,1.578032,11.83589,0.0,11.37601,0.0,1,1,1.0,1.0,1.0,1.0,0.7779,0.31920000000000015,1.0,12.84204481194463,0.0,0.964744843273628,0.9692138757600264,6540,1,0.0,0.9315415396341463,0.9554737042652732,6540,1,0.0,,0.0,0.0
2018-12-03 04:20:00+00:00,-2.877020647866196,99.22772979736328,962.5335693359376,-0.00442158523947,20.72667,1.626422,11.45123,0.0,11.64235,0.0,1,1,1.0,1.0,1.0,1.0,0.87645,0.5912999999999995,0.0,,0.0,0.9351887623856707,0.9423105134322831,6540,1,0.0,0.9360972632431401,0.9680076303230427,6540,1,0.0,,0.0,0.0
2018-12-03 04:30:00+00:00,-2.7838344925984133,99.30504608154295,962.6233520507812,-0.0030252952128648,21.56828,1.646245,11.79648,0.0,11.34533,0.0,1,1,1.0,1.0,1.0,1.0,0.68105,-1.1723999999999994,0.0,,0.0,0.97146240234375,0.9662714382751626,6540,1,0.0,0.9289307831554878,0.9538942212276212,6540,1,0.0,,0.0,0.0
2018-12-03 04:40:00+00:00,-2.695629525963548,99.38067626953124,962.6773681640624,-0.0042664417997002,21.0069,1.584254,11.39508,0.0,10.99695,0.0,1,1,1.0,1.0,1.0,0.0,0.0023,-4.072500000000001,1.0,13.710969772802855,0.0,0.9438303282202744,0.9382465312070568,6540,1,0.0,0.9172489519817073,0.9373775546540203,6540,1,0.0,,0.0,0.0
2018-12-03 04:50:00+00:00,-2.6430362652708177,99.43025207519533,962.5492553710938,-0.0046543003991246,19.79392,1.44498,11.11584,0.0,10.69988,0.0,1,1,1.0,1.0,1.0,0.0,0.0323,0.18000000000000002,1.0,13.710969772802855,0.0,0.8986668730945122,0.9186972328939677,6540,1,0.0,0.8902074004382621,0.903694170440071,6540,1,0.0,,0.0,0.0
2018-12-03 05:00:00+00:00,-2.5744991553173144,99.49075317382812,962.3526611328124,-0.0078347390517592,21.01177,1.658638,11.31404,0.0,10.97017,0.0,1,1,1.0,1.0,1.0,0.0,0.0914,0.35459999999999997,1.0,13.706951414610229,0.0,0.9386259646532013,0.932355331004568,6540,1,0.0,0.8985918445121951,0.9359494256107219,6540,1,0.0,,0.0,0.0
2018-12-03 05:10:00+00:00,-2.508688803648958,99.54285430908205,961.778564453125,-0.0125943236052989,19.90668,1.380482,10.77406,0.0,10.85706,0.0,1,1,1.0,1.0,1.0,1.0,0.12689999999999999,0.21299999999999994,1.0,11.295947654292831,0.0,0.8904622594321645,0.8899362069596033,6540,1,0.0,0.943131133288872,0.9303897343419331,6540,1,0.0,,0.0,0.0
2018-12-03 05:20:00+00:00,-2.4569896283880035,99.5875015258789,961.16845703125,-0.007590000052005,19.51664,1.160843,11.36972,0.0,11.22927,0.0,1,1,1.0,1.0,1.0,1.0,0.1669,0.24000000000000005,1.0,11.295947654292831,0.0,0.9401101610137195,0.9358365631052507,6540,1,0.0,0.9447623499428354,0.9479341512815892,6540,1,0.0,,0.0,0.0
2018-12-03 05:30:00+00:00,-2.3874390867573063,99.64582824707033,960.9520263671876,-0.003066666657105,19.85354,1.15064,11.39481,0.0,10.82112,0.0,1,1,1.0,1.0,1.0,1.0,0.2338,0.4014000000000001,1.0,11.295947654292831,0.0,0.9144194216844512,0.9374253931099501,6540,1,0.0,0.919417754382622,0.9231778628400163,6540,1,0.0,,0.0,0.00046091445427728613
2018-12-03 05:40:00+00:00,-2.308928474040514,99.69833374023438,960.5066528320312,-0.0052133332937955,20.07944,1.178236,12.37114,0.0,11.51622,0.0,1,1,1.0,1.0,1.0,1.0,0.32115,0.5240999999999999,1.0,11.295947654292831,0.0,0.9943020555449695,0.9803830496945012,6540,1,0.0,0.9505785537347561,0.9612764980499058,6540,1,0.0,,0.0,0.003687315634218289
2018-12-03 05:50:00+00:00,-2.280583740753711,99.74250030517578,959.4304809570312,-0.0046000001020729,21.97963,1.080253,13.74735,0.0,12.47725,0.0,1,1,1.0,1.0,1.0,1.0,0.45105000000000006,0.7794000000000004,1.0,11.295947654292831,0.0,1.0009107040777439,0.9944660840608345,6540,1,0.0,0.9901232016958842,0.98422076910981,6540,1,0.0,,0.0,0.009679203539823008
2018-12-03 06:00:00+00:00,-2.23593813087874,99.76583099365234,958.7492065429688,-0.0046000001020729,23.05186,1.215149,14.38343,0.0,13.76064,0.0,1,1,1.0,1.0,1.0,1.0,0.50595,0.3293999999999997,1.0,11.295947654292831,0.0,1.0001379096798781,0.9962352250452577,6540,1,0.0,0.9972441882621951,0.9948276606886461,6540,1,0.0,,0.0,0.0027654867256637168
2018-12-03 06:10:00+00:00,-2.1934589587807656,99.80166625976562,958.3011474609376,-0.0062866667285561,22.46177,1.320272,14.60874,0.0,12.4421,0.0,1,1,1.0,1.0,1.0,1.0,0.53795,0.19200000000000017,1.0,11.295947654292831,0.0,1.0010982755335365,0.9966605274700147,6540,1,0.0,0.9772878358422256,0.9837869411846987,6540,1,0.0,,0.0,0.0
2018-12-03 06:20:00+00:00,-2.168165646023,99.84249877929688,958.197509765625,-0.0062099997885525,22.56303,1.657481,13.08882,0.0,12.75895,0.0,1,1,1.0,1.0,1.0,1.0,0.54505,0.04259999999999997,1.0,11.295947654292831,0.0,0.9797757479039634,0.9910813540610303,6540,1,0.0,0.9575161370998475,0.9871796562721076,6540,1,0.0,,0.0,0.0
2018-12-03 06:30:00+00:00,-2.117687241255433,99.86000061035156,958.5231323242188,-0.0047533335164189,22.3779,1.811873,11.41654,0.0,11.96197,0.0,1,1,1.0,1.0,1.0,1.0,0.6168,0.4304999999999999,1.0,11.295947654292831,0.0,0.9332245021913109,0.9380425907819346,6540,1,0.0,0.9364899723704269,0.9786040835346408,6540,1,0.0,,0.0,0.0
2018-12-03 06:40:00+00:00,-2.045009423431237,99.90750122070312,958.342529296875,-0.0040633333846926,20.07824,1.495297,11.45611,0.0,10.89623,0.0,1,1,1.0,1.0,1.0,1.0,0.7322,0.6923999999999997,1.0,11.295947654292831,0.0,0.9396553448932927,0.9407205916871526,6540,1,0.0,0.9471349204458841,0.9314659802303307,6540,1,0.0,,0.0,0.0
2018-12-03 06:50:00+00:00,-2.0084894723332933,99.9625015258789,958.0044555664062,-0.0059799998998641,22.46401,1.756475,11.95536,0.0,11.54208,0.0,1,1,1.0,1.0,1.0,1.0,0.882,0.8988000000000003,1.0,11.295947654292831,0.0,0.9519035823170732,0.9725827429842046,6540,1,0.0,0.9608547303734756,0.9618522271758329,6540,1,0.0,,0.0,0.0
2018-12-03 07:00:00+00:00,-2.007739006959562,99.98500061035156,957.4603881835938,-0.0053666667081415,21.84784,1.686742,12.77727,0.0,11.70305,0.0,1,1,1.0,1.0,1.0,1.0,0.0716,-4.8624,1.0,11.291929296032954,0.0,0.9944560427782012,0.987445845128035,6540,1,0.0,0.9567533465129573,0.9693735848225338,6540,1,0.0,,0.0,0.0
2018-12-03 07:10:00+00:00,-1.9838019934823536,,957.4444580078124,-0.0044466666877269,21.80037,1.797257,11.05483,0.0,11.50919,0.0,1,1,1.0,1.0,1.0,1.0,0.1121,0.24300000000000005,1.0,8.880925535782808,0.0,0.851025390625,0.9125301169041398,6540,1,0.0,0.9381212485708842,0.9601823580256734,6540,1,0.0,,0.0,0.0
2018-12-03 07:20:00+00:00,-1.929084774184725,,956.9048461914062,-0.0049833334051072,22.2299,1.687878,11.47068,0.0,11.09264,0.0,1,1,1.0,1.0,1.0,1.0,0.16505,0.3177,1.0,8.880925535782808,0.0,0.9077849895198171,0.9412407442701226,6540,1,0.0,0.8689975347751524,0.9404113330960304,6540,1,0.0,,0.0,0.003687315634218289
2018-12-03 07:30:00+00:00,-1.8607135352841755,,956.3809814453124,-0.011883333325386,22.1189,1.890755,11.79992,0.0,12.02942,0.0,1,1,1.0,1.0,1.0,1.0,0.26034999999999997,0.5717999999999999,1.0,8.881529288038214,1.0,0.9671278344131098,0.9639249312874039,6540,1,0.0,0.9585570098132622,0.9792082523230079,6540,1,0.0,,0.0,0.005070058997050148
2018-12-03 07:40:00+00:00,-1.848955907292772,,956.01904296875,-0.0107333334162831,21.65202,1.902342,12.76149,0.0,12.37755,0.0,1,1,1.0,1.0,1.0,1.0,0.389,0.7719000000000003,0.0,,0.0,0.9846532607660061,0.9870101815098662,6540,1,0.0,0.9966163895769817,0.9829358052024354,6540,1,0.0,,0.0,0.00046091445427728613
2018-12-03 07:50:00+00:00,-1.772493397516418,,955.7137451171876,-0.0066700000315904,23.97069,2.092559,13.08064,0.0,12.33229,0.0,1,1,1.0,1.0,1.0,1.0,0.4892,0.6012000000000001,0.0,,0.0,0.992853408441311,0.9909584563390731,6540,1,0.0,0.9784341058498476,0.9824278052351473,6540,1,0.0,,0.0,0.0
2018-12-03 08:00:00+00:00,-1.7310681134500174,,955.278076171875,-0.0047533335164189,24.38532,2.104024,13.32702,0.0,14.15129,0.0,1,1,1.0,1.0,1.0,1.0,0.67615,1.1217000000000001,0.0,,0.0,1.0015016434832318,0.9921929226790013,6540,1,0.0,1.0006051114710366,0.9963467708906993,6540,1,0.0,,0.0,0.0
2018-12-03 08:10:00+00:00,-1.7003890485155444,,954.7322387695312,-0.0049066664651036,22.82174,1.938928,13.1202,0.0,13.56647,0.0,1,1,1.0,1.0,1.0,1.0,0.89875,1.3356000000000001,0.0,,0.0,1.0014186356707317,0.9911291328920857,6540,1,0.0,1.0017898485137195,0.993260978084356,6540,1,0.0,,0.0,0.0
2018-12-03 08:20:00+00:00,-1.692727626405017,,954.6528930664062,-0.0044466666877269,23.29544,1.957926,12.05584,0.0,12.44716,0.0,1,1,1.0,1.0,1.0,1.0,0.30105,-3.5862000000000007,0.0,,0.0,0.9938537895388719,0.9740797273796203,6540,1,0.0,0.9965077767721037,0.983589937298324,6540,1,0.0,,0.0,0.0
2018-12-03 08:30:00+00:00,-1.654049328800952,,954.4005126953124,-0.0062866667285561,22.02897,1.736661,11.2072,0.0,12.14378,0.0,1,1,1.0,1.0,1.0,0.0,0.033350000000000005,-1.6061999999999999,0.0,,0.0,0.9105179354039634,0.9220216516298427,6540,1,0.0,0.9941431259527439,0.9803136554233257,6540,1,0.0,,0.0,0.0
2018-12-03 08:40:00+00:00,-1.6373863678410916,,954.3233642578124,-0.00827999971807,22.31666,1.694515,11.27846,0.0,11.08217,0.0,1,1,1.0,1.0,1.0,0.0,0.0701,0.22049999999999995,0.0,,0.0,0.9415279034870425,0.9268581463768043,6540,1,0.0,0.9552119855182927,0.9392309181890948,6540,1,0.0,,0.0,0.0
2018-12-03 08:50:00+00:00,-1.6365438642611485,,953.9898681640624,-0.0144899999722838,19.95093,1.649539,10.92072,0.0,10.79031,0.0,1,1,1.0,1.0,1.0,0.0,0.084,0.08340000000000006,1.0,11.7789520779952,1.0,0.8476530344893293,0.9020307077290672,6540,1,0.0,0.9184322003620426,0.9118648416194868,6540,1,0.0,,0.0,0.0
2018-12-03 09:00:00+00:00,-1.6203188433374414,,953.9448852539062,-0.0085866665467619,18.63751,1.476892,9.366853,0.0,10.04759,0.0,1,1,1.0,1.0,1.0,0.0,0.0701,-0.08340000000000006,1.0,11.7789520779952,0.0,0.630416229992378,0.633650088508258,6540,1,0.0,0.7653275057164635,0.7827224155294057,6540,1,0.0,,0.0,0.0
2018-12-03 09:10:00+00:00,-1.6153963164183736,,953.7825927734376,-0.0055966665968298,18.84834,1.474659,9.314911,0.0,9.183709,0.0,1,1,1.0,1.0,1.0,0.0,0.05455,-0.09329999999999997,1.0,11.7789520779952,0.0,0.6403180973704268,0.6233574771684846,6540,1,0.0,0.6475150652629573,0.6200173321434378,6540,1,0.0,,0.0,0.002304572271386431
2018-12-03 09:20:00+00:00,-1.5195400417615754,,953.4835815429688,-0.004139999859035,18.15828,1.395035,8.9259,0.0,8.006533,0.0,1,1,1.0,1.0,1.0,0.0,0.0382,-0.09810000000000002,1.0,11.7789520779952,0.0,0.5568264100609757,0.54775024667011,6540,1,0.0,0.45271948837652437,0.41094124134929017,6540,1,0.0,,0.0,0.0013827433628318584
2018-12-03 09:30:00+00:00,-1.5138093991637869,,953.4802856445312,-0.003986666444689,15.1155,1.026929,5.845046,0.0,6.832497,0.0,1,1,1.0,1.0,1.0,0.0,0.02975,-0.050699999999999995,1.0,11.7789520779952,0.0,0.0964475752667683,0.12381397266725135,6540,1,0.0,,,6540,0,,,0.0,0.013827433628318586
2018-12-03 09:40:00+00:00,-1.4948869508118583,,953.1599731445312,-0.0088166669011116,16.4271,1.248286,4.611176,0.0,4.378886,0.0,1,1,1.0,1.0,1.0,0.0,0.015099999999999999,-0.0879,1.0,11.7789520779952,0.0,0.03949099657012195,0.04229044707462123,6540,1,0.0,0.03627682197384718,0.03656299189151498,6540,1,0.0,,0.0,0.0347990412979351
2018-12-03 09:50:00+00:00,-1.4387962382830617,,952.8147583007812,-0.0135700004175305,17.72372,1.296177,7.474267,0.0,6.476226,0.0,1,1,1.0,1.0,1.0,0.0,0.0016,-0.08099999999999999,1.0,11.7789520779952,0.0,0.27677975538300303,0.3193211205188137,6540,1,0.0,0.1851898193359375,0.19942572870809805,6540,1,0.0,,0.0,0.05185287610619469
2018-12-03 10:00:00+00:00,-1.4530742971522783,,952.6748046875,-0.0071299998089671,15.73095,1.082568,7.710801,0.0,7.319786,0.0,1,1,1.0,1.0,1.0,0.0,0.0,-0.009600000000000001,1.0,11.7789520779952,0.0,0.3298612566692073,0.35158681972340383,6540,1,0.0,0.286751708984375,0.31055953727152197,6540,1,0.0,,0.0,0.07489859882005899
2018-12-03 10:10:00+00:00,-1.4552569174710266,,952.7198486328124,-0.0057500000111758,16.29383,1.200472,7.48949,0.0,7.052752,0.0,1,1,1.0,1.0,1.0,0.0,0.0,0.0,1.0,11.7789520779952,0.0,0.30502974347370426,0.31739029607393604,6540,1,0.0,0.27488296136623475,0.2687535524889482,6540,1,0.0,,0.0,0.0659107669616519
2018-12-03 10:20:00+00:00,-1.4445612687820724,,952.631591796875,-0.0055966665968298,16.05175,1.197075,6.938046,0.0,7.531228,0.0,1,1,1.0,1.0,1.0,0.0,0.0,0.0,1.0,11.7789520779952,0.0,0.2390339325695503,0.24265593889788115,6540,1,0.0,0.3760407536204268,0.33641506677803257,6540,1,0.0,,0.0,0.054157448377581116
2018-12-03 10:30:00+00:00,-1.451767556905836,,952.655029296875,-0.0070533333346247,15.1913,1.129735,6.252927,0.0,6.916559,0.0,1,1,1.0,1.0,1.0,0.0,0.0,0.0,1.0,11.7789520779952,0.0,0.1573022758669969,0.16658975009971347,6540,1,0.0,0.26310862471417684,0.252561127340857,6540,1,0.0,,0.0,0.04447824483775811
2018-12-03 10:40:00+00:00,-1.525482068810995,,952.5228881835938,-0.0114233335480093,14.6039,1.179292,5.173006,0.0,5.321826,0.0,1,1,1.0,1.0,1.0,0.0,0.00135,0.0081,1.0,11.7789520779952,0.0,0.05504908119759908,0.07488860990230728,6540,1,0.0,0.08549707924447408,0.0912182769475671,6540,1,0.0,,0.0,0.03687315634218289
2018-12-03 10:50:00+00:00,-1.5438310483396007,,952.2070922851562,-0.0071299998089671,14.37783,1.13448,5.151855,0.0,4.720614,0.0,1,1,1.0,1.0,1.0,0.0,0.03575,0.2064,1.0,11.7789520779952,0.0,0.07180643221227134,0.07259564512732658,6540,1,0.0,0.05963100898556593,0.05012709240121098,6540,1,0.0,,0.0,0.03756452802359882
2018-12-03 11:00:00+00:00,-1.5860320830012191,,952.302490234375,-0.0052133332937955,13.69147,1.00971,5.61985,0.0,5.034548,0.0,1,1,1.0,1.0,1.0,0.0,0.0925,0.3405,1.0,11.7789520779952,0.0,0.08545524038919589,0.10270615560643026,6540,1,0.0,0.0647150030368712,0.07085576153130184,6540,1,0.0,,0.0,0.04862647492625369
"2018-12-03 11:10:00+00:00,-1.628149170727501,,952.1748046875,-0.0026066666468977,13.49564,1.016225,5.23669,0.0,5.478714,0.0,1,1,1.0,1.0,1.0,1.0,0.1234,0.18539999999999998,1.0,11.777535258454183,0.0,0.05061617595393483,0.07808333471640204,""6540, 6680"",1,0.0,0.08408398139767531,0.10084204611305499,6540,1,0.0,,0.0,0.046782817109144545"
"2018-12-03 11:20:00+00:00,-1.7553247321268202,,951.9097290039062,0.0085866665467619,12.99869,0.8937933,4.434021,0.0,4.13377,0.0,1,1,1.0,1.0,1.0,1.0,0.1547,0.18780000000000005,0.0,,0.0,0.015306897047089367,0.034499675696730826,""6540, 6680"",1,0.0,0.026177148586366234,0.025549268458953563,6540,1,0.0,,0.0,0.05530973451327433"
"2018-12-03 11:30:00+00:00,-1.907963522972296,,951.638916015625,0.0877066627144813,12.55128,0.8187551,3.943354,0.0,3.904138,0.0,1,1,1.0,1.0,1.0,1.0,0.1792,0.14699999999999996,0.0,,0.0,0.011804258765243903,0.014983561385429894,""6540, 6680"",1,0.0,0.01576388847537157,,6540,1,0.0,,0.0,0.05669247787610619"
"2018-12-03 11:40:00+00:00,-1.9455707385941767,,951.6660766601562,0.5711816549301147,13.09802,0.8919405,3.651257,0.0,3.938758,0.0,1,1,1.0,1.0,1.0,1.0,0.2,0.12480000000000008,0.0,,0.0,0.008648006160084794,,""6540, 6680"",1,0.0,0.019406890869140624,0.01738577405966504,6540,1,0.0,,0.0,0.06061025073746314"
2018-12-03 11:50:00+00:00,-1.949684138425664,,951.54638671875,2.006119966506958,14.4035,1.174469,4.927427,0.0,5.302732,0.0,1,1,1.0,1.0,1.0,1.0,0.20600000000000002,0.03600000000000003,0.0,,0.0,0.05451600981921684,0.058201583810954645,6540,1,0.0,0.08419312267768674,0.08894573932583817,6540,1,0.0,,0.0,0.061762536873156346
2018-12-03 12:00:00+00:00,-2.0170773449591004,,951.2857055664062,5.687246799468994,14.65706,1.255138,5.263487,0.0,5.439614,0.0,1,1,1.0,1.0,1.0,1.0,0.1968,-0.05520000000000008,1.0,7.528513149418359,0.0,0.06720506621570121,0.07977859402019051,6540,1,0.0,0.09609397329935214,0.0981732229656886,6540,1,0.0,,0.0,0.07720317109144544
2018-12-03 12:10:00+00:00,-2.050698598265788,99.66500091552734,951.3118896484376,30.776132583618164,15.28707,1.363276,6.281326,0.0,6.35625,0.0,1,1,1.0,1.0,1.0,1.0,0.1634,-0.20040000000000008,1.0,7.528513149418359,0.0,0.14143783941501525,0.16756014521715135,6540,1,0.0,0.16705317799637956,0.18406830758606138,6540,1,0.0,,0.0,0.05346607669616519
2018-12-03 12:20:00+00:00,-2.096355617000234,99.3308334350586,951.294189453125,49.583282470703125,15.68005,1.363899,6.536511,0.0,6.284493,0.0,1,1,1.0,1.0,1.0,1.0,0.1254,-0.22799999999999987,1.0,7.528513149418359,0.0,0.1482700850323933,0.19426856767595999,6540,1,0.0,0.17629713104992378,0.1765037287167637,6540,1,0.0,,0.0,0.058075221238938046
2018-12-03 12:30:00+00:00,-2.1166404330858763,99.0553741455078,951.4010620117188,67.37906646728516,16.60966,1.59194,6.964648,0.0,6.748187,0.0,1,1,1.0,1.0,1.0,0.0,0.074,-0.3084000000000001,1.0,7.528513149418359,0.0,0.232518623165968,0.24636141643065937,6540,1,0.0,0.2569120974657012,0.22595923281317884,6540,1,0.0,,0.0,0.07881637168141593
2018-12-03 12:40:00+00:00,-2.1453239883406034,98.69666290283205,951.4098510742188,84.67646789550781,18.43413,1.886447,8.09953,0.0,8.056739,0.0,1,1,1.0,1.0,1.0,0.0,0.0209,-0.3186,1.0,7.528513149418359,0.0,0.4195688238376524,0.40883328394838386,6540,1,0.0,0.46044240067644815,0.41882176469995547,6540,1,0.0,,0.0,0.08849557522123894
2018-12-03 12:50:00+00:00,-2.1700529349547817,98.44750213623048,951.4185180664062,102.72949981689452,18.89236,1.885347,8.387889,0.0,8.583275,0.0,1,1,1.0,1.0,1.0,0.0,0.0,-0.12539999999999998,1.0,7.522239422431103,0.0,0.4652418183117378,0.45513554453924093,6540,1,0.0,0.5576820931783537,0.5078447769984673,6540,1,0.0,,0.0,0.07996865781710914
2018-12-03 13:00:00+00:00,-2.1346536248731365,98.20333099365234,951.3908081054688,120.87117004394533,18.93729,1.839179,8.468471,0.0,8.925203,0.0,1,0,1.0,1.0,1.0,0.0,0.0,0.0,1.0,3.7642565747091794,0.0,0.49261072670541156,0.47163197513583555,6540,1,0.0,0.6217107112233232,0.5736253163085946,,1,0.0,,0.0,0.0866519174041298
2018-12-03 13:10:00+00:00,-2.131358454808965,98.5883331298828,951.1441650390624,89.6170654296875,18.01928,1.970487,9.209146,0.0,9.666922,0.0,2,0,1.0,1.0,1.0,0.0,0.0,0.0,1.0,3.7642565747091794,0.0,0.6251631573932926,0.6661116217908605,6540,1,0.0,0.7486466868330792,0.7759150553707136,,1,0.0,,0.0,0.08503871681415928
2018-12-03 13:20:00+00:00,-2.0488861535896072,97.93333435058594,951.36474609375,134.21678161621094,13.86019,1.963869,10.29615,0.0,9.744495,0.0,2,0,1.0,1.0,1.0,0.0,0.0,0.0,1.0,3.7642565747091794,0.0,0.7724202672446646,0.8638868070143005,6540,1,1.0,0.7567110685022865,0.7898103428063741,,1,0.0,,0.0,0.11591998525073746
2018-12-03 13:30:00+00:00,-1.991346092165182,97.27083587646484,951.245361328125,181.85333251953125,12.67945,1.977439,10.59858,0.0,10.0362,0.0,0,0,1.0,1.0,1.0,0.0,0.0,0.0,1.0,3.7642565747091794,0.0,0.851129775628811,0.9055633927170893,,1,1.0,0.8000299518864329,0.8421890956635194,,1,0.0,,0.0,0.12398598820058997
2018-12-03 13:40:00+00:00,-1.91858331599679,96.63666534423828,951.3557739257812,216.63916015625,11.68849,1.917002,10.579,0.0,9.589431,0.0,0,0,1.0,1.0,1.0,0.0,0.0,0.0,1.0,3.7621664725422925,0.0,0.8252261575838414,0.9031958063345477,,1,0.0,0.71525390625,0.7596138298212002,,1,0.0,,0.0,0.08066002949852508
2018-12-03 13:50:00+00:00,-1.9569329057215252,96.88249969482422,951.3853759765624,195.55416870117188,10.06834,1.639752,9.760561,0.0,8.828726,0.0,0,0,1.0,1.0,1.0,0.0,0.0,0.0,0.0,,0.0,0.6958793230754573,0.7704285635927581,,1,0.0,0.5982793445121951,0.6120132610846493,,1,0.0,,0.0,0.06982853982300885
2018-12-03 14:00:00+00:00,-1.9050890989936664,96.66666412353516,951.183349609375,217.8906707763672,9.218217,1.428998,8.233208,0.0,8.225169,0.0,0,0,1.0,1.0,1.0,0.0,0.0,0.0,0.0,,0.0,0.4270509003429878,0.47792678476102135,,1,0.0,0.5024350943216463,0.49738054054726477,,1,0.0,,0.0,0.020971607669616518
2018-12-03 14:10:00+00:00,-1.6827227699670846,96.35166931152344,950.9778442382812,221.2519989013672,9.738626,1.329265,8.108654,0.0,7.82858,0.0,0,0,1.0,1.0,1.0,0.0,0.0,0.0,0.0,0.0,0.0,0.3920925233422256,0.4568848443426393,,1,0.0,0.40541890958460364,0.42757503431511595,,1,0.0,,0.0,0.007374631268436578
2018-12-03 14:20:00+00:00,-1.5791120235846874,96.27249908447266,951.1547241210938,228.1725006103516,11.81068,1.304291,7.456031,0.0,7.614241,0.0,0,0,1.0,1.0,1.0,0.0,0.0,0.0,0.0,0.0,0.0,0.30002908846227133,0.3491748933050126,,1,0.0,0.37157539181592986,0.3900218948685703,,1,0.0,,0.0,0.006452802359882005
2018-12-03 14:30:00+00:00,-1.487630092245121,96.22000122070312,951.053955078125,234.0611724853516,12.64447,1.21417,7.057474,0.0,7.363081,0.0,0,0,1.0,1.0,1.0,0.0,0.0,0.0,0.0,0.0,0.0,0.23710803520388724,0.29300064067403025,,1,1.0,0.3181969619378811,0.3497203061094217,,1,0.0,,0.0,0.013827433628318583
2018-12-03 14:40:00+00:00,-1.3778335692781711,96.13583374023438,951.1160888671876,241.593994140625,11.76192,1.213521,6.897123,0.0,7.629808,0.0,0,0,1.0,1.0,1.0,0.0,0.0,0.0,0.0,0.0,0.0,0.21480343702362806,0.2704170277990443,,1,1.0,0.34060561761623476,0.39249495207160284,,1,0.0,,0.0,0.0149797197640118
2018-12-03 14:50:00+00:00,-1.2834772139599753,95.99166870117188,950.8374633789062,251.45849609375,10.45553,1.382327,7.327631,0.0,7.285573,0.0,0,0,1.0,1.0,1.0,0.0,0.0,0.0,0.0,0.0,0.0,0.2792331007050305,0.33075518220803546,,1,0.0,0.3162387159394055,0.3381603391729853,,1,0.0,,0.0,0.044939159292035395
2018-12-03 15:00:00+00:00,-1.2578127141507824,95.86666870117188,950.9962158203124,264.7813415527344,9.878057,1.38404,8.314561,0.0,7.60246,7.127957,0,0,1.0,1.0,1.0,0.0,0.0,0.0,0.0,0.0,0.0,0.41458001857850607,0.49070398898416606,,1,0.0,0.37563920183879573,0.3875298817600529,,1,0.0,,0.0,0.10393620943952801
